episode_id,match_id,danger_v26,danger_v27,regain_v26,regain_v27,danger_trigger,danger_trigger_time,old_regain_time,new_regain_time,change_reason
3895333_p16_70655160,3895333,0,1,1,0,final_third_entry,12.322,1.1469999999999914,,evaluated_pressing_team_as_opponent
3895333_p69_53c0d167,3895333,0,1,1,0,final_third_entry,14.671,1.038000000000011,,evaluated_pressing_team_as_opponent
3895333_p77_f2d06c10,3895333,0,1,1,0,shot,4.613,0.0,,evaluated_pressing_team_as_opponent
3895333_p81_08690ef0,3895333,0,1,1,0,final_third_entry,5.189,0.0,,evaluated_pressing_team_as_opponent
3895333_p94_2e2b8b85,3895333,0,1,1,0,final_third_entry,2.897,0.0,,evaluated_pressing_team_as_opponent
3895333_p111_520cb621,3895333,0,1,1,0,final_third_entry,9.047,0.0,,evaluated_pressing_team_as_opponent
3895333_p112_fae5a748,3895333,0,1,1,0,final_third_entry,10.248,0.9320000000000164,,evaluated_pressing_team_as_opponent
3895333_p132_9a0d3eeb,3895333,0,1,1,0,final_third_entry,2.384,0.4819999999999709,,evaluated_pressing_team_as_opponent
3895333_p142_62b46e1a,3895333,0,1,1,0,final_third_entry,5.36,0.0,,evaluated_pressing_team_as_opponent
3895292_p65_ddd833b1,3895292,0,1,1,0,final_third_entry,7.342,0.5279999999997926,,evaluated_pressing_team_as_opponent
3895292_p76_e7d3c96c,3895292,0,1,1,0,final_third_entry,7.345,1.0740000000000691,,evaluated_pressing_team_as_opponent
3895292_p102_f2eb0182,3895292,0,1,1,0,final_third_entry,13.99,1.9850000000000136,,evaluated_pressing_team_as_opponent
3895292_p156_7f2d4588,3895292,0,1,1,0,final_third_entry,12.509,0.0,,evaluated_pressing_team_as_opponent
3895292_p160_3ca29d74,3895292,0,1,1,0,final_third_entry,14.375,0.0,,evaluated_pressing_team_as_opponent
3895220_p13_56d3a12f,3895220,0,1,1,0,final_third_entry,1.845,0.0,,evaluated_pressing_team_as_opponent
3895220_p32_5cdf82e7,3895220,0,1,1,0,final_third_entry,6.928,3.155999999999949,,evaluated_pressing_team_as_opponent
3895220_p41_c0753ce9,3895220,0,1,1,0,final_third_entry,1.513,1.0190000000000055,,evaluated_pressing_team_as_opponent
3895220_p58_3a0e13a9,3895220,0,1,1,0,final_third_entry,6.051,0.0,,evaluated_pressing_team_as_opponent
3895220_p106_3327c3fe,3895220,0,1,1,0,final_third_entry,9.13,1.43100000000004,,evaluated_pressing_team_as_opponent
3895220_p120_a2a514bd,3895220,0,1,1,0,final_third_entry,14.41,1.6549999999999727,,evaluated_pressing_team_as_opponent
3895220_p123_08af1158,3895220,0,1,1,0,final_third_entry,12.077,3.464999999999918,,evaluated_pressing_team_as_opponent
3895220_p135_fcb322ad,3895220,0,1,1,0,final_third_entry,11.29,1.6579999999999018,,evaluated_pressing_team_as_opponent
3895220_p157_aeb46d9e,3895220,0,1,1,0,final_third_entry,11.086,1.9210000000002765,,evaluated_pressing_team_as_opponent
3895220_p158_3c8f957d,3895220,0,1,1,0,final_third_entry,9.267,0.9200000000000728,,evaluated_pressing_team_as_opponent
3895220_p170_d9b45ec0,3895220,0,1,1,0,final_third_entry,5.957,0.0,,evaluated_pressing_team_as_opponent
3895220_p171_1d160eb0,3895220,0,1,1,0,final_third_entry,14.341,0.0,,evaluated_pressing_team_as_opponent
3895320_p7_d53cedea,3895320,0,1,1,0,final_third_entry,7.216,1.1899999999999977,,evaluated_pressing_team_as_opponent
3895320_p26_a37b38df,3895320,0,1,1,0,final_third_entry,8.111,0.7019999999999982,,evaluated_pressing_team_as_opponent
3895320_p110_5316b91e,3895320,0,1,1,0,final_third_entry,11.94,0.0,,evaluated_pressing_team_as_opponent
3895320_p123_cce3df94,3895320,0,1,1,0,final_third_entry,8.417,1.231999999999971,,evaluated_pressing_team_as_opponent
3895320_p125_f25abeeb,3895320,0,1,1,0,shot,11.586,1.9519999999999982,,evaluated_pressing_team_as_opponent
3895320_p127_94163196,3895320,0,1,1,0,final_third_entry,9.316,1.5550000000000637,,evaluated_pressing_team_as_opponent
3895320_p151_61d2537e,3895320,0,1,1,0,final_third_entry,5.196,1.9459999999999127,,evaluated_pressing_team_as_opponent
3895250_p5_b4d554d9,3895250,0,1,1,0,final_third_entry,5.965,1.5499999999999972,,evaluated_pressing_team_as_opponent
3895250_p10_34538325,3895250,0,1,1,0,final_third_entry,13.129,1.228999999999985,,evaluated_pressing_team_as_opponent
3895250_p72_b5cf62db,3895250,0,1,1,0,final_third_entry,8.61,0.8230000000003201,,evaluated_pressing_team_as_opponent
3895250_p95_05c5e150,3895250,0,1,1,0,final_third_entry,6.881,4.284999999999997,,evaluated_pressing_team_as_opponent
3895250_p139_5eba94f4,3895250,0,1,1,0,final_third_entry,6.179,1.63799999999992,,evaluated_pressing_team_as_opponent
3895250_p178_042982cb,3895250,0,1,1,0,shot,9.109,1.2219999999997526,,evaluated_pressing_team_as_opponent
3895107_p22_b36b7db0,3895107,0,1,1,0,final_third_entry,4.75,0.7250000000000227,,evaluated_pressing_team_as_opponent
3895107_p35_57135985,3895107,0,1,1,0,shot,10.681,0.0,,evaluated_pressing_team_as_opponent
3895107_p103_d92ca06c,3895107,0,1,1,0,final_third_entry,4.133,3.163000000000011,,evaluated_pressing_team_as_opponent
3895107_p144_ec5a3e11,3895107,0,1,1,0,final_third_entry,13.475,1.1409999999996217,,evaluated_pressing_team_as_opponent
3895302_p7_dfaa154d,3895302,0,1,1,0,final_third_entry,10.205,0.0,,evaluated_pressing_team_as_opponent
3895302_p40_1fb37f65,3895302,0,1,1,0,final_third_entry,7.693,0.6880000000001019,,evaluated_pressing_team_as_opponent
3895302_p68_635073cc,3895302,0,1,1,0,final_third_entry,7.886,0.9229999999997744,,evaluated_pressing_team_as_opponent
3895302_p87_b4b242a1,3895302,0,1,1,0,final_third_entry,8.317,1.2859999999999445,,evaluated_pressing_team_as_opponent
3895302_p121_15705340,3895302,0,1,1,0,final_third_entry,8.509,1.268000000000029,,evaluated_pressing_team_as_opponent
3895340_p11_77aaa350,3895340,0,1,1,0,final_third_entry,14.089,3.179000000000002,,evaluated_pressing_team_as_opponent
3895340_p47_d48e0855,3895340,0,1,1,0,final_third_entry,6.948,1.7539999999999054,,evaluated_pressing_team_as_opponent
3895340_p50_7dce1c2c,3895340,0,1,1,0,final_third_entry,14.255,0.0,,evaluated_pressing_team_as_opponent
3895340_p124_25761bbb,3895340,0,1,1,0,shot,11.636,0.0,,evaluated_pressing_team_as_opponent
3895340_p154_14b12e73,3895340,0,1,1,0,shot,13.165,0.0,,evaluated_pressing_team_as_opponent
3895348_p28_bd663c98,3895348,0,1,1,0,final_third_entry,7.621,3.5860000000000127,,evaluated_pressing_team_as_opponent
3895348_p84_e610d4ab,3895348,0,1,1,0,final_third_entry,10.969,2.2730000000000246,,evaluated_pressing_team_as_opponent
3895348_p92_d1018189,3895348,0,1,1,0,shot,3.747,0.0,,evaluated_pressing_team_as_opponent
3895348_p100_54bea7d8,3895348,0,1,1,0,final_third_entry,8.441,0.0,,evaluated_pressing_team_as_opponent
3895348_p110_14afc387,3895348,0,1,1,0,final_third_entry,5.713,1.477999999999838,,evaluated_pressing_team_as_opponent
3895348_p130_1b0cd3b3,3895348,0,1,1,0,final_third_entry,2.904,0.0,,evaluated_pressing_team_as_opponent
3895258_p7_d0437950,3895258,0,1,1,0,final_third_entry,9.43,0.0,,evaluated_pressing_team_as_opponent
3895258_p50_ae921dae,3895258,0,1,1,0,final_third_entry,13.998,3.0299999999999727,,evaluated_pressing_team_as_opponent
3895258_p57_8fe83ad0,3895258,0,1,1,0,final_third_entry,11.52,2.59900000000016,,evaluated_pressing_team_as_opponent
3895258_p93_61f41cf8,3895258,0,1,1,0,shot,14.448,1.5319999999999823,,evaluated_pressing_team_as_opponent
3895258_p105_489f3c14,3895258,0,1,1,0,final_third_entry,4.807,0.6200000000000045,,evaluated_pressing_team_as_opponent
3895258_p140_15d9d34f,3895258,0,1,1,0,final_third_entry,6.008,1.5,,evaluated_pressing_team_as_opponent
3895139_p81_25abefc0,3895139,0,1,1,0,shot,7.91,0.0,,evaluated_pressing_team_as_opponent
3895139_p97_53ec8bf0,3895139,0,1,1,0,final_third_entry,13.694,0.0,,evaluated_pressing_team_as_opponent
3895139_p121_af463587,3895139,0,1,1,0,final_third_entry,9.504,4.033999999999878,,evaluated_pressing_team_as_opponent
3895139_p123_6d7a9d07,3895139,0,1,1,0,final_third_entry,11.581,1.7070000000001073,,evaluated_pressing_team_as_opponent
3895139_p128_f9f39892,3895139,0,1,1,0,final_third_entry,10.821,0.0,,evaluated_pressing_team_as_opponent
3895139_p145_ea16412d,3895139,0,1,1,0,final_third_entry,3.292,1.0360000000000582,,evaluated_pressing_team_as_opponent
3895139_p147_840086d9,3895139,0,1,1,0,final_third_entry,14.838,3.3340000000002874,,evaluated_pressing_team_as_opponent
3895275_p26_a4002f23,3895275,0,1,1,0,final_third_entry,6.9,0.4919999999999618,,evaluated_pressing_team_as_opponent
3895275_p96_4369d7b9,3895275,0,1,1,0,final_third_entry,11.058,1.3309999999999036,,evaluated_pressing_team_as_opponent
3895275_p98_9793dc75,3895275,0,1,1,0,final_third_entry,5.969,0.9990000000000236,,evaluated_pressing_team_as_opponent
3895275_p133_120e43d1,3895275,0,1,1,0,final_third_entry,7.128,0.0,,evaluated_pressing_team_as_opponent
3895286_p8_e23fc9a6,3895286,0,1,1,0,final_third_entry,13.781,0.0,,evaluated_pressing_team_as_opponent
3895286_p9_979cb1fa,3895286,0,1,1,0,final_third_entry,9.144,0.9540000000000077,,evaluated_pressing_team_as_opponent
3895286_p40_f9b9309d,3895286,0,1,1,0,final_third_entry,5.706,1.615000000000009,,evaluated_pressing_team_as_opponent
3895286_p78_21166ff1,3895286,0,1,1,0,final_third_entry,6.676,0.0,,evaluated_pressing_team_as_opponent
3895286_p83_42b60d40,3895286,0,1,1,0,shot,12.954,0.0,,evaluated_pressing_team_as_opponent
3895286_p86_11795a5b,3895286,0,1,0,0,final_third_entry,13.355,5.862000000000023,,evaluated_pressing_team_as_opponent
3895286_p96_fa1f56b5,3895286,0,1,1,0,final_third_entry,10.606,0.0,,evaluated_pressing_team_as_opponent
3895286_p117_e03fc955,3895286,0,1,1,0,shot,14.238,0.0,,evaluated_pressing_team_as_opponent
3895286_p121_4de51581,3895286,0,1,1,0,shot,6.835,1.025000000000091,,evaluated_pressing_team_as_opponent
3895286_p122_6d75c49f,3895286,0,1,1,0,shot,13.6,1.9680000000000746,,evaluated_pressing_team_as_opponent
3895286_p125_47a67395,3895286,0,1,1,0,final_third_entry,3.404,0.8290000000001783,,evaluated_pressing_team_as_opponent
3895286_p140_8a87df3f,3895286,0,1,1,0,final_third_entry,8.322,1.1449999999999818,,evaluated_pressing_team_as_opponent
3895180_p30_96d47aeb,3895180,0,1,1,0,final_third_entry,7.085,0.9239999999999782,,evaluated_pressing_team_as_opponent
3895180_p44_95219256,3895180,0,1,0,0,final_third_entry,12.314,5.807000000000016,,evaluated_pressing_team_as_opponent
3895180_p68_d6ecb692,3895180,0,1,1,0,final_third_entry,14.374,3.6350000000002183,,evaluated_pressing_team_as_opponent
3895180_p133_690ebc22,3895180,0,1,1,0,final_third_entry,6.909,0.6159999999999854,,evaluated_pressing_team_as_opponent
3895180_p164_05b8527b,3895180,0,1,1,0,final_third_entry,2.263,0.7269999999998618,,evaluated_pressing_team_as_opponent
3895074_p10_52efe327,3895074,0,1,1,0,final_third_entry,10.357,1.2909999999999968,,evaluated_pressing_team_as_opponent
3895074_p27_c058ce17,3895074,0,1,1,0,final_third_entry,10.488,0.4519999999999982,,evaluated_pressing_team_as_opponent
3895074_p67_cdff5cb5,3895074,0,1,1,0,shot,6.196,0.0,,evaluated_pressing_team_as_opponent
3895074_p72_95cb47ee,3895074,0,1,1,0,final_third_entry,3.977,0.0,,evaluated_pressing_team_as_opponent
3895074_p86_861ad6bf,3895074,0,1,1,0,shot,14.517,0.6960000000003674,,evaluated_pressing_team_as_opponent
3895074_p132_74bd9657,3895074,0,1,1,0,final_third_entry,6.498,1.6710000000000491,,evaluated_pressing_team_as_opponent
3895074_p146_725a15a4,3895074,0,1,1,0,final_third_entry,5.058,0.0,,evaluated_pressing_team_as_opponent
3895074_p168_cb1fb68d,3895074,0,1,1,0,final_third_entry,11.818,1.8730000000000473,,evaluated_pressing_team_as_opponent
3895134_p8_9e3511f7,3895134,0,1,1,0,final_third_entry,7.147,0.0,,evaluated_pressing_team_as_opponent
3895134_p19_953250cd,3895134,0,1,1,0,final_third_entry,10.181,1.1759999999999877,,evaluated_pressing_team_as_opponent
3895134_p21_d6277188,3895134,0,1,1,0,shot,5.156,0.849999999999909,,evaluated_pressing_team_as_opponent
3895134_p49_f9f20744,3895134,0,1,1,0,final_third_entry,11.625,0.0,,evaluated_pressing_team_as_opponent
3895134_p146_6902cdd3,3895134,0,1,1,0,final_third_entry,4.636,2.6960000000003674,,evaluated_pressing_team_as_opponent
3895121_p51_9fc28524,3895121,0,1,1,0,final_third_entry,3.444,0.7649999999998727,,evaluated_pressing_team_as_opponent
3895121_p103_6c22a6e7,3895121,0,1,1,0,final_third_entry,7.199,0.0,,evaluated_pressing_team_as_opponent
3895121_p127_f12cdf7c,3895121,0,1,0,0,final_third_entry,14.873,6.7150000000001455,,horizon_or_timing_shift
3895202_p74_d536e676,3895202,0,1,1,0,final_third_entry,8.469,1.0140000000001237,,evaluated_pressing_team_as_opponent
3895202_p107_bdb1e38d,3895202,0,1,1,0,final_third_entry,14.132,3.175999999999931,,evaluated_pressing_team_as_opponent
3895232_p44_3c5c7ed9,3895232,0,1,1,0,final_third_entry,8.07,0.0,,evaluated_pressing_team_as_opponent
3895232_p139_b1996f45,3895232,0,1,1,0,final_third_entry,5.477,0.40300000000002,,evaluated_pressing_team_as_opponent
3895232_p152_2a0a3ea2,3895232,0,1,1,0,final_third_entry,5.108,2.780999999999949,,evaluated_pressing_team_as_opponent
3895232_p171_a17db05c,3895232,0,1,1,0,final_third_entry,9.069,0.0,,evaluated_pressing_team_as_opponent
3895232_p172_56108978,3895232,0,1,1,0,shot,9.667,0.0,,evaluated_pressing_team_as_opponent
3895153_p9_98b82217,3895153,0,1,1,0,final_third_entry,3.742,1.421999999999997,,evaluated_pressing_team_as_opponent
3895153_p17_2da0c89f,3895153,0,1,1,0,final_third_entry,6.912,0.0,,evaluated_pressing_team_as_opponent
3895153_p94_1c02bbd0,3895153,0,1,1,0,final_third_entry,13.558,0.9850000000000136,,evaluated_pressing_team_as_opponent
3895153_p108_b3d05704,3895153,0,1,1,0,final_third_entry,11.07,1.7419999999999618,,evaluated_pressing_team_as_opponent
3895153_p117_b35f511c,3895153,0,1,1,0,final_third_entry,9.936,1.9570000000001073,,evaluated_pressing_team_as_opponent
3895153_p126_41111c62,3895153,0,1,1,0,shot,9.259,2.5019999999999527,,evaluated_pressing_team_as_opponent
3895153_p133_0669cc20,3895153,0,1,1,0,shot,14.678,1.3949999999999818,,evaluated_pressing_team_as_opponent
3857276_p95_9dd85957,3857276,0,1,1,0,final_third_entry,13.773,0.0,,evaluated_pressing_team_as_opponent
3857276_p108_0c92e8cf,3857276,0,1,1,0,final_third_entry,3.765,0.24500000000000455,,evaluated_pressing_team_as_opponent
3857276_p109_2a28a794,3857276,0,1,1,0,shot,10.914,1.816000000000031,,evaluated_pressing_team_as_opponent
3895086_p81_afb306a2,3895086,0,1,1,0,shot,11.056,2.225000000000364,,evaluated_pressing_team_as_opponent
3895086_p107_640a636a,3895086,0,1,1,0,shot,4.278,0.0,,evaluated_pressing_team_as_opponent
3895086_p114_df8c7fe9,3895086,0,1,0,0,final_third_entry,10.528,5.1400000000001,,evaluated_pressing_team_as_opponent
3895113_p33_551e142b,3895113,0,1,1,0,final_third_entry,10.56,1.803000000000111,,evaluated_pressing_team_as_opponent
3895113_p93_d0965635,3895113,0,1,1,0,final_third_entry,9.248,0.0,,evaluated_pressing_team_as_opponent
3895113_p120_19235e41,3895113,0,1,1,0,final_third_entry,8.956,0.0,,evaluated_pressing_team_as_opponent
3895113_p145_cd516e82,3895113,0,1,1,0,final_third_entry,14.385,1.1580000000001291,,evaluated_pressing_team_as_opponent
3895113_p160_6be56b17,3895113,0,1,1,0,final_third_entry,9.622,0.0,,evaluated_pressing_team_as_opponent
3895113_p167_c6dc78c7,3895113,0,1,1,0,final_third_entry,8.199,0.0,,evaluated_pressing_team_as_opponent
3895113_p173_5e62c6c1,3895113,0,1,1,0,final_third_entry,7.301,1.7089999999998327,,evaluated_pressing_team_as_opponent
3895113_p174_a250590c,3895113,0,1,1,0,shot,7.739,1.550000000000182,,evaluated_pressing_team_as_opponent
3895210_p66_9bde37b1,3895210,0,1,1,0,final_third_entry,2.46,1.4200000000000728,,evaluated_pressing_team_as_opponent
3895210_p112_aa9bfedc,3895210,0,1,1,0,shot,12.239,1.1739999999999782,,evaluated_pressing_team_as_opponent
3895182_p69_279d594d,3895182,0,1,1,0,final_third_entry,3.632,0.0,,evaluated_pressing_team_as_opponent
3895182_p152_588d2413,3895182,0,1,1,0,final_third_entry,5.361,1.1330000000002656,,evaluated_pressing_team_as_opponent
3895067_p8_dd2559b7,3895067,0,1,1,0,final_third_entry,9.089,0.0,,evaluated_pressing_team_as_opponent
3895067_p99_bbec3edf,3895067,0,1,1,0,final_third_entry,10.114,1.5730000000000928,,evaluated_pressing_team_as_opponent
3895067_p126_70a51169,3895067,0,1,1,0,final_third_entry,5.941,0.0,,evaluated_pressing_team_as_opponent
3895244_p5_19ad218a,3895244,0,1,1,0,final_third_entry,11.685,0.0,,evaluated_pressing_team_as_opponent
3895244_p6_f27c46a5,3895244,0,1,1,0,final_third_entry,13.064,0.0,,evaluated_pressing_team_as_opponent
3895244_p93_996d48b0,3895244,0,1,1,0,final_third_entry,7.231,0.0,,evaluated_pressing_team_as_opponent
3895244_p115_ab61056f,3895244,0,1,1,0,final_third_entry,10.841,1.5159999999999627,,evaluated_pressing_team_as_opponent
3895244_p140_af0dc4aa,3895244,0,1,1,0,final_third_entry,3.276,0.2619999999999436,,evaluated_pressing_team_as_opponent
3895244_p169_ff238238,3895244,0,1,1,0,shot,14.892,0.0,,evaluated_pressing_team_as_opponent
3895095_p19_e54fb8bf,3895095,0,1,1,0,final_third_entry,14.93,0.94399999999996,,evaluated_pressing_team_as_opponent
3895095_p46_eaf87e95,3895095,0,1,1,0,final_third_entry,11.756,1.0579999999999927,,evaluated_pressing_team_as_opponent
3895095_p99_fda68dd5,3895095,0,1,1,0,final_third_entry,13.919,0.0,,evaluated_pressing_team_as_opponent
3895095_p104_baa4664f,3895095,0,1,1,0,final_third_entry,2.753,0.0,,evaluated_pressing_team_as_opponent
3895095_p142_1e7c84f5,3895095,0,1,1,0,final_third_entry,5.456,3.2280000000000655,,evaluated_pressing_team_as_opponent
3857296_p35_4065547c,3857296,0,1,1,0,final_third_entry,3.353,2.046000000000049,,evaluated_pressing_team_as_opponent
3857271_p87_610d376c,3857271,0,1,1,0,final_third_entry,14.606,0.9039999999999964,,evaluated_pressing_team_as_opponent
3895194_p71_3d5948dd,3895194,0,1,1,0,shot,6.29,0.0,,evaluated_pressing_team_as_opponent
3895194_p103_5bbc5ee0,3895194,0,1,1,0,final_third_entry,4.78,0.4939999999999145,,evaluated_pressing_team_as_opponent
3895194_p109_d1b41ea4,3895194,0,1,1,0,final_third_entry,11.735,0.9550000000000409,,evaluated_pressing_team_as_opponent
3895060_p79_4ce4266c,3895060,0,1,1,0,shot,8.514,1.69399999999996,,evaluated_pressing_team_as_opponent
3895060_p80_8955f5f0,3895060,0,1,1,0,shot,11.627,1.699999999999818,,evaluated_pressing_team_as_opponent
3895060_p82_43b5f115,3895060,0,1,1,0,final_third_entry,8.759,0.0,,evaluated_pressing_team_as_opponent
3895060_p85_f0b36d25,3895060,0,1,1,0,shot,7.241,1.8960000000001855,,evaluated_pressing_team_as_opponent
3895060_p92_37ed3750,3895060,0,1,1,0,shot,7.874,1.1459999999997308,,evaluated_pressing_team_as_opponent
3895060_p102_bdce3034,3895060,0,1,1,0,final_third_entry,12.059,3.503,,evaluated_pressing_team_as_opponent
3895060_p124_576ba989,3895060,0,1,1,0,final_third_entry,6.8,0.6570000000000391,,evaluated_pressing_team_as_opponent
3895060_p161_502ea05e,3895060,0,1,1,0,shot,10.051,1.7919999999999163,,evaluated_pressing_team_as_opponent
3895060_p169_7e319e1f,3895060,0,1,1,0,shot,2.458,1.33199999999988,,evaluated_pressing_team_as_opponent
3895167_p10_8f00d825,3895167,0,1,1,0,final_third_entry,5.323,2.603999999999985,,evaluated_pressing_team_as_opponent
3895167_p95_bf302c9e,3895167,0,1,1,0,shot,3.029,0.0,,evaluated_pressing_team_as_opponent
3895167_p99_de8d48e1,3895167,0,1,1,0,final_third_entry,7.026,0.0,,evaluated_pressing_team_as_opponent
3895167_p101_c53cdbca,3895167,0,1,1,0,final_third_entry,13.303,0.0,,evaluated_pressing_team_as_opponent
3895167_p103_38734838,3895167,0,1,1,0,final_third_entry,13.361,1.8009999999999877,,evaluated_pressing_team_as_opponent
3895167_p106_2300b750,3895167,0,1,0,0,shot,9.739,5.286000000000058,,evaluated_pressing_team_as_opponent
3895167_p107_6c078225,3895167,0,1,1,0,shot,10.464,0.2939999999999827,,evaluated_pressing_team_as_opponent
3895167_p118_e5a9deee,3895167,0,1,1,0,final_third_entry,14.271,0.0,,evaluated_pressing_team_as_opponent
3895167_p145_4c0942cb,3895167,0,1,1,0,final_third_entry,6.216,0.6929999999999836,,evaluated_pressing_team_as_opponent
3895167_p167_9f38ed27,3895167,0,1,1,0,final_third_entry,7.226,0.0,,evaluated_pressing_team_as_opponent
3857272_p20_0ab3a0c0,3857272,0,1,1,0,final_third_entry,3.259,2.40300000000002,,evaluated_pressing_team_as_opponent
3857272_p32_4bee3f8a,3857272,0,1,1,0,final_third_entry,13.451,1.7820000000001528,,evaluated_pressing_team_as_opponent
3857272_p49_22bc0ba2,3857272,0,1,1,0,final_third_entry,10.441,1.5489999999999782,,evaluated_pressing_team_as_opponent
3857272_p112_691b957b,3857272,0,1,1,0,final_third_entry,13.916,1.1979999999998654,,evaluated_pressing_team_as_opponent
3857272_p116_af35d5a3,3857272,0,1,1,0,final_third_entry,7.96,1.212999999999738,,evaluated_pressing_team_as_opponent
3857274_p20_5b7505a9,3857274,0,1,1,0,final_third_entry,10.842,0.0,,evaluated_pressing_team_as_opponent
3857274_p41_4e3322ee,3857274,0,1,1,0,shot,9.28,3.0550000000000637,,evaluated_pressing_team_as_opponent
3857274_p95_ec61b85e,3857274,0,1,1,0,shot,5.349,0.5040000000000191,,evaluated_pressing_team_as_opponent
3857274_p169_f2fe66e5,3857274,0,1,1,0,final_third_entry,14.443,1.5470000000000255,,evaluated_pressing_team_as_opponent
3857278_p71_ecffb18a,3857278,0,1,1,0,final_third_entry,6.829,1.6460000000001855,,evaluated_pressing_team_as_opponent
3857278_p81_d919cd2b,3857278,0,1,1,0,final_third_entry,3.863,0.8270000000002256,,evaluated_pressing_team_as_opponent
3857278_p111_9d9571b3,3857278,0,1,1,0,final_third_entry,10.945,0.0,,evaluated_pressing_team_as_opponent
3857278_p128_985c92ff,3857278,0,1,1,0,final_third_entry,13.24,0.0,,evaluated_pressing_team_as_opponent
3857278_p179_1371189e,3857278,0,1,1,0,shot,14.156,2.330999999999676,,evaluated_pressing_team_as_opponent
3857273_p55_b973173a,3857273,0,1,1,0,final_third_entry,14.363,0.0,,evaluated_pressing_team_as_opponent
3857273_p58_6c6f752f,3857273,0,1,0,0,final_third_entry,14.212,5.937000000000353,,evaluated_pressing_team_as_opponent
3857273_p74_142c7c10,3857273,0,1,1,0,final_third_entry,10.035,1.5710000000003674,,evaluated_pressing_team_as_opponent
3857273_p94_4db7efbe,3857273,0,1,1,0,shot,10.34,1.65300000000002,,evaluated_pressing_team_as_opponent
3857273_p153_7bea3fb9,3857273,0,1,1,0,final_third_entry,4.575,2.923999999999978,,evaluated_pressing_team_as_opponent
3857273_p168_4e04ce3a,3857273,0,1,1,0,shot,7.656,1.8859999999999673,,evaluated_pressing_team_as_opponent
3895052_p17_3570f419,3895052,0,1,1,0,final_third_entry,10.357,1.6329999999999814,,evaluated_pressing_team_as_opponent
3895052_p39_23e4d46c,3895052,0,1,1,0,final_third_entry,5.007,1.0960000000000036,,evaluated_pressing_team_as_opponent
3895052_p42_b636b7dc,3895052,0,1,1,0,final_third_entry,9.084,0.5860000000000127,,evaluated_pressing_team_as_opponent
3895052_p52_006bc457,3895052,0,1,1,0,final_third_entry,13.532,4.244999999999891,,evaluated_pressing_team_as_opponent
3895052_p69_090d5d76,3895052,0,1,1,0,final_third_entry,4.27,1.1239999999997963,,evaluated_pressing_team_as_opponent
3895052_p74_fd508289,3895052,0,1,1,0,final_third_entry,10.592,1.1990000000000691,,evaluated_pressing_team_as_opponent
3895052_p133_4ad36717,3895052,0,1,1,1,final_third_entry,1.044,0.48699999999985266,1.195,v26_premature_regain_censoring
3895052_p150_91a5a2d5,3895052,0,1,1,0,final_third_entry,6.838,0.5090000000000146,,evaluated_pressing_team_as_opponent
3895052_p161_99de400f,3895052,0,1,1,0,final_third_entry,4.481,0.0,,evaluated_pressing_team_as_opponent
3857255_p49_4a7bc28f,3857255,0,1,1,0,final_third_entry,11.956,1.1109999999998763,,evaluated_pressing_team_as_opponent
3857255_p76_f601cc37,3857255,0,1,1,0,final_third_entry,7.464,0.6949999999999363,,evaluated_pressing_team_as_opponent
3857255_p84_583565a3,3857255,0,1,1,0,final_third_entry,8.07,1.8550000000000182,,evaluated_pressing_team_as_opponent
3857255_p97_d00a2356,3857255,0,1,1,0,shot,6.923,0.0,,evaluated_pressing_team_as_opponent
3857266_p34_e0c7cb80,3857266,0,1,1,0,final_third_entry,7.845,0.0,,evaluated_pressing_team_as_opponent
3857266_p59_0e3eb2cf,3857266,0,1,1,0,shot,9.071,0.0,,evaluated_pressing_team_as_opponent
3857266_p76_bd225962,3857266,0,1,1,0,final_third_entry,9.986,0.28900000000021464,,evaluated_pressing_team_as_opponent
3857266_p106_0d0aecca,3857266,0,1,1,0,final_third_entry,12.108,0.0,,evaluated_pressing_team_as_opponent
3857290_p30_d0714f99,3857290,0,1,1,0,final_third_entry,11.325,1.0930000000000746,,evaluated_pressing_team_as_opponent
3857290_p95_c792fd11,3857290,0,1,1,0,final_third_entry,8.7,1.2429999999999382,,evaluated_pressing_team_as_opponent
3857290_p139_e80c7ab8,3857290,0,1,1,0,final_third_entry,6.699,0.9829999999999472,,evaluated_pressing_team_as_opponent
3857290_p165_5eb40684,3857290,0,1,1,0,final_third_entry,8.539,4.360999999999876,,evaluated_pressing_team_as_opponent
3857277_p14_cbfdba8f,3857277,0,1,1,0,final_third_entry,14.047,1.3460000000000036,,evaluated_pressing_team_as_opponent
3857277_p21_313367d9,3857277,0,1,1,0,final_third_entry,4.515,1.6470000000000482,,evaluated_pressing_team_as_opponent
3857277_p31_3b2f6cc2,3857277,0,1,1,0,shot,5.981,4.615000000000009,,evaluated_pressing_team_as_opponent
3857277_p51_df96a846,3857277,0,1,1,0,final_third_entry,12.95,1.7929999999998927,,evaluated_pressing_team_as_opponent
3857277_p66_516ea0ab,3857277,0,1,1,0,final_third_entry,8.382,0.0,,evaluated_pressing_team_as_opponent
3857277_p119_7c215153,3857277,0,1,1,0,final_third_entry,3.895,0.0,,evaluated_pressing_team_as_opponent
3857277_p130_2d445998,3857277,0,1,1,0,final_third_entry,7.556,1.7609999999999673,,evaluated_pressing_team_as_opponent
3857277_p146_30619765,3857277,0,1,1,0,final_third_entry,7.091,1.8040000000000873,,evaluated_pressing_team_as_opponent
3857298_p25_6cf3d197,3857298,0,1,1,0,final_third_entry,4.654,1.1240000000000236,,evaluated_pressing_team_as_opponent
3857298_p76_5ec4b736,3857298,0,1,1,0,final_third_entry,11.707,1.168999999999869,,evaluated_pressing_team_as_opponent
3857298_p104_09d87090,3857298,0,1,1,0,final_third_entry,11.781,1.4940000000000282,,evaluated_pressing_team_as_opponent
3857298_p120_a74dc3c3,3857298,0,1,1,0,final_third_entry,6.91,1.52800000000002,,evaluated_pressing_team_as_opponent
3857298_p142_e3613bd0,3857298,0,1,1,0,shot,8.557,0.9780000000000655,,evaluated_pressing_team_as_opponent
3857298_p146_7f69ad59,3857298,0,1,1,0,shot,9.598,1.5090000000000146,,evaluated_pressing_team_as_opponent
3857298_p171_433aeed5,3857298,0,1,1,0,final_third_entry,4.862,1.825999999999567,,evaluated_pressing_team_as_opponent
3857298_p176_4377806a,3857298,0,1,1,0,shot,14.748,0.5040000000003602,,evaluated_pressing_team_as_opponent
3857261_p17_ace3e44e,3857261,0,1,1,0,final_third_entry,10.606,1.1860000000000355,,evaluated_pressing_team_as_opponent
3857261_p46_07a100b6,3857261,0,1,1,0,final_third_entry,10.02,1.5789999999999509,,evaluated_pressing_team_as_opponent
3857261_p91_4e0de3ab,3857261,0,1,1,0,final_third_entry,14.747,0.0,,evaluated_pressing_team_as_opponent
3857261_p95_0e39d0bc,3857261,0,1,1,0,shot,4.973,1.3789999999999623,,evaluated_pressing_team_as_opponent
3857261_p99_095c5236,3857261,0,1,1,0,final_third_entry,7.85,0.0,,evaluated_pressing_team_as_opponent
3857282_p100_08687ce1,3857282,0,1,1,0,final_third_entry,3.74,0.875,,evaluated_pressing_team_as_opponent
3857282_p101_5f307c27,3857282,0,1,1,0,final_third_entry,11.58,0.0,,evaluated_pressing_team_as_opponent
3857282_p120_5657afbd,3857282,0,1,1,0,final_third_entry,7.69,1.3050000000000637,,evaluated_pressing_team_as_opponent
3857282_p121_f572dfa5,3857282,0,1,1,0,final_third_entry,7.822,0.8990000000001146,,evaluated_pressing_team_as_opponent
3857282_p170_0f2da0fc,3857282,0,1,1,0,final_third_entry,9.628,1.9940000000001419,,evaluated_pressing_team_as_opponent
3857275_p54_ce89bd2f,3857275,0,1,1,0,final_third_entry,12.577,1.6589999999998781,,evaluated_pressing_team_as_opponent
3857275_p62_03a574c3,3857275,0,1,1,0,final_third_entry,9.242,0.0,,evaluated_pressing_team_as_opponent
3857275_p78_a72ce9e9,3857275,0,1,1,0,final_third_entry,7.349,1.0109999999999673,,evaluated_pressing_team_as_opponent
3857275_p117_77f5f05c,3857275,0,1,1,0,shot,7.462,0.0,,evaluated_pressing_team_as_opponent
3857275_p160_fb8b5cf5,3857275,0,1,1,0,final_third_entry,13.498,0.0,,evaluated_pressing_team_as_opponent
3857265_p12_93ee7fb2,3857265,0,1,1,0,final_third_entry,8.071,0.8800000000000523,,evaluated_pressing_team_as_opponent
3857265_p45_8af2b09d,3857265,0,1,1,0,final_third_entry,11.859,1.3460000000000036,,evaluated_pressing_team_as_opponent
3857265_p145_b6d7bdf5,3857265,0,1,1,0,final_third_entry,9.695,0.0,,evaluated_pressing_team_as_opponent
3857265_p165_ed9491c5,3857265,0,1,1,0,shot,13.124,3.95699999999988,,evaluated_pressing_team_as_opponent
3857268_p16_5a47672e,3857268,0,1,1,0,shot,11.269,0.0,,evaluated_pressing_team_as_opponent
3857268_p22_492082e8,3857268,0,1,1,0,final_third_entry,3.401,0.0,,evaluated_pressing_team_as_opponent
3857268_p64_e5b6207e,3857268,0,1,1,0,final_third_entry,4.557,3.436999999999898,,evaluated_pressing_team_as_opponent
3857268_p76_931c7254,3857268,0,1,1,0,final_third_entry,8.132,0.91800000000012,,evaluated_pressing_team_as_opponent
3857268_p84_c1ebc68e,3857268,0,1,1,0,final_third_entry,13.573,0.0,,evaluated_pressing_team_as_opponent
3857268_p150_9408a970,3857268,0,1,1,0,final_third_entry,6.658,4.289999999999964,,evaluated_pressing_team_as_opponent
3857268_p154_9f47dfd8,3857268,0,1,1,0,shot,12.531,2.27599999999984,,evaluated_pressing_team_as_opponent
3857285_p3_956d4d3e,3857285,0,1,1,0,shot,4.548,0.0,,evaluated_pressing_team_as_opponent
3857285_p5_d66e090d,3857285,0,1,1,0,final_third_entry,3.951,1.7590000000000146,,evaluated_pressing_team_as_opponent
3857285_p22_082df516,3857285,0,1,1,0,final_third_entry,7.762,0.7049999999999272,,horizon_or_timing_shift
3857285_p30_8d6da193,3857285,0,1,1,0,final_third_entry,6.037,1.2160000000000082,,evaluated_pressing_team_as_opponent
3857285_p70_b4606c4d,3857285,0,1,1,0,final_third_entry,12.944,0.0,,evaluated_pressing_team_as_opponent
3857285_p103_3883bfde,3857285,0,1,1,0,final_third_entry,8.672,2.1420000000000528,,evaluated_pressing_team_as_opponent
3857285_p120_da439912,3857285,0,1,1,0,shot,14.791,1.2419999999999618,,evaluated_pressing_team_as_opponent
3857285_p149_c9c5c985,3857285,0,1,1,0,final_third_entry,3.568,1.594000000000051,,evaluated_pressing_team_as_opponent
3857284_p19_ff4b3815,3857284,0,1,1,0,final_third_entry,7.624,1.2930000000000064,,evaluated_pressing_team_as_opponent
3857284_p39_e2df82a3,3857284,0,1,1,0,final_third_entry,2.887,0.0,,evaluated_pressing_team_as_opponent
3857284_p104_7b262a8f,3857284,0,1,1,0,final_third_entry,8.83,0.7770000000000437,,evaluated_pressing_team_as_opponent
3857284_p108_b0975d2f,3857284,0,1,1,0,shot,9.011,0.0,,evaluated_pressing_team_as_opponent
3857284_p110_7f55701c,3857284,0,1,1,0,final_third_entry,9.111,1.9250000000000682,,evaluated_pressing_team_as_opponent
3857284_p137_44d00b74,3857284,0,1,1,0,final_third_entry,2.315,0.0,,evaluated_pressing_team_as_opponent
3857284_p140_06fafe51,3857284,0,1,1,0,final_third_entry,5.009,1.8579999999999472,,evaluated_pressing_team_as_opponent
3857297_p60_c12a1f14,3857297,0,1,1,0,final_third_entry,4.09,0.7250000000001364,,evaluated_pressing_team_as_opponent
3857297_p117_5670ecf3,3857297,0,1,1,0,shot,5.426,0.0,,evaluated_pressing_team_as_opponent
3857297_p178_1585b73d,3857297,0,1,1,0,final_third_entry,2.434,1.6340000000000146,,evaluated_pressing_team_as_opponent
3857297_p179_ca057ed3,3857297,0,1,1,0,final_third_entry,10.11,3.356000000000222,,evaluated_pressing_team_as_opponent
3857295_p27_ba3b4df3,3857295,0,1,1,0,final_third_entry,2.544,0.0,,evaluated_pressing_team_as_opponent
3857295_p161_fe9547af,3857295,0,1,1,0,final_third_entry,14.79,0.0,,evaluated_pressing_team_as_opponent
3857294_p9_744df51f,3857294,0,1,1,0,shot,10.868,0.563999999999993,,evaluated_pressing_team_as_opponent
3857294_p17_8fcfe7bd,3857294,0,1,1,0,shot,5.175,0.0,,evaluated_pressing_team_as_opponent
3857294_p19_4a4ebf08,3857294,0,1,1,0,final_third_entry,6.439,0.0,,evaluated_pressing_team_as_opponent
3857294_p111_3c138648,3857294,0,1,1,0,final_third_entry,8.423,1.7759999999999536,,evaluated_pressing_team_as_opponent
3857294_p114_810ad4b6,3857294,0,1,1,0,final_third_entry,8.811,1.0779999999999745,,evaluated_pressing_team_as_opponent
3857294_p144_62c5a033,3857294,0,1,1,0,final_third_entry,13.873,0.0,,evaluated_pressing_team_as_opponent
3869684_p51_9a69838b,3869684,0,1,1,0,final_third_entry,4.432,0.0,,evaluated_pressing_team_as_opponent
3869684_p74_083e7436,3869684,0,1,1,0,final_third_entry,5.181,0.0,,evaluated_pressing_team_as_opponent
3869684_p131_a65f1e9a,3869684,0,1,1,0,final_third_entry,5.251,0.0,,evaluated_pressing_team_as_opponent
3869684_p172_4151c75e,3869684,0,1,1,0,final_third_entry,9.071,1.55600000000004,,evaluated_pressing_team_as_opponent
3869321_p27_88be3109,3869321,0,1,1,0,final_third_entry,2.216,0.75,,evaluated_pressing_team_as_opponent
3869321_p49_1a7e68a9,3869321,0,1,1,0,final_third_entry,14.169,0.0,,evaluated_pressing_team_as_opponent
3869321_p54_4b601a89,3869321,0,1,1,0,final_third_entry,11.406,2.4950000000001182,,evaluated_pressing_team_as_opponent
3869321_p78_902535b0,3869321,0,1,1,0,final_third_entry,6.753,3.554999999999998,,evaluated_pressing_team_as_opponent
3869321_p113_64d4e6b5,3869321,0,1,1,0,final_third_entry,6.733,0.7359999999998763,,evaluated_pressing_team_as_opponent
3869321_p212_a4025718,3869321,0,1,1,0,final_third_entry,4.768,0.0,,evaluated_pressing_team_as_opponent
3857254_p65_602a1318,3857254,0,1,1,0,final_third_entry,14.767,1.2210000000000036,,evaluated_pressing_team_as_opponent
3857254_p76_c9ab0dbb,3857254,0,1,1,0,final_third_entry,4.344,0.0,,evaluated_pressing_team_as_opponent
3857254_p81_859ea49f,3857254,0,1,1,0,final_third_entry,6.648,1.1289999999999054,,evaluated_pressing_team_as_opponent
3857254_p107_f7d1818e,3857254,0,1,1,0,final_third_entry,9.06,0.0,,evaluated_pressing_team_as_opponent
3857254_p117_973da076,3857254,0,1,1,0,final_third_entry,11.72,1.91700000000003,,evaluated_pressing_team_as_opponent
3857254_p167_48866943,3857254,0,1,1,0,final_third_entry,14.846,1.949999999999818,,evaluated_pressing_team_as_opponent
3857254_p176_24ca1fea,3857254,0,1,1,0,final_third_entry,5.38,0.08500000000003638,,evaluated_pressing_team_as_opponent
3857292_p17_d03068ad,3857292,0,1,1,0,shot,10.431,1.6779999999999973,,evaluated_pressing_team_as_opponent
3857292_p53_80d151e5,3857292,0,1,1,0,final_third_entry,5.148,1.4390000000000782,,evaluated_pressing_team_as_opponent
3857292_p142_93dff48f,3857292,0,1,1,0,final_third_entry,11.284,0.0,,evaluated_pressing_team_as_opponent
3857292_p157_789ab1ae,3857292,0,1,1,0,shot,6.517,0.0,,evaluated_pressing_team_as_opponent
3857292_p161_28c5da33,3857292,0,1,1,0,final_third_entry,3.58,1.518000000000029,,evaluated_pressing_team_as_opponent
3857301_p55_17a14dd3,3857301,0,1,1,0,final_third_entry,7.295,1.3820000000000618,,evaluated_pressing_team_as_opponent
3857301_p121_bd761c75,3857301,0,1,1,0,final_third_entry,12.843,0.0,,evaluated_pressing_team_as_opponent
3857301_p126_7153a007,3857301,0,1,1,0,final_third_entry,3.797,1.737999999999829,,evaluated_pressing_team_as_opponent
3857256_p58_d6e254db,3857256,0,1,1,0,final_third_entry,8.905,3.1389999999998963,,evaluated_pressing_team_as_opponent
3857256_p144_9caa99bd,3857256,0,1,1,0,final_third_entry,14.16,0.0,,evaluated_pressing_team_as_opponent
3857257_p10_dbcec420,3857257,0,1,1,0,final_third_entry,4.968,0.0,,evaluated_pressing_team_as_opponent
3857257_p17_26794161,3857257,0,1,1,0,final_third_entry,5.704,0.9610000000000127,,evaluated_pressing_team_as_opponent
3857257_p77_9e5808ae,3857257,0,1,1,0,final_third_entry,13.739,1.3110000000001492,,evaluated_pressing_team_as_opponent
3857257_p116_f9fcd363,3857257,0,1,1,0,final_third_entry,7.123,1.044999999999959,,evaluated_pressing_team_as_opponent
3857257_p121_249666f1,3857257,0,1,1,0,final_third_entry,14.543,0.6200000000000045,,evaluated_pressing_team_as_opponent
3857257_p123_5caed0ba,3857257,0,1,1,0,shot,13.127,0.0,,evaluated_pressing_team_as_opponent
3857267_p5_c4f2fe32,3857267,0,1,1,0,final_third_entry,5.259,0.0,,evaluated_pressing_team_as_opponent
3857267_p21_a9fa592b,3857267,0,1,1,0,final_third_entry,7.802,2.83400000000006,,evaluated_pressing_team_as_opponent
3857267_p43_3d5e90d3,3857267,0,1,1,0,final_third_entry,10.572,1.030999999999949,,evaluated_pressing_team_as_opponent
3857267_p52_01f5e824,3857267,0,1,1,0,final_third_entry,6.478,0.0,,evaluated_pressing_team_as_opponent
3857267_p108_91a7c024,3857267,0,1,1,0,final_third_entry,4.369,0.0,,evaluated_pressing_team_as_opponent
3857267_p124_51c0376e,3857267,0,1,1,0,final_third_entry,8.238,0.0,,evaluated_pressing_team_as_opponent
3857267_p136_2cf73954,3857267,0,1,1,0,final_third_entry,8.064,0.34900000000016007,,evaluated_pressing_team_as_opponent
3857267_p141_b4c4759a,3857267,0,1,1,0,final_third_entry,2.0,0.0,,evaluated_pressing_team_as_opponent
3857269_p27_a1703888,3857269,0,1,1,0,final_third_entry,7.077,0.0,,evaluated_pressing_team_as_opponent
3857269_p41_b6a15cb2,3857269,0,1,1,0,final_third_entry,9.647,0.0,,evaluated_pressing_team_as_opponent
3857269_p53_b0e5884e,3857269,0,1,1,0,shot,14.972,0.7360000000001037,,evaluated_pressing_team_as_opponent
3857269_p105_c00e2041,3857269,0,1,1,0,shot,12.096,1.2670000000000528,,evaluated_pressing_team_as_opponent
3857269_p121_f9e72ca9,3857269,0,1,1,0,final_third_entry,10.707,1.3669999999999618,,evaluated_pressing_team_as_opponent
3869151_p50_6ddcd7ef,3869151,0,1,1,0,final_third_entry,1.527,1.1050000000000182,,evaluated_pressing_team_as_opponent
3869151_p99_64449636,3869151,0,1,1,0,final_third_entry,13.565,1.8990000000001146,,evaluated_pressing_team_as_opponent
3869151_p125_f324ae9d,3869151,0,1,1,0,final_third_entry,2.486,0.7389999999998054,,evaluated_pressing_team_as_opponent
3857258_p23_3ed1db54,3857258,0,1,1,0,final_third_entry,14.646,3.280999999999949,,evaluated_pressing_team_as_opponent
3857258_p80_1dabda5f,3857258,0,1,1,0,shot,11.931,1.2559999999998581,,evaluated_pressing_team_as_opponent
3857258_p86_48c9146f,3857258,0,1,1,0,final_third_entry,1.047,0.0,,evaluated_pressing_team_as_opponent
3857258_p91_1379fc7f,3857258,0,1,1,0,shot,1.874,0.0,,evaluated_pressing_team_as_opponent
3857258_p96_49f85875,3857258,0,1,1,0,final_third_entry,6.496,0.0,,evaluated_pressing_team_as_opponent
3857287_p14_ec4a0120,3857287,0,1,1,0,final_third_entry,4.216,1.478999999999985,,evaluated_pressing_team_as_opponent
3857287_p47_220acb90,3857287,0,1,1,0,final_third_entry,8.34,0.0,,evaluated_pressing_team_as_opponent
3857287_p83_477de96e,3857287,0,1,1,0,final_third_entry,11.499,1.4320000000000164,,evaluated_pressing_team_as_opponent
3857287_p97_38815ab7,3857287,0,1,1,0,final_third_entry,8.356,0.42799999999999727,,evaluated_pressing_team_as_opponent
3857288_p38_c4b410c3,3857288,0,1,1,0,final_third_entry,2.353,0.0,,evaluated_pressing_team_as_opponent
3857288_p43_557fc75c,3857288,0,1,1,0,shot,4.848,1.43300000000022,,evaluated_pressing_team_as_opponent
3857288_p133_70730b88,3857288,0,1,1,0,final_third_entry,11.468,0.0,,evaluated_pressing_team_as_opponent
3857288_p141_7b7574a7,3857288,0,1,1,0,final_third_entry,13.703,0.32300000000009277,,evaluated_pressing_team_as_opponent
3857288_p173_82a25a56,3857288,0,1,1,0,final_third_entry,12.604,1.3949999999999818,,evaluated_pressing_team_as_opponent
3857289_p88_c548b87b,3857289,0,1,1,0,shot,9.311,2.2830000000000013,,evaluated_pressing_team_as_opponent
3857289_p130_05e7daa6,3857289,0,1,1,0,final_third_entry,3.72,1.405999999999949,,evaluated_pressing_team_as_opponent
3857289_p135_9c5c4533,3857289,0,1,1,0,final_third_entry,10.856,0.93100000000004,,evaluated_pressing_team_as_opponent
3857260_p105_12a33979,3857260,0,1,1,0,shot,12.633,0.0,,evaluated_pressing_team_as_opponent
3857260_p107_05a28536,3857260,0,1,1,0,final_third_entry,8.839,2.271000000000015,,evaluated_pressing_team_as_opponent
3857260_p192_3c4a3de8,3857260,0,1,1,0,final_third_entry,6.374,0.0,,evaluated_pressing_team_as_opponent
3869685_p80_670204ad,3869685,0,1,1,0,final_third_entry,7.102,3.1779999999999973,,evaluated_pressing_team_as_opponent
3869685_p221_9a5b6dc6,3869685,0,1,1,0,shot,5.386,1.1580000000000155,,evaluated_pressing_team_as_opponent
3869254_p18_b951a1a3,3869254,0,1,1,0,final_third_entry,14.343,0.6150000000000091,,evaluated_pressing_team_as_opponent
3869254_p87_d467a734,3869254,0,1,1,0,final_third_entry,1.213,0.0,,evaluated_pressing_team_as_opponent
3869254_p91_34d0963d,3869254,0,1,1,0,final_third_entry,7.939,0.0,,evaluated_pressing_team_as_opponent
3869254_p116_bb47e422,3869254,0,1,1,0,final_third_entry,5.987,4.002999999999929,,evaluated_pressing_team_as_opponent
3869254_p153_0e533197,3869254,0,1,1,0,final_third_entry,4.964,1.7019999999997708,,evaluated_pressing_team_as_opponent
3869486_p92_184d973e,3869486,0,1,1,0,final_third_entry,5.57,1.7479999999999905,,evaluated_pressing_team_as_opponent
3869486_p133_7da627df,3869486,0,1,1,0,final_third_entry,12.962,0.4880000000000564,,evaluated_pressing_team_as_opponent
3869486_p138_71e32e58,3869486,0,1,1,0,final_third_entry,13.853,1.7139999999999418,,evaluated_pressing_team_as_opponent
3857264_p14_cf1bf1a8,3857264,0,1,1,0,final_third_entry,3.101,0.6689999999999827,,evaluated_pressing_team_as_opponent
3857264_p22_96a34374,3857264,0,1,1,0,shot,13.521,1.6889999999999645,,evaluated_pressing_team_as_opponent
3857264_p48_72d67797,3857264,0,1,1,0,final_third_entry,9.681,0.5209999999999582,,evaluated_pressing_team_as_opponent
3857264_p65_645cc9e2,3857264,0,1,1,0,final_third_entry,7.255,2.7150000000001455,,evaluated_pressing_team_as_opponent
3857264_p86_f058855c,3857264,0,1,1,0,final_third_entry,7.869,0.7249999999999659,,evaluated_pressing_team_as_opponent
3857264_p90_057f1555,3857264,0,1,1,0,shot,11.301,0.3050000000000068,,evaluated_pressing_team_as_opponent
3857264_p92_1323b381,3857264,0,1,1,0,final_third_entry,4.357,0.0,,evaluated_pressing_team_as_opponent
3857264_p93_05f9825d,3857264,0,1,1,0,final_third_entry,9.037,1.59800000000007,,evaluated_pressing_team_as_opponent
3869519_p26_44f366a9,3869519,0,1,1,0,final_third_entry,4.746,0.0,,evaluated_pressing_team_as_opponent
3869519_p51_54c81e65,3869519,0,1,1,0,final_third_entry,2.873,0.3489999999999327,,evaluated_pressing_team_as_opponent
3869519_p119_5a73190c,3869519,0,1,1,0,final_third_entry,9.93,2.7000000000000455,,evaluated_pressing_team_as_opponent
3869519_p149_a4feb9ca,3869519,0,1,1,0,final_third_entry,8.258,1.0100000000002183,,evaluated_pressing_team_as_opponent
3869519_p184_80327d14,3869519,0,1,1,0,final_third_entry,12.13,0.0,,evaluated_pressing_team_as_opponent
3869220_p9_fe167015,3869220,0,1,1,0,final_third_entry,8.869,2.076000000000022,,evaluated_pressing_team_as_opponent
3869220_p17_b9431fad,3869220,0,1,1,0,final_third_entry,4.585,0.6240000000000236,,evaluated_pressing_team_as_opponent
3869220_p57_8aaa52c4,3869220,0,1,1,0,final_third_entry,3.087,1.27800000000002,,evaluated_pressing_team_as_opponent
3869220_p91_db88aef1,3869220,0,1,1,0,final_third_entry,9.348,0.8940000000000055,,evaluated_pressing_team_as_opponent
3869220_p96_68dad4d8,3869220,0,1,1,0,final_third_entry,13.105,1.9029999999999632,,evaluated_pressing_team_as_opponent
3869220_p211_aa5a4910,3869220,0,1,1,0,final_third_entry,12.312,0.0,,evaluated_pressing_team_as_opponent
3869118_p24_7750c49e,3869118,0,1,1,0,final_third_entry,2.17,1.15199999999993,,evaluated_pressing_team_as_opponent
3869118_p82_594ee8f0,3869118,0,1,1,0,final_third_entry,3.031,1.1170000000000186,,evaluated_pressing_team_as_opponent
3869118_p83_8b780093,3869118,0,1,1,0,final_third_entry,13.023,0.0,,evaluated_pressing_team_as_opponent
3869118_p103_4e9e4637,3869118,0,1,1,0,final_third_entry,8.126,1.5550000000000637,,evaluated_pressing_team_as_opponent
3869118_p131_1cadc2f8,3869118,0,1,1,0,final_third_entry,14.766,0.9039999999999964,,evaluated_pressing_team_as_opponent
3869118_p148_4e9961a0,3869118,0,1,1,0,final_third_entry,7.475,2.80199999999968,,evaluated_pressing_team_as_opponent
3869152_p10_e4ec9621,3869152,0,1,1,0,final_third_entry,14.33,0.6629999999999825,,evaluated_pressing_team_as_opponent
3869152_p86_9f548681,3869152,0,1,1,0,final_third_entry,5.47,1.8269999999999982,,evaluated_pressing_team_as_opponent
3869152_p97_c249d4b3,3869152,0,1,1,0,final_third_entry,13.659,0.0,,evaluated_pressing_team_as_opponent
3869152_p99_c8307e86,3869152,0,1,1,0,shot,9.071,0.0,,evaluated_pressing_team_as_opponent
3869152_p105_09be3d8a,3869152,0,1,1,0,final_third_entry,9.412,0.0,,evaluated_pressing_team_as_opponent
3869152_p114_cb794178,3869152,0,1,1,0,final_third_entry,10.003,0.0,,evaluated_pressing_team_as_opponent
3869152_p150_a3bf6c2d,3869152,0,1,1,0,final_third_entry,5.836,1.2390000000000327,,evaluated_pressing_team_as_opponent
3869354_p13_71177f84,3869354,0,1,1,0,final_third_entry,6.1,0.0,,evaluated_pressing_team_as_opponent
3869354_p81_f5408807,3869354,0,1,1,0,final_third_entry,10.315,1.0359999999996035,,evaluated_pressing_team_as_opponent
3869354_p105_1d7044d4,3869354,0,1,1,0,final_third_entry,10.85,2.525000000000091,,evaluated_pressing_team_as_opponent
3857263_p47_09d8c3e5,3857263,0,1,1,0,shot,10.182,0.0,,evaluated_pressing_team_as_opponent
3857263_p72_26b04cd0,3857263,0,1,1,0,final_third_entry,8.025,0.0,,evaluated_pressing_team_as_opponent
3857263_p123_cd814c35,3857263,0,1,1,0,final_third_entry,4.981,0.0,,evaluated_pressing_team_as_opponent
3857300_p71_60861917,3857300,0,1,1,0,final_third_entry,12.794,1.7010000000000218,,evaluated_pressing_team_as_opponent
3857300_p78_2ac2e3f1,3857300,0,1,1,0,shot,7.619,1.375,,evaluated_pressing_team_as_opponent
3869219_p9_7e76da17,3869219,0,1,1,0,final_third_entry,10.57,0.0,,evaluated_pressing_team_as_opponent
3869219_p25_9a534eeb,3869219,0,1,1,0,final_third_entry,14.407,0.0,,evaluated_pressing_team_as_opponent
3869219_p150_528da7a9,3869219,0,1,1,0,final_third_entry,6.432,1.8200000000001637,,evaluated_pressing_team_as_opponent
3869219_p222_8c12893e,3869219,0,1,1,0,final_third_entry,12.775,1.9890000000000327,,evaluated_pressing_team_as_opponent
3869219_p223_95fea9d4,3869219,0,1,1,0,final_third_entry,12.3,2.602999999999952,,evaluated_pressing_team_as_opponent
3869552_p10_d75d97f6,3869552,0,1,1,0,final_third_entry,7.802,0.0,,evaluated_pressing_team_as_opponent
3869552_p11_6d56fe1b,3869552,0,1,1,0,final_third_entry,13.179,0.9900000000000091,,evaluated_pressing_team_as_opponent
3869552_p22_256906a8,3869552,0,1,1,0,final_third_entry,13.445,0.625,,evaluated_pressing_team_as_opponent
3869552_p119_febbb6d1,3869552,0,1,1,0,shot,13.056,0.0,,evaluated_pressing_team_as_opponent
3857270_p13_b9eee75f,3857270,0,1,1,0,final_third_entry,14.361,3.734999999999957,,evaluated_pressing_team_as_opponent
3857270_p54_cdc9f346,3857270,0,1,1,0,final_third_entry,9.965,0.0,,evaluated_pressing_team_as_opponent
3857270_p105_46a4fa6a,3857270,0,1,1,0,shot,8.173,1.6470000000000482,,evaluated_pressing_team_as_opponent
3857270_p117_c9fc4c76,3857270,0,1,1,0,final_third_entry,6.053,1.69399999999996,,evaluated_pressing_team_as_opponent
3857270_p140_867a2771,3857270,0,1,1,0,shot,13.527,0.0,,evaluated_pressing_team_as_opponent
3869253_p28_8379c90c,3869253,0,1,1,0,final_third_entry,14.819,1.2070000000001073,,evaluated_pressing_team_as_opponent
3869253_p48_8184d08d,3869253,0,1,1,0,final_third_entry,10.403,0.0,,evaluated_pressing_team_as_opponent
3869253_p115_2bf70bb6,3869253,0,1,1,0,final_third_entry,12.802,1.3390000000000555,,evaluated_pressing_team_as_opponent
3869253_p126_985d7772,3869253,0,1,1,0,final_third_entry,14.475,0.0,,evaluated_pressing_team_as_opponent
3857279_p25_8b88e364,3857279,0,1,1,0,final_third_entry,11.862,0.3790000000000191,,evaluated_pressing_team_as_opponent
3857279_p48_06ff277b,3857279,0,1,1,0,shot,4.427,1.3979999999999109,,evaluated_pressing_team_as_opponent
3857279_p74_19c58ba0,3857279,0,1,1,0,final_third_entry,6.697,0.0,,evaluated_pressing_team_as_opponent
3857279_p98_3b8ca95c,3857279,0,1,1,0,shot,14.247,1.1059999999999945,,evaluated_pressing_team_as_opponent
3857279_p118_3967d027,3857279,0,1,1,0,final_third_entry,4.473,0.0,,evaluated_pressing_team_as_opponent
3857279_p126_3b62a995,3857279,0,1,1,0,final_third_entry,10.514,2.6530000000002474,,evaluated_pressing_team_as_opponent
3857291_p15_63900489,3857291,0,1,1,0,final_third_entry,7.083,0.0,,evaluated_pressing_team_as_opponent
3857291_p24_6d8c316c,3857291,0,1,1,0,final_third_entry,4.596,1.5819999999999936,,evaluated_pressing_team_as_opponent
3857291_p40_fc559d5e,3857291,0,1,1,0,final_third_entry,13.988,2.6359999999999673,,evaluated_pressing_team_as_opponent
3857291_p55_298342b7,3857291,0,1,1,0,final_third_entry,14.695,0.0,,evaluated_pressing_team_as_opponent
3857291_p72_03fd4d02,3857291,0,1,1,0,final_third_entry,2.543,1.4669999999999987,,evaluated_pressing_team_as_opponent
3857291_p92_acb946f2,3857291,0,1,1,0,final_third_entry,12.075,1.5030000000000427,,evaluated_pressing_team_as_opponent
3857291_p104_2929f3c7,3857291,0,1,1,0,final_third_entry,7.509,2.7339999999999236,,evaluated_pressing_team_as_opponent
3857291_p114_0a21717f,3857291,0,1,1,0,final_third_entry,6.866,0.7999999999999545,,evaluated_pressing_team_as_opponent
3869420_p7_f494911f,3869420,0,1,1,0,final_third_entry,3.581,0.0,,evaluated_pressing_team_as_opponent
3869420_p21_4b2f3282,3869420,0,1,1,0,final_third_entry,13.582,0.0,,evaluated_pressing_team_as_opponent
3869420_p67_c1d0c541,3869420,0,1,1,0,final_third_entry,14.033,2.2650000000003274,,evaluated_pressing_team_as_opponent
3869420_p93_ec297548,3869420,0,1,1,0,final_third_entry,12.293,1.306999999999789,,evaluated_pressing_team_as_opponent
3869420_p110_0fcd5909,3869420,0,1,1,0,final_third_entry,8.369,0.0,,evaluated_pressing_team_as_opponent
3869420_p174_cf4501f3,3869420,0,1,1,0,final_third_entry,3.412,0.9780000000000655,,evaluated_pressing_team_as_opponent
3869420_p222_a2fea797,3869420,0,1,1,0,final_third_entry,7.12,0.0,,evaluated_pressing_team_as_opponent
3857299_p57_3b997b19,3857299,0,1,1,0,final_third_entry,5.178,1.600999999999658,,evaluated_pressing_team_as_opponent
3857299_p65_395d8ae4,3857299,0,1,1,0,final_third_entry,10.88,1.1299999999996544,,evaluated_pressing_team_as_opponent
3857299_p81_c40b6415,3857299,0,1,1,0,final_third_entry,10.845,3.437999999999988,,evaluated_pressing_team_as_opponent
3869117_p75_55bae9af,3869117,0,1,1,0,final_third_entry,8.55,3.3880000000000052,,evaluated_pressing_team_as_opponent
3869117_p77_029b16e6,3869117,0,1,1,0,final_third_entry,6.676,0.8780000000000143,,evaluated_pressing_team_as_opponent
3869117_p82_904471b4,3869117,0,1,1,0,final_third_entry,8.6,1.322999999999979,,evaluated_pressing_team_as_opponent
3869117_p89_b6ed8cfe,3869117,0,1,1,0,final_third_entry,12.511,0.0,,evaluated_pressing_team_as_opponent
3869117_p102_31575d04,3869117,0,1,1,0,final_third_entry,5.763,2.9990000000000236,,evaluated_pressing_team_as_opponent
3869117_p103_7e1ba6ce,3869117,0,1,1,0,final_third_entry,12.466,2.0579999999999927,,evaluated_pressing_team_as_opponent
3869117_p112_e98112ba,3869117,0,1,1,0,final_third_entry,9.152,2.1520000000000437,,evaluated_pressing_team_as_opponent
3869117_p137_1e4570a2,3869117,0,1,1,0,final_third_entry,5.868,2.3339999999998327,,evaluated_pressing_team_as_opponent
3869117_p143_fe76f650,3869117,0,1,1,0,final_third_entry,2.296,0.0,,evaluated_pressing_team_as_opponent
3869117_p153_7a6f9fc3,3869117,0,1,1,0,final_third_entry,8.642,0.0,,evaluated_pressing_team_as_opponent
3869117_p157_72335fa7,3869117,0,1,1,0,shot,3.511,1.7979999999997744,,evaluated_pressing_team_as_opponent
3857283_p7_6ae4b092,3857283,0,1,1,0,final_third_entry,7.378,1.070999999999998,,evaluated_pressing_team_as_opponent
3857283_p43_1cbf7c92,3857283,0,1,1,0,final_third_entry,9.183,0.8630000000000564,,evaluated_pressing_team_as_opponent
3857283_p109_05289d33,3857283,0,1,1,0,final_third_entry,11.12,1.4890000000000327,,evaluated_pressing_team_as_opponent
3857283_p148_be68ba9e,3857283,0,1,1,0,shot,13.584,0.0,,evaluated_pressing_team_as_opponent
3857262_p55_065bac22,3857262,0,1,1,0,final_third_entry,6.53,0.0,,evaluated_pressing_team_as_opponent
3857262_p62_c9de4366,3857262,0,1,1,0,final_third_entry,6.066,3.0789999999997235,,evaluated_pressing_team_as_opponent
3857262_p72_a49240a4,3857262,0,1,1,0,final_third_entry,6.005,1.9720000000000084,,evaluated_pressing_team_as_opponent
3857262_p90_099226d0,3857262,0,1,1,0,final_third_entry,8.929,0.8980000000000246,,evaluated_pressing_team_as_opponent
3857286_p57_c0d692c0,3857286,0,1,1,0,final_third_entry,14.834,2.3859999999999673,,evaluated_pressing_team_as_opponent
3857286_p90_a1783866,3857286,0,1,1,0,shot,9.096,3.0009999999999764,,evaluated_pressing_team_as_opponent
3857259_p57_c847abce,3857259,0,1,1,0,final_third_entry,4.907,1.0339999999998781,,evaluated_pressing_team_as_opponent
3857259_p94_4d6f87b1,3857259,0,1,1,0,final_third_entry,5.433,2.4550000000000125,,evaluated_pressing_team_as_opponent
3857259_p118_bf23ae60,3857259,0,1,1,0,final_third_entry,10.91,0.0,,evaluated_pressing_team_as_opponent
3857259_p138_bb8e50e5,3857259,0,1,1,0,final_third_entry,13.624,0.0,,evaluated_pressing_team_as_opponent
3857259_p154_7d39ae52,3857259,0,1,1,0,final_third_entry,10.119,1.6910000000002583,,evaluated_pressing_team_as_opponent
3773631_p6_85970ef9,3773631,0,1,1,0,final_third_entry,9.847,1.9540000000000077,,evaluated_pressing_team_as_opponent
3773631_p9_89d56671,3773631,0,1,1,0,final_third_entry,12.287,0.8940000000000055,,evaluated_pressing_team_as_opponent
3773631_p49_052691f5,3773631,0,1,1,0,final_third_entry,3.566,1.140999999999849,,evaluated_pressing_team_as_opponent
3773631_p56_f916975d,3773631,0,1,1,0,final_third_entry,7.894,0.0,,evaluated_pressing_team_as_opponent
3773631_p75_75775583,3773631,0,1,1,0,final_third_entry,10.877,0.0,,evaluated_pressing_team_as_opponent
3773631_p120_d1ad6674,3773631,0,1,1,0,shot,10.579,0.7660000000000764,,evaluated_pressing_team_as_opponent
3773631_p128_f62671b8,3773631,0,1,0,0,final_third_entry,10.665,5.6189999999999145,,evaluated_pressing_team_as_opponent
3857281_p37_c1966dea,3857281,0,1,1,0,final_third_entry,3.743,1.0910000000001219,,evaluated_pressing_team_as_opponent
3857281_p98_5ea9749f,3857281,0,1,1,0,final_third_entry,9.763,0.0,,evaluated_pressing_team_as_opponent
3857281_p111_d9924517,3857281,0,1,0,0,final_third_entry,12.66,5.783999999999992,,evaluated_pressing_team_as_opponent
3773386_p23_221eb930,3773386,0,1,1,0,final_third_entry,9.039,0.6349999999999909,,evaluated_pressing_team_as_opponent
3773386_p49_3605e069,3773386,0,1,1,0,final_third_entry,11.093,2.050999999999931,,evaluated_pressing_team_as_opponent
3773386_p54_91c10983,3773386,0,1,1,0,final_third_entry,6.87,0.47699999999986176,,evaluated_pressing_team_as_opponent
3773386_p59_eaeac6c0,3773386,0,1,1,0,final_third_entry,13.866,0.0,,evaluated_pressing_team_as_opponent
3773386_p90_4884b122,3773386,0,1,1,0,final_third_entry,4.243,0.3240000000000691,,evaluated_pressing_team_as_opponent
3773386_p131_6444e6b9,3773386,0,1,1,0,final_third_entry,7.609,1.5609999999999218,,evaluated_pressing_team_as_opponent
3773386_p148_2e27acfe,3773386,0,1,1,0,shot,9.071,1.888999999999669,,evaluated_pressing_team_as_opponent
3773386_p158_9e39a009,3773386,0,1,1,0,final_third_entry,11.38,2.1669999999999163,,evaluated_pressing_team_as_opponent
3773386_p162_1e015441,3773386,0,1,1,0,final_third_entry,10.739,2.5019999999999527,,evaluated_pressing_team_as_opponent
3857280_p3_99265104,3857280,0,1,0,0,final_third_entry,10.757,7.647999999999996,,evaluated_pressing_team_as_opponent
3857280_p21_87b5c1a9,3857280,0,1,1,0,final_third_entry,8.251,2.9980000000000473,,evaluated_pressing_team_as_opponent
3857280_p55_26a89733,3857280,0,1,1,0,shot,11.914,1.281999999999698,,evaluated_pressing_team_as_opponent
3857280_p103_73a94fbc,3857280,0,1,1,0,final_third_entry,12.593,0.7550000000001091,,evaluated_pressing_team_as_opponent
3857280_p128_2837d700,3857280,0,1,1,0,final_third_entry,12.989,0.7210000000000036,,evaluated_pressing_team_as_opponent
3857280_p138_8a4fe0f4,3857280,0,1,1,0,final_third_entry,13.285,1.7280000000000655,,evaluated_pressing_team_as_opponent
3857293_p27_ed21b762,3857293,0,1,1,0,final_third_entry,13.275,0.0,,evaluated_pressing_team_as_opponent
3857293_p39_3ae87c31,3857293,0,1,1,0,final_third_entry,10.77,2.5410000000001673,,evaluated_pressing_team_as_opponent
3857293_p52_520cc635,3857293,0,1,1,0,final_third_entry,6.414,1.0219999999999345,,evaluated_pressing_team_as_opponent
3857293_p97_9033919e,3857293,0,1,1,0,final_third_entry,1.737,0.9299999999999926,,evaluated_pressing_team_as_opponent
3857293_p146_a903c12c,3857293,0,1,1,0,final_third_entry,12.378,1.4359999999999218,,evaluated_pressing_team_as_opponent
3857293_p148_13909f1a,3857293,0,1,1,0,shot,13.249,0.0,,evaluated_pressing_team_as_opponent
3857293_p175_5e836626,3857293,0,1,1,0,shot,11.686,1.83600000000024,,evaluated_pressing_team_as_opponent
3773593_p3_611e0a9b,3773593,0,1,1,0,final_third_entry,4.033,2.6700000000000017,,evaluated_pressing_team_as_opponent
3773593_p34_0b4580ce,3773593,0,1,1,0,final_third_entry,12.278,1.3609999999998763,,evaluated_pressing_team_as_opponent
3773593_p67_3b584025,3773593,0,1,1,0,final_third_entry,9.204,0.7609999999999673,,evaluated_pressing_team_as_opponent
3773593_p96_2ed4342d,3773593,0,1,1,0,final_third_entry,11.804,3.450999999999965,,evaluated_pressing_team_as_opponent
3773593_p110_666fdf44,3773593,0,1,1,0,final_third_entry,11.438,0.5869999999999891,,evaluated_pressing_team_as_opponent
3773593_p150_d59636a0,3773593,0,1,1,0,final_third_entry,11.175,0.0,,evaluated_pressing_team_as_opponent
3773656_p56_8e95691e,3773656,0,1,1,0,shot,4.578,1.4939999999999145,,evaluated_pressing_team_as_opponent
3773656_p107_3718b67c,3773656,0,1,1,0,final_third_entry,12.94,0.8479999999999563,,evaluated_pressing_team_as_opponent
3773656_p138_d1bd5cf2,3773656,0,1,1,0,final_third_entry,9.994,0.0,,evaluated_pressing_team_as_opponent
3773672_p51_dcede05d,3773672,0,1,1,0,final_third_entry,8.368,2.3360000000000127,,evaluated_pressing_team_as_opponent
3773672_p56_3f289e2d,3773672,0,1,1,0,final_third_entry,4.459,0.9579999999998563,,evaluated_pressing_team_as_opponent
3773672_p152_843e6200,3773672,0,1,1,0,shot,5.785,1.4859999999998763,,evaluated_pressing_team_as_opponent
3773672_p162_60026efb,3773672,0,1,1,0,final_third_entry,12.624,0.9780000000000655,,evaluated_pressing_team_as_opponent
3773552_p18_7cd0c883,3773552,0,1,1,0,final_third_entry,8.752,0.0,,evaluated_pressing_team_as_opponent
3773552_p31_43fbd56a,3773552,0,1,1,0,final_third_entry,13.498,1.643000000000029,,evaluated_pressing_team_as_opponent
3773552_p62_1cd5cbd4,3773552,0,1,1,0,final_third_entry,4.62,0.0,,evaluated_pressing_team_as_opponent
3773552_p95_03cbe9a7,3773552,0,1,1,0,final_third_entry,10.547,0.0,,evaluated_pressing_team_as_opponent
3773552_p148_89c658c1,3773552,0,1,1,0,shot,8.515,0.0,,evaluated_pressing_team_as_opponent
3773552_p160_8af0f966,3773552,0,1,1,0,final_third_entry,13.891,0.0,,evaluated_pressing_team_as_opponent
3773552_p172_5239c6de,3773552,0,1,1,0,final_third_entry,3.415,1.4149999999999636,,evaluated_pressing_team_as_opponent
3773552_p192_edbf9c20,3773552,0,1,1,0,final_third_entry,5.947,1.9900000000002365,,evaluated_pressing_team_as_opponent
3773665_p3_494471c8,3773665,0,1,1,0,final_third_entry,12.515,0.0,,evaluated_pressing_team_as_opponent
3773665_p22_e4a86377,3773665,0,1,1,0,final_third_entry,7.766,2.120999999999981,,evaluated_pressing_team_as_opponent
3773665_p57_756e134f,3773665,0,1,1,0,final_third_entry,12.305,0.0,,evaluated_pressing_team_as_opponent
3773665_p67_4403bd40,3773665,0,1,1,0,final_third_entry,14.62,0.3289999999999509,,evaluated_pressing_team_as_opponent
3773665_p72_b452810e,3773665,0,1,1,0,final_third_entry,4.86,0.0,,evaluated_pressing_team_as_opponent
3773665_p90_bade4a0b,3773665,0,1,1,0,final_third_entry,9.67,1.0049999999999955,,evaluated_pressing_team_as_opponent
3773665_p150_ec50fbe2,3773665,0,1,1,0,final_third_entry,3.597,0.7280000000000655,,evaluated_pressing_team_as_opponent
3773565_p31_7eb36b71,3773565,0,1,1,0,shot,13.639,1.4390000000000782,,evaluated_pressing_team_as_opponent
3773565_p35_da148348,3773565,0,1,1,0,final_third_entry,6.34,0.0,,evaluated_pressing_team_as_opponent
3773565_p40_b5892fd6,3773565,0,1,1,0,final_third_entry,11.399,1.5199999999999818,,evaluated_pressing_team_as_opponent
3773565_p51_e2e5d624,3773565,0,1,1,0,final_third_entry,13.146,0.0,,evaluated_pressing_team_as_opponent
3773565_p119_957d75c9,3773565,0,1,1,0,final_third_entry,14.792,3.5160000000000764,,evaluated_pressing_team_as_opponent
3773497_p2_c44495ef,3773497,0,1,1,0,final_third_entry,7.382,2.253,,evaluated_pressing_team_as_opponent
3773497_p7_b6e10eb9,3773497,0,1,1,0,final_third_entry,2.483,0.0,,evaluated_pressing_team_as_opponent
3773497_p33_fd32cdcb,3773497,0,1,1,0,shot,5.251,0.8529999999999518,,evaluated_pressing_team_as_opponent
3773497_p45_3ab3c0d3,3773497,0,1,1,0,shot,5.692,0.0,,evaluated_pressing_team_as_opponent
3773497_p56_5c62d907,3773497,0,1,1,0,final_third_entry,9.908,0.83199999999988,,evaluated_pressing_team_as_opponent
3773497_p61_619d1315,3773497,0,1,1,0,final_third_entry,10.436,1.1050000000000182,,evaluated_pressing_team_as_opponent
3773497_p65_c8aef4b4,3773497,0,1,1,0,final_third_entry,7.438,3.1359999999999673,,evaluated_pressing_team_as_opponent
3773497_p82_398720c4,3773497,0,1,1,0,shot,3.066,0.0,,evaluated_pressing_team_as_opponent
3773377_p9_b0f5f53b,3773377,0,1,1,0,final_third_entry,12.945,3.790999999999997,,evaluated_pressing_team_as_opponent
3773377_p13_f161eeae,3773377,0,1,1,0,final_third_entry,7.613,5.684341886080802e-14,,evaluated_pressing_team_as_opponent
3773377_p51_aa6687b2,3773377,0,1,1,0,shot,4.306,1.1079999999999472,,evaluated_pressing_team_as_opponent
3773377_p86_6a180860,3773377,0,1,1,0,final_third_entry,12.536,1.061000000000007,,evaluated_pressing_team_as_opponent
3773377_p94_d971af79,3773377,0,1,1,0,final_third_entry,9.866,1.0690000000000168,,evaluated_pressing_team_as_opponent
3773377_p127_322f75a5,3773377,0,1,1,0,final_third_entry,7.839,0.0,,evaluated_pressing_team_as_opponent
3773377_p145_fcbfda88,3773377,0,1,1,0,shot,11.897,3.3739999999997963,,evaluated_pressing_team_as_opponent
3773585_p7_56ceffa4,3773585,0,1,1,0,final_third_entry,4.839,0.9910000000000139,,evaluated_pressing_team_as_opponent
3773585_p19_540734b9,3773585,0,1,1,0,final_third_entry,4.401,0.6869999999998981,,evaluated_pressing_team_as_opponent
3773585_p22_17722bc8,3773585,0,1,1,0,final_third_entry,14.317,2.9139999999999873,,evaluated_pressing_team_as_opponent
3773585_p105_764bc5e1,3773585,0,1,1,0,final_third_entry,14.834,0.9370000000000118,,evaluated_pressing_team_as_opponent
3773585_p132_a63bd6bb,3773585,0,1,1,0,final_third_entry,7.473,2.2509999999999764,,evaluated_pressing_team_as_opponent
3773585_p133_4117107b,3773585,0,1,1,0,final_third_entry,14.676,0.8779999999999291,,evaluated_pressing_team_as_opponent
3773585_p134_30726cc4,3773585,0,1,1,0,final_third_entry,10.299,0.0,,evaluated_pressing_team_as_opponent
3773585_p138_71eae8d7,3773585,0,1,1,0,final_third_entry,3.628,1.33400000000006,,evaluated_pressing_team_as_opponent
3773585_p141_6cd1022a,3773585,0,1,1,0,final_third_entry,8.238,3.4300000000000637,8.444,v26_premature_regain_censoring
3773457_p3_db61a9c8,3773457,0,1,1,0,final_third_entry,2.931,0.9789999999999992,,evaluated_pressing_team_as_opponent
3773457_p33_5bf3bfea,3773457,0,1,1,0,shot,6.9,0.0,,evaluated_pressing_team_as_opponent
3773457_p51_3f1c4ea1,3773457,0,1,1,0,final_third_entry,12.016,0.0,,evaluated_pressing_team_as_opponent
3773457_p54_f17a1d22,3773457,0,1,1,0,shot,7.134,2.0670000000000073,,evaluated_pressing_team_as_opponent
3773457_p61_4f376f0a,3773457,0,1,1,0,final_third_entry,5.205,0.5040000000001328,,evaluated_pressing_team_as_opponent
3773457_p73_4e995c45,3773457,0,1,1,0,final_third_entry,11.002,0.919999999999618,,evaluated_pressing_team_as_opponent
3773457_p108_ece0795a,3773457,0,1,1,0,final_third_entry,6.84,0.924000000000035,,evaluated_pressing_team_as_opponent
3773457_p132_a4d3c9a3,3773457,0,1,1,0,final_third_entry,12.741,1.280999999999949,,evaluated_pressing_team_as_opponent
3773457_p157_2aee6516,3773457,0,1,1,0,final_third_entry,12.006,0.9089999999998781,,evaluated_pressing_team_as_opponent
3773457_p182_39cb7105,3773457,0,1,1,0,shot,12.028,0.2199999999997999,,evaluated_pressing_team_as_opponent
3773587_p27_14239c54,3773587,0,1,1,0,final_third_entry,5.337,1.0990000000000464,,evaluated_pressing_team_as_opponent
3773587_p62_2b753b37,3773587,0,1,1,0,final_third_entry,10.496,2.2510000000002037,,evaluated_pressing_team_as_opponent
3773587_p83_8a996ffb,3773587,0,1,1,0,final_third_entry,10.896,2.0680000000000973,,evaluated_pressing_team_as_opponent
3773587_p114_94519ad8,3773587,0,1,1,0,final_third_entry,10.538,4.932000000000016,,evaluated_pressing_team_as_opponent
3773587_p119_0a6690e2,3773587,0,1,1,0,final_third_entry,11.342,1.638999999999669,,evaluated_pressing_team_as_opponent
3773587_p148_4aebcd4f,3773587,0,1,1,0,final_third_entry,10.429,0.0,,evaluated_pressing_team_as_opponent
3773661_p14_4ead4111,3773661,0,1,1,0,shot,14.214,3.266999999999996,,evaluated_pressing_team_as_opponent
3773661_p22_57dd91ae,3773661,0,1,1,0,final_third_entry,6.721,0.0,,evaluated_pressing_team_as_opponent
3773661_p41_6d3cc81c,3773661,0,1,1,0,final_third_entry,9.362,0.0,,evaluated_pressing_team_as_opponent
3773661_p43_d2d70a25,3773661,0,1,1,0,final_third_entry,12.924,0.0,,evaluated_pressing_team_as_opponent
3773661_p98_3d2e4e28,3773661,0,1,1,0,final_third_entry,10.764,0.0,,evaluated_pressing_team_as_opponent
3773661_p136_c8cf94dc,3773661,0,1,1,0,final_third_entry,11.787,1.5140000000001237,,evaluated_pressing_team_as_opponent
3773660_p18_626e4f02,3773660,0,1,1,0,final_third_entry,14.599,3.9740000000000464,,horizon_or_timing_shift
3773660_p18_ea9250de,3773660,0,1,1,0,final_third_entry,9.124,1.6059999999999945,,evaluated_pressing_team_as_opponent
3773660_p24_f0187caa,3773660,0,1,1,0,final_third_entry,7.957,3.8460000000000036,,evaluated_pressing_team_as_opponent
3773660_p55_882e5c68,3773660,0,1,1,0,final_third_entry,12.868,2.5119999999999436,,evaluated_pressing_team_as_opponent
3773660_p74_2b01c409,3773660,0,1,1,0,final_third_entry,11.61,1.0330000000001291,,evaluated_pressing_team_as_opponent
3773660_p78_d508fe73,3773660,0,1,1,0,final_third_entry,5.82,0.0,,evaluated_pressing_team_as_opponent
3773660_p85_3ebf1d36,3773660,0,1,1,0,final_third_entry,4.024,0.0,,evaluated_pressing_team_as_opponent
3773660_p109_f9a907fd,3773660,0,1,1,0,final_third_entry,12.894,0.9050000000000296,,evaluated_pressing_team_as_opponent
3773660_p154_08d4cb72,3773660,0,1,1,0,shot,5.137,1.4729999999999563,,evaluated_pressing_team_as_opponent
3773586_p39_e14db9fa,3773586,0,1,1,0,final_third_entry,8.421,0.6620000000000346,,evaluated_pressing_team_as_opponent
3773586_p56_eba6e714,3773586,0,1,1,0,final_third_entry,3.761,1.7739999999998872,,evaluated_pressing_team_as_opponent
3773586_p64_087f575e,3773586,0,1,1,0,shot,12.742,2.355999999999767,,evaluated_pressing_team_as_opponent
3773586_p66_9fd33d52,3773586,0,1,1,0,final_third_entry,7.337,0.31399999999985084,,evaluated_pressing_team_as_opponent
3773586_p99_7632c890,3773586,0,1,1,0,final_third_entry,3.6,0.72300000000007,,evaluated_pressing_team_as_opponent
3773586_p111_8ace43c2,3773586,0,1,1,0,final_third_entry,13.489,0.0,,evaluated_pressing_team_as_opponent
3773586_p117_0666a4f0,3773586,0,1,1,0,final_third_entry,11.383,0.9909999999999854,,evaluated_pressing_team_as_opponent
3773586_p130_ae129789,3773586,0,1,1,0,shot,10.0,1.3589999999999236,,evaluated_pressing_team_as_opponent
3773586_p137_5b23acee,3773586,0,1,1,0,final_third_entry,11.056,3.824000000000069,,evaluated_pressing_team_as_opponent
3773372_p124_ba38e63a,3773372,0,1,1,0,shot,14.695,0.0,,evaluated_pressing_team_as_opponent
3773372_p158_1635d770,3773372,0,1,1,0,final_third_entry,7.938,0.8550000000000182,,evaluated_pressing_team_as_opponent
3773372_p161_239f3884,3773372,0,1,1,0,final_third_entry,7.162,1.3319999999999936,,evaluated_pressing_team_as_opponent
3773372_p180_512e842e,3773372,0,1,1,0,final_third_entry,4.648,4.093000000000075,,evaluated_pressing_team_as_opponent
3773372_p185_e197a083,3773372,0,1,1,0,final_third_entry,14.843,2.52800000000002,,evaluated_pressing_team_as_opponent
3773372_p196_438022b1,3773372,0,1,1,0,final_third_entry,10.984,0.4679999999998472,,evaluated_pressing_team_as_opponent
3773372_p209_e0ade629,3773372,0,1,1,0,final_third_entry,10.797,0.0,,evaluated_pressing_team_as_opponent
3773372_p220_99d7456e,3773372,0,1,1,0,final_third_entry,12.512,0.0,,evaluated_pressing_team_as_opponent
3773369_p4_e0b776a3,3773369,0,1,1,0,shot,9.376,1.0549999999999926,,evaluated_pressing_team_as_opponent
3773369_p17_7cd19850,3773369,0,1,1,0,final_third_entry,9.149,1.4370000000000118,,evaluated_pressing_team_as_opponent
3773369_p42_e32ba257,3773369,0,1,1,0,final_third_entry,14.446,0.8859999999999673,,evaluated_pressing_team_as_opponent
3773369_p77_acc85ecf,3773369,0,1,1,0,final_third_entry,12.917,0.0,,evaluated_pressing_team_as_opponent
3773369_p100_81c81345,3773369,0,1,1,0,final_third_entry,4.031,1.2019999999999982,,evaluated_pressing_team_as_opponent
3773369_p111_7b0bd3fb,3773369,0,1,1,0,final_third_entry,3.98,0.0,,evaluated_pressing_team_as_opponent
3773369_p203_e91eb369,3773369,0,1,1,0,final_third_entry,8.49,1.5910000000003492,,evaluated_pressing_team_as_opponent
3773369_p205_f6ecb10c,3773369,0,1,1,0,final_third_entry,11.381,0.5160000000000764,,evaluated_pressing_team_as_opponent
3773466_p5_8635abeb,3773466,0,1,1,0,final_third_entry,10.213,1.9999999999999858,,evaluated_pressing_team_as_opponent
3773466_p24_1cc3cdde,3773466,0,1,1,0,final_third_entry,7.862,1.288000000000011,,evaluated_pressing_team_as_opponent
3773466_p62_6b199dda,3773466,0,1,1,0,final_third_entry,6.223,4.97400000000016,,evaluated_pressing_team_as_opponent
3773466_p127_0299b356,3773466,0,1,1,0,shot,12.929,0.0,,evaluated_pressing_team_as_opponent
3773466_p142_c320f8bc,3773466,0,1,1,0,final_third_entry,8.391,0.0,,evaluated_pressing_team_as_opponent
3773466_p145_f4c5fd71,3773466,0,1,1,0,final_third_entry,8.097,0.0,,evaluated_pressing_team_as_opponent
3773466_p148_d17346ea,3773466,0,1,1,0,final_third_entry,6.58,0.0,,evaluated_pressing_team_as_opponent
3773387_p41_2ccdaeb9,3773387,0,1,1,0,final_third_entry,11.862,3.143000000000029,,evaluated_pressing_team_as_opponent
3773387_p42_d2577767,3773387,0,1,1,0,shot,5.745,0.0,,evaluated_pressing_team_as_opponent
3773387_p54_7ac1e7a0,3773387,0,1,1,0,final_third_entry,6.116,0.0,,evaluated_pressing_team_as_opponent
3773387_p75_8593843e,3773387,0,1,1,0,final_third_entry,12.285,0.0,,evaluated_pressing_team_as_opponent
3773387_p148_7bc9ef0f,3773387,0,1,1,0,final_third_entry,2.504,0.0,,evaluated_pressing_team_as_opponent
3773387_p151_33680c28,3773387,0,1,1,0,final_third_entry,11.704,3.505999999999858,,evaluated_pressing_team_as_opponent
3773695_p14_5ca31db2,3773695,0,1,1,0,final_third_entry,8.58,1.7709999999999582,,evaluated_pressing_team_as_opponent
3773695_p31_7e66b989,3773695,0,1,1,0,final_third_entry,14.134,1.9100000000000819,,evaluated_pressing_team_as_opponent
3773695_p74_7c23aa90,3773695,0,1,1,0,final_third_entry,7.327,0.4630000000001928,,evaluated_pressing_team_as_opponent
3773695_p78_56bccc47,3773695,0,1,1,0,final_third_entry,10.028,0.0,,evaluated_pressing_team_as_opponent
3764661_p98_4274b3d0,3764661,0,1,1,0,final_third_entry,11.196,2.2210000000000036,,evaluated_pressing_team_as_opponent
3764661_p118_aa30a3f4,3764661,0,1,1,0,final_third_entry,3.557,0.45900000000006,,evaluated_pressing_team_as_opponent
3764661_p124_29c91c0a,3764661,0,1,1,0,final_third_entry,5.691,0.0,,evaluated_pressing_team_as_opponent
3773597_p5_16f24f3e,3773597,0,1,1,0,final_third_entry,7.886,1.98599999999999,,evaluated_pressing_team_as_opponent
3773597_p37_13c57bb4,3773597,0,1,1,0,final_third_entry,2.512,0.0,,evaluated_pressing_team_as_opponent
3773597_p39_04ad42ef,3773597,0,1,1,0,final_third_entry,7.457,0.8190000000001874,,evaluated_pressing_team_as_opponent
3773597_p61_bbbf9248,3773597,0,1,1,0,shot,13.671,0.3450000000000273,,evaluated_pressing_team_as_opponent
3773597_p87_728084d7,3773597,0,1,1,0,shot,8.268,1.2340000000000089,,evaluated_pressing_team_as_opponent
3773597_p94_40cbe4ac,3773597,0,1,1,0,final_third_entry,3.749,0.8109999999999786,,evaluated_pressing_team_as_opponent
3773597_p100_d921b1d8,3773597,0,1,1,0,final_third_entry,7.774,0.0,,evaluated_pressing_team_as_opponent
3773597_p106_1f332631,3773597,0,1,1,0,final_third_entry,7.458,1.8220000000000027,,evaluated_pressing_team_as_opponent
3773597_p121_4fb4f43d,3773597,0,1,1,0,final_third_entry,13.515,1.3299999999999272,,evaluated_pressing_team_as_opponent
3773597_p130_2a3b05cc,3773597,0,1,1,0,final_third_entry,13.872,1.3460000000000036,,evaluated_pressing_team_as_opponent
3773597_p183_f83795a6,3773597,0,1,1,0,final_third_entry,12.14,0.4950000000003456,,evaluated_pressing_team_as_opponent
3773597_p196_dec450a2,3773597,0,1,1,0,shot,6.881,0.0,,evaluated_pressing_team_as_opponent
3773547_p63_245cd643,3773547,0,1,1,0,final_third_entry,7.518,0.0,,evaluated_pressing_team_as_opponent
3773547_p133_571371c8,3773547,0,1,1,0,final_third_entry,3.633,0.0,,evaluated_pressing_team_as_opponent
3773547_p144_203d90f6,3773547,0,1,1,0,final_third_entry,11.814,1.7729999999999109,,evaluated_pressing_team_as_opponent
3773547_p174_62cb24b2,3773547,0,1,1,0,final_third_entry,9.104,0.6049999999997908,,evaluated_pressing_team_as_opponent
3773547_p177_a7b9053c,3773547,0,1,1,0,shot,11.973,0.0,,evaluated_pressing_team_as_opponent
3773547_p179_fce79072,3773547,0,1,1,0,final_third_entry,13.23,0.0,,evaluated_pressing_team_as_opponent
3773547_p184_2099277d,3773547,0,1,1,0,final_third_entry,13.653,2.4340000000001965,,evaluated_pressing_team_as_opponent
3773547_p187_8d6ac282,3773547,0,1,1,0,shot,13.632,1.2210000000000036,,evaluated_pressing_team_as_opponent
3773474_p41_a8549fa4,3773474,0,1,1,0,final_third_entry,9.068,4.855000000000018,,evaluated_pressing_team_as_opponent
3773474_p43_da7cb6f4,3773474,0,1,1,0,final_third_entry,8.522,1.1259999999999764,,evaluated_pressing_team_as_opponent
3773474_p59_46b1d5f0,3773474,0,1,1,0,final_third_entry,12.935,3.0340000000001055,,evaluated_pressing_team_as_opponent
3773474_p60_0cb8c265,3773474,0,1,1,0,final_third_entry,6.657,0.0,,evaluated_pressing_team_as_opponent
3773474_p90_0a78ad3b,3773474,0,1,1,0,final_third_entry,11.658,0.0,,evaluated_pressing_team_as_opponent
3773474_p103_ab7a7930,3773474,0,1,1,0,final_third_entry,9.491,0.0,,evaluated_pressing_team_as_opponent
3773474_p134_2df775e0,3773474,0,1,1,0,shot,12.898,0.0,,evaluated_pressing_team_as_opponent
3773474_p152_073bfa7f,3773474,0,1,1,0,final_third_entry,12.024,0.0,,evaluated_pressing_team_as_opponent
3773571_p35_86da6542,3773571,0,1,1,0,final_third_entry,13.294,1.663000000000011,,evaluated_pressing_team_as_opponent
3773571_p36_d5a578e4,3773571,0,1,1,0,final_third_entry,11.337,0.7520000000001801,,evaluated_pressing_team_as_opponent
3773571_p43_70d343fc,3773571,0,1,1,0,shot,14.029,0.0,,evaluated_pressing_team_as_opponent
3773571_p52_9d4345d1,3773571,0,1,1,0,final_third_entry,10.742,0.5769999999999982,,evaluated_pressing_team_as_opponent
3773571_p142_70073c1a,3773571,0,1,1,0,shot,9.668,1.1840000000000828,,evaluated_pressing_team_as_opponent
3773571_p177_2c0443fb,3773571,0,1,1,0,final_third_entry,12.092,0.7999999999999545,,evaluated_pressing_team_as_opponent
3773571_p213_174a69cd,3773571,0,1,0,0,shot,11.169,6.038000000000011,,evaluated_pressing_team_as_opponent
3773428_p99_82ee86eb,3773428,0,1,1,0,final_third_entry,8.473,0.0,,evaluated_pressing_team_as_opponent
3773526_p3_5246fb10,3773526,0,1,1,0,final_third_entry,12.296,3.3970000000000056,,evaluated_pressing_team_as_opponent
3773526_p5_08ddab41,3773526,0,1,1,0,final_third_entry,4.966,1.8900000000000432,,evaluated_pressing_team_as_opponent
3773526_p7_4c3a7e23,3773526,0,1,1,0,final_third_entry,12.237,1.8109999999999786,,evaluated_pressing_team_as_opponent
3773526_p25_2ff7af14,3773526,0,1,1,0,final_third_entry,5.786,1.3940000000000055,,evaluated_pressing_team_as_opponent
3773526_p35_898d938a,3773526,0,1,1,0,final_third_entry,10.177,1.5930000000000746,,evaluated_pressing_team_as_opponent
3773526_p46_b646e1c8,3773526,0,1,1,0,final_third_entry,9.442,0.0,,evaluated_pressing_team_as_opponent
3773526_p48_c3f8bafb,3773526,0,1,1,0,final_third_entry,3.926,0.0,,evaluated_pressing_team_as_opponent
3773526_p65_883ae5d3,3773526,0,1,1,0,final_third_entry,13.704,4.710999999999785,,evaluated_pressing_team_as_opponent
3773526_p100_e7e1eaaf,3773526,0,1,0,0,final_third_entry,7.379,6.257999999999811,,evaluated_pressing_team_as_opponent
3773526_p105_8e746953,3773526,0,1,1,0,final_third_entry,7.106,3.8379999999999654,,evaluated_pressing_team_as_opponent
3773477_p83_66f8918a,3773477,0,1,1,0,final_third_entry,8.322,1.6539999999999964,,evaluated_pressing_team_as_opponent
3773477_p88_482e12ba,3773477,0,1,1,0,final_third_entry,3.657,1.021000000000015,,evaluated_pressing_team_as_opponent
3764440_p20_384524f3,3764440,0,1,1,0,final_third_entry,4.504,0.31100000000003547,,evaluated_pressing_team_as_opponent
3764440_p22_1dda9482,3764440,0,1,1,0,final_third_entry,8.738,1.1779999999999973,,evaluated_pressing_team_as_opponent
3764440_p33_472df80c,3764440,0,1,1,0,final_third_entry,7.677,1.125,,evaluated_pressing_team_as_opponent
3764440_p79_846da265,3764440,0,1,1,0,final_third_entry,6.744,1.2990000000000919,,evaluated_pressing_team_as_opponent
3764440_p97_3f5a4984,3764440,0,1,1,0,shot,11.702,0.0,,evaluated_pressing_team_as_opponent
3764440_p119_7a4620e5,3764440,0,1,1,0,shot,13.164,1.3029999999998836,,evaluated_pressing_team_as_opponent
3764440_p121_a6480841,3764440,0,1,1,0,final_third_entry,8.707,0.0,,evaluated_pressing_team_as_opponent
3764440_p133_69ecd662,3764440,0,1,1,0,final_third_entry,8.989,1.5019999999999527,,evaluated_pressing_team_as_opponent
3773403_p11_75126d7d,3773403,0,1,1,0,shot,6.011,0.625,,evaluated_pressing_team_as_opponent
3773403_p28_bd3a2968,3773403,0,1,1,0,final_third_entry,4.941,0.8249999999999318,,evaluated_pressing_team_as_opponent
3773403_p42_cf006418,3773403,0,1,1,0,final_third_entry,6.137,1.38799999999992,,evaluated_pressing_team_as_opponent
3773403_p46_6f7ede58,3773403,0,1,1,0,final_third_entry,2.956,1.6059999999999945,,evaluated_pressing_team_as_opponent
3773403_p97_a31c5bfe,3773403,0,1,1,0,shot,9.665,0.5910000000000082,,evaluated_pressing_team_as_opponent
3773403_p123_11d41453,3773403,0,1,1,0,final_third_entry,14.323,1.870999999999981,,evaluated_pressing_team_as_opponent
3773403_p128_23fccee3,3773403,0,1,1,0,final_third_entry,3.688,1.7709999999999582,,evaluated_pressing_team_as_opponent
3773403_p160_606fc65b,3773403,0,1,1,0,final_third_entry,12.514,3.3840000000000146,,evaluated_pressing_team_as_opponent
3773403_p164_2bc22562,3773403,0,1,1,0,final_third_entry,6.794,1.2800000000002,,evaluated_pressing_team_as_opponent
3773403_p177_ff7e720d,3773403,0,1,1,0,shot,11.43,0.0,,evaluated_pressing_team_as_opponent
3773403_p187_9611199a,3773403,0,1,1,0,final_third_entry,14.09,2.0540000000000873,,evaluated_pressing_team_as_opponent
3773625_p13_c0f39ed6,3773625,0,1,1,0,final_third_entry,13.95,0.7869999999999777,,evaluated_pressing_team_as_opponent
3773625_p58_51a16333,3773625,0,1,1,0,final_third_entry,3.131,1.5080000000000382,,evaluated_pressing_team_as_opponent
3773625_p77_f4240fdd,3773625,0,1,1,0,final_third_entry,3.721,1.4750000000001364,,evaluated_pressing_team_as_opponent
3773625_p154_8f743db0,3773625,0,1,1,0,final_third_entry,6.758,0.8530000000000655,,evaluated_pressing_team_as_opponent
3773625_p161_fc687055,3773625,0,1,1,0,final_third_entry,6.973,1.94399999999996,,evaluated_pressing_team_as_opponent
3773523_p127_8f9fb148,3773523,0,1,1,0,final_third_entry,2.811,0.0,,evaluated_pressing_team_as_opponent
3773523_p138_d346efc5,3773523,0,1,1,0,final_third_entry,12.5,0.0,,evaluated_pressing_team_as_opponent
3773523_p157_f562e4ac,3773523,0,1,1,0,final_third_entry,7.414,1.38799999999992,,evaluated_pressing_team_as_opponent
3838017_p59_88e16557,3838017,0,1,1,0,final_third_entry,10.749,1.231000000000222,,evaluated_pressing_team_as_opponent
3838017_p61_becb2f6e,3838017,0,1,1,0,shot,3.06,0.5830000000000837,,evaluated_pressing_team_as_opponent
3838017_p80_a7395c88,3838017,0,1,0,0,final_third_entry,14.228,5.560000000000002,,evaluated_pressing_team_as_opponent
3838017_p115_25b51260,3838017,0,1,1,0,final_third_entry,3.644,2.55600000000004,,evaluated_pressing_team_as_opponent
3773415_p86_9f471e5a,3773415,0,1,1,0,final_third_entry,3.657,1.6869999999999994,,evaluated_pressing_team_as_opponent
3773415_p95_1511b627,3773415,0,1,1,0,final_third_entry,12.535,4.2970000000000255,,evaluated_pressing_team_as_opponent
3773415_p98_25545164,3773415,0,1,1,0,final_third_entry,5.659,0.0,,evaluated_pressing_team_as_opponent
3773415_p115_cee91338,3773415,0,1,0,0,final_third_entry,14.503,6.125,,evaluated_pressing_team_as_opponent
3773415_p145_e54d3bfe,3773415,0,1,1,0,final_third_entry,2.978,1.0949999999998,,evaluated_pressing_team_as_opponent
3837902_p9_17b8ab8d,3837902,0,1,1,0,final_third_entry,9.568,0.0,,evaluated_pressing_team_as_opponent
3837902_p18_d3d5f234,3837902,0,1,1,0,final_third_entry,9.69,0.0,,evaluated_pressing_team_as_opponent
3837902_p35_0b769aab,3837902,0,1,1,0,final_third_entry,9.22,0.0,,evaluated_pressing_team_as_opponent
3837902_p95_f57ea62c,3837902,0,1,1,0,final_third_entry,8.958,1.7250000000003638,,evaluated_pressing_team_as_opponent
3837902_p101_3c0bce6d,3837902,0,1,1,0,shot,14.038,0.0,,evaluated_pressing_team_as_opponent
3837902_p108_001d4964,3837902,0,1,1,0,final_third_entry,10.197,3.5859999999999985,,evaluated_pressing_team_as_opponent
3837902_p121_cd60865d,3837902,0,1,1,0,final_third_entry,13.762,2.7270000000000323,,evaluated_pressing_team_as_opponent
3837902_p135_b7901188,3837902,0,1,1,0,final_third_entry,14.829,1.1259999999999764,,evaluated_pressing_team_as_opponent
3837827_p10_8449e080,3837827,0,1,1,0,shot,3.705,0.0,,evaluated_pressing_team_as_opponent
3837827_p46_4cdef497,3837827,0,1,1,0,final_third_entry,7.048,0.0,,evaluated_pressing_team_as_opponent
3837827_p47_e7588aad,3837827,0,1,1,0,final_third_entry,11.745,0.0,,evaluated_pressing_team_as_opponent
3837827_p69_8c22cbbc,3837827,0,1,1,0,shot,11.708,0.0,,evaluated_pressing_team_as_opponent
3837827_p74_27846691,3837827,0,1,1,0,final_third_entry,13.012,0.3550000000000182,,evaluated_pressing_team_as_opponent
3773689_p57_31ecfe3a,3773689,0,1,1,0,final_third_entry,9.084,3.2819999999999254,,evaluated_pressing_team_as_opponent
3773689_p73_5064862d,3773689,0,1,1,0,final_third_entry,5.692,1.6600000000003092,,evaluated_pressing_team_as_opponent
3773689_p78_3629beb0,3773689,0,1,1,0,final_third_entry,3.26,1.58199999999988,,evaluated_pressing_team_as_opponent
3773689_p80_ffff7f54,3773689,0,1,1,0,final_third_entry,13.329,0.0,,evaluated_pressing_team_as_opponent
3773689_p100_4f3b9908,3773689,0,1,1,0,final_third_entry,14.728,1.2089999999999463,,evaluated_pressing_team_as_opponent
3773689_p147_d80caa76,3773689,0,1,1,0,final_third_entry,8.754,1.324999999999818,,evaluated_pressing_team_as_opponent
3837928_p7_5c14809b,3837928,0,1,1,0,final_third_entry,1.874,0.7180000000000177,,evaluated_pressing_team_as_opponent
3837928_p61_931ed750,3837928,0,1,1,0,shot,8.046,1.9769999999998618,,evaluated_pressing_team_as_opponent
3837928_p71_3834c884,3837928,0,1,1,0,final_third_entry,8.183,2.144000000000233,,evaluated_pressing_team_as_opponent
3837928_p78_47d67f93,3837928,0,1,1,0,final_third_entry,0.854,0.0,,evaluated_pressing_team_as_opponent
3837928_p79_fde9ba2f,3837928,0,1,1,0,final_third_entry,13.133,0.7289999999998145,,evaluated_pressing_team_as_opponent
3837928_p83_2cd7f1c2,3837928,0,1,0,0,final_third_entry,14.14,6.335999999999785,,evaluated_pressing_team_as_opponent
3837928_p89_21e86e17,3837928,0,1,1,0,final_third_entry,14.265,2.3099999999999454,,evaluated_pressing_team_as_opponent
3837928_p113_4ab9883e,3837928,0,1,1,0,final_third_entry,12.764,2.3869999999999436,,evaluated_pressing_team_as_opponent
3837928_p125_e0a01695,3837928,0,1,1,0,shot,12.578,1.6330000000000382,,evaluated_pressing_team_as_opponent
3837928_p142_b3d1b49d,3837928,0,1,1,0,final_third_entry,4.858,0.7590000000000146,,evaluated_pressing_team_as_opponent
3837928_p155_1b2df100,3837928,0,1,1,0,final_third_entry,12.036,1.238999999999578,,evaluated_pressing_team_as_opponent
3837928_p162_e9a4cb98,3837928,0,1,1,0,final_third_entry,8.071,0.0,,evaluated_pressing_team_as_opponent
3837785_p67_201c6fa0,3837785,0,1,1,0,final_third_entry,10.022,1.6280000000001564,,evaluated_pressing_team_as_opponent
3837785_p82_485e6c7e,3837785,0,1,1,0,final_third_entry,11.272,1.882000000000005,,evaluated_pressing_team_as_opponent
3837785_p110_fdef174d,3837785,0,1,1,0,shot,14.402,0.0,,evaluated_pressing_team_as_opponent
3837785_p112_d5e2261d,3837785,0,1,1,0,final_third_entry,8.46,1.199999999999818,,evaluated_pressing_team_as_opponent
3837785_p128_38bb1ad4,3837785,0,1,1,0,final_third_entry,5.05,0.5140000000001237,,evaluated_pressing_team_as_opponent
3837876_p17_a14f1b75,3837876,0,1,1,0,final_third_entry,12.915,0.0,,evaluated_pressing_team_as_opponent
3837876_p34_1354a693,3837876,0,1,1,0,final_third_entry,11.88,0.0,,evaluated_pressing_team_as_opponent
3837876_p90_0d809610,3837876,0,1,1,0,final_third_entry,2.573,1.5049999999999955,,evaluated_pressing_team_as_opponent
3837876_p98_8034d6ef,3837876,0,1,1,0,final_third_entry,3.443,1.91599999999994,,evaluated_pressing_team_as_opponent
3837876_p102_43ca35f5,3837876,0,1,1,0,final_third_entry,9.897,1.1589999999999918,,evaluated_pressing_team_as_opponent
3837876_p102_e7f9b006,3837876,0,1,1,0,final_third_entry,7.042,0.47899999999992815,11.081,v26_premature_regain_censoring
3837876_p173_104afcd2,3837876,0,1,1,0,final_third_entry,3.816,1.8179999999997563,,evaluated_pressing_team_as_opponent
3837876_p184_f971270a,3837876,0,1,1,0,final_third_entry,12.999,0.9660000000003492,,evaluated_pressing_team_as_opponent
3837747_p2_a1496265,3837747,0,1,1,0,final_third_entry,13.122,3.923000000000002,,evaluated_pressing_team_as_opponent
3837747_p38_fafd7dee,3837747,0,1,1,0,final_third_entry,10.317,1.1550000000000864,,evaluated_pressing_team_as_opponent
3837747_p55_1eeb8013,3837747,0,1,1,0,final_third_entry,14.516,0.8269999999999982,,evaluated_pressing_team_as_opponent
3837747_p78_4ce69897,3837747,0,1,1,0,shot,9.998,0.0,,evaluated_pressing_team_as_opponent
3837747_p91_9d09662f,3837747,0,1,1,0,final_third_entry,2.467,0.0,,evaluated_pressing_team_as_opponent
3837747_p95_18533aab,3837747,0,1,1,0,shot,6.856,0.9400000000000546,,evaluated_pressing_team_as_opponent
3837747_p106_8930773c,3837747,0,1,1,0,final_third_entry,10.802,2.316999999999979,,evaluated_pressing_team_as_opponent
3837747_p110_050ce10e,3837747,0,1,1,0,final_third_entry,14.456,0.0,,evaluated_pressing_team_as_opponent
3837747_p120_740675ad,3837747,0,1,1,0,final_third_entry,12.291,3.1700000000000728,,evaluated_pressing_team_as_opponent
3837747_p140_7ac584bf,3837747,0,1,1,0,final_third_entry,2.205,1.3179999999999836,,evaluated_pressing_team_as_opponent
3837747_p142_14e210c6,3837747,0,1,1,0,final_third_entry,8.324,0.8170000000000073,,evaluated_pressing_team_as_opponent
3837747_p146_886c6abc,3837747,0,1,1,0,final_third_entry,6.07,0.0,,evaluated_pressing_team_as_opponent
3837747_p171_7f7a1a72,3837747,0,1,1,0,final_third_entry,6.25,0.0,,evaluated_pressing_team_as_opponent
3837987_p16_89df1bdd,3837987,0,1,1,0,shot,6.138,0.0,,evaluated_pressing_team_as_opponent
3837987_p41_cce4f55b,3837987,0,1,1,0,final_third_entry,4.726,0.0,,evaluated_pressing_team_as_opponent
3837987_p45_cd610500,3837987,0,1,1,0,shot,13.229,2.5799999999999272,,evaluated_pressing_team_as_opponent
3837987_p87_aecc10e6,3837987,0,1,1,0,final_third_entry,9.431,2.1649999999999636,,evaluated_pressing_team_as_opponent
3837987_p89_cdb9fab3,3837987,0,1,1,0,final_third_entry,6.944,1.641999999999996,,evaluated_pressing_team_as_opponent
3837987_p99_a61ea980,3837987,0,1,1,0,final_third_entry,7.531,0.28499999999996817,,evaluated_pressing_team_as_opponent
3837987_p133_b202c17c,3837987,0,1,1,0,shot,11.901,0.8679999999999382,,evaluated_pressing_team_as_opponent
3837987_p138_584a3727,3837987,0,1,1,0,final_third_entry,3.797,0.0,,evaluated_pressing_team_as_opponent
3837818_p12_955a7c4f,3837818,0,1,1,0,final_third_entry,1.744,0.7430000000000518,,evaluated_pressing_team_as_opponent
3837818_p20_e98999c2,3837818,0,1,1,0,final_third_entry,9.914,1.2699999999999818,,evaluated_pressing_team_as_opponent
3837818_p62_b9b0835b,3837818,0,1,1,0,final_third_entry,7.379,2.842170943040401e-14,,evaluated_pressing_team_as_opponent
3837818_p69_b71d9b86,3837818,0,1,1,0,final_third_entry,4.829,0.0,,evaluated_pressing_team_as_opponent
3837818_p105_97438a24,3837818,0,1,1,0,final_third_entry,3.141,0.0,,evaluated_pressing_team_as_opponent
3837818_p106_d6530015,3837818,0,1,1,0,final_third_entry,9.554,0.0,,evaluated_pressing_team_as_opponent
3837818_p107_429fd58c,3837818,0,1,1,0,final_third_entry,10.976,1.9770000000000891,,evaluated_pressing_team_as_opponent
3837818_p132_78221a5c,3837818,0,1,1,0,shot,13.062,0.28700000000026193,,evaluated_pressing_team_as_opponent
3837918_p10_b1070b03,3837918,0,1,1,0,final_third_entry,12.319,3.165999999999997,,evaluated_pressing_team_as_opponent
3837918_p109_6243baab,3837918,0,1,1,0,final_third_entry,7.2,1.3710000000000946,,evaluated_pressing_team_as_opponent
3837918_p139_90d0fc01,3837918,0,1,1,0,final_third_entry,12.429,0.9379999999996471,,evaluated_pressing_team_as_opponent
3837918_p140_e780fbf0,3837918,0,1,1,0,final_third_entry,12.581,0.0,,evaluated_pressing_team_as_opponent
3837839_p9_a710b50f,3837839,0,1,1,0,final_third_entry,10.712,0.6490000000000009,,evaluated_pressing_team_as_opponent
3837839_p44_effec246,3837839,0,1,1,0,final_third_entry,5.715,1.2749999999998636,,evaluated_pressing_team_as_opponent
3837839_p53_d2910da9,3837839,0,1,1,0,shot,7.804,0.0,,evaluated_pressing_team_as_opponent
3837839_p67_762fc7e7,3837839,0,1,1,0,final_third_entry,8.168,0.0,,evaluated_pressing_team_as_opponent
3837839_p106_80a23795,3837839,0,1,1,0,final_third_entry,13.86,1.1409999999999627,,evaluated_pressing_team_as_opponent
3837839_p131_2302ae5f,3837839,0,1,1,0,final_third_entry,10.464,2.2509999999999764,,evaluated_pressing_team_as_opponent
3837839_p145_04c3ae1e,3837839,0,1,0,0,final_third_entry,13.288,5.168999999999869,,evaluated_pressing_team_as_opponent
3837839_p150_47f173b8,3837839,0,1,1,0,final_third_entry,5.95,1.574999999999818,,evaluated_pressing_team_as_opponent
3837885_p16_558b84dc,3837885,0,1,1,0,final_third_entry,2.869,1.1459999999999582,,evaluated_pressing_team_as_opponent
3837885_p26_dd5f8fe8,3837885,0,1,1,0,final_third_entry,2.302,0.0,,evaluated_pressing_team_as_opponent
3837885_p29_05595778,3837885,0,1,1,0,final_third_entry,7.987,0.9869999999999663,,evaluated_pressing_team_as_opponent
3837885_p47_8516c704,3837885,0,1,1,0,final_third_entry,8.399,1.5140000000001237,,evaluated_pressing_team_as_opponent
3837885_p86_0bf3824a,3837885,0,1,1,0,final_third_entry,11.975,0.6999999999998181,,evaluated_pressing_team_as_opponent
3837885_p86_21821e41,3837885,0,1,0,0,final_third_entry,9.699,6.801000000000386,,horizon_or_timing_shift
3837885_p91_0f24fa55,3837885,0,1,1,0,final_third_entry,3.455,0.0,,evaluated_pressing_team_as_opponent
3837885_p120_f4f37dd6,3837885,0,1,1,0,final_third_entry,9.952,0.7049999999999272,,evaluated_pressing_team_as_opponent
3837885_p128_083fe88d,3837885,0,1,1,0,final_third_entry,5.998,3.785000000000082,,evaluated_pressing_team_as_opponent
3837680_p42_9aec2577,3837680,0,1,1,0,shot,7.638,1.461999999999989,,evaluated_pressing_team_as_opponent
3837680_p83_d69a56d2,3837680,0,1,1,0,final_third_entry,7.686,0.68100000000004,,evaluated_pressing_team_as_opponent
3837680_p96_7b8e8ae2,3837680,0,1,1,0,shot,9.077,0.0,,evaluated_pressing_team_as_opponent
3837680_p104_4081bfba,3837680,0,1,1,0,final_third_entry,10.252,1.694999999999709,,evaluated_pressing_team_as_opponent
3837680_p117_267c54e2,3837680,0,1,1,0,final_third_entry,11.456,1.2310000000000514,,evaluated_pressing_team_as_opponent
3837680_p121_1b17e7da,3837680,0,1,1,0,final_third_entry,13.386,0.8260000000000218,,evaluated_pressing_team_as_opponent
3837680_p135_74a47066,3837680,0,1,1,0,final_third_entry,12.348,0.0,,evaluated_pressing_team_as_opponent
3837680_p161_3627a267,3837680,0,1,1,0,final_third_entry,14.26,0.0,,evaluated_pressing_team_as_opponent
3837963_p18_be70e736,3837963,0,1,1,0,final_third_entry,14.093,0.8269999999999982,,evaluated_pressing_team_as_opponent
3837963_p60_6b077c33,3837963,0,1,1,0,shot,13.058,1.1239999999997963,,evaluated_pressing_team_as_opponent
3837963_p140_7f00f49f,3837963,0,1,1,0,final_third_entry,12.649,1.8260000000000218,,evaluated_pressing_team_as_opponent
3837963_p145_4d8e7455,3837963,0,1,1,0,final_third_entry,9.936,1.3920000000002801,,evaluated_pressing_team_as_opponent
3837963_p158_530ee29a,3837963,0,1,1,0,final_third_entry,11.866,0.0,,evaluated_pressing_team_as_opponent
3837963_p160_9c8641e2,3837963,0,1,0,0,final_third_entry,10.254,8.869000000000142,,evaluated_pressing_team_as_opponent
3837659_p9_a9d53dc7,3837659,0,1,1,0,final_third_entry,7.487,0.0,,evaluated_pressing_team_as_opponent
3837659_p46_c7789015,3837659,0,1,1,0,final_third_entry,14.379,0.0,,evaluated_pressing_team_as_opponent
3837659_p73_b1e942fa,3837659,0,1,1,0,shot,3.858,0.0,,evaluated_pressing_team_as_opponent
3837659_p87_e0d64e39,3837659,0,1,1,0,final_third_entry,10.759,1.2919999999999163,,evaluated_pressing_team_as_opponent
3837659_p102_c8f41d0b,3837659,0,1,1,0,final_third_entry,14.453,1.9879999999999995,,horizon_or_timing_shift
3837659_p103_ca8bf9b9,3837659,0,1,1,0,shot,1.338,0.0,,evaluated_pressing_team_as_opponent
3837659_p167_2f143e33,3837659,0,1,1,0,shot,2.481,0.0,,evaluated_pressing_team_as_opponent
3837659_p173_6d68341e,3837659,0,1,1,0,final_third_entry,2.586,1.0419999999999163,,evaluated_pressing_team_as_opponent
3838004_p5_e4dcf63a,3838004,0,1,1,0,final_third_entry,11.59,1.2139999999999986,,evaluated_pressing_team_as_opponent
3838004_p18_b274b0cb,3838004,0,1,1,0,final_third_entry,10.283,0.0,,evaluated_pressing_team_as_opponent
3838004_p25_02f7482c,3838004,0,1,1,0,final_third_entry,6.746,0.9220000000000255,,evaluated_pressing_team_as_opponent
3838004_p102_d2bc8d8a,3838004,0,1,1,0,final_third_entry,14.208,1.053000000000111,,evaluated_pressing_team_as_opponent
3838004_p110_5dbb449a,3838004,0,1,1,0,final_third_entry,13.609,0.0,,evaluated_pressing_team_as_opponent
3838004_p126_a272c6e9,3838004,0,1,1,0,final_third_entry,11.335,1.0360000000000582,,evaluated_pressing_team_as_opponent
3837947_p100_011f8f9f,3837947,0,1,1,0,shot,12.878,0.0,,evaluated_pressing_team_as_opponent
3837947_p132_25cc8f06,3837947,0,1,1,0,shot,9.267,0.0,,evaluated_pressing_team_as_opponent
3837859_p25_fd76b969,3837859,0,1,1,0,shot,6.925,2.1000000000000227,,evaluated_pressing_team_as_opponent
3837859_p28_5eedb3e6,3837859,0,1,1,0,final_third_entry,4.475,3.634999999999991,,evaluated_pressing_team_as_opponent
3837859_p64_aa2a2e02,3837859,0,1,1,0,shot,9.504,0.0,,evaluated_pressing_team_as_opponent
3837859_p81_a8178c67,3837859,0,1,1,0,shot,13.004,4.302000000000021,,evaluated_pressing_team_as_opponent
3837859_p87_a7605e54,3837859,0,1,1,0,final_third_entry,1.817,0.0,,evaluated_pressing_team_as_opponent
3837859_p88_a9e134d5,3837859,0,1,1,0,final_third_entry,12.54,0.0,,evaluated_pressing_team_as_opponent
3837859_p100_a9f31c6f,3837859,0,1,1,0,final_third_entry,6.357,0.0,,evaluated_pressing_team_as_opponent
3837896_p5_20712b47,3837896,0,1,1,0,final_third_entry,4.744,0.0,,evaluated_pressing_team_as_opponent
3837896_p28_14f6ef0d,3837896,0,1,1,0,shot,11.662,3.606999999999971,,evaluated_pressing_team_as_opponent
3837896_p93_30ec5488,3837896,0,1,1,0,final_third_entry,10.91,0.47300000000007003,,evaluated_pressing_team_as_opponent
3837896_p130_f15a08f2,3837896,0,1,1,0,final_third_entry,6.956,0.3079999999999927,,evaluated_pressing_team_as_opponent
3837896_p141_cb70994d,3837896,0,1,1,0,shot,14.824,2.007000000000062,,evaluated_pressing_team_as_opponent
3837896_p156_56050e9c,3837896,0,1,1,0,final_third_entry,7.824,1.0329999999999018,,evaluated_pressing_team_as_opponent
3837896_p161_0223751e,3837896,0,1,1,0,final_third_entry,8.836,0.0,,evaluated_pressing_team_as_opponent
3837998_p14_7ea8bcda,3837998,0,1,1,0,shot,12.791,0.0,,evaluated_pressing_team_as_opponent
3837998_p28_48982ab3,3837998,0,1,1,0,shot,6.625,0.0,,evaluated_pressing_team_as_opponent
3837998_p36_b37e0283,3837998,0,1,1,0,final_third_entry,4.804,2.395000000000209,,evaluated_pressing_team_as_opponent
3837998_p44_fca75ffe,3837998,0,1,1,0,shot,10.725,0.0,,evaluated_pressing_team_as_opponent
3837998_p69_6a4e49dd,3837998,0,1,1,0,shot,8.188,0.7829999999999018,,evaluated_pressing_team_as_opponent
3837998_p86_abac9920,3837998,0,1,1,0,final_third_entry,5.054,0.0,,evaluated_pressing_team_as_opponent
3837998_p91_b5deebac,3837998,0,1,1,0,final_third_entry,2.856,0.8629999999999995,,evaluated_pressing_team_as_opponent
3837998_p98_794734e4,3837998,0,1,1,0,final_third_entry,10.627,0.0,,evaluated_pressing_team_as_opponent
3837998_p117_7d2cc32a,3837998,0,1,1,0,final_third_entry,12.141,1.3299999999999272,,evaluated_pressing_team_as_opponent
3837998_p118_800f3a28,3837998,0,1,1,0,final_third_entry,12.883,0.0,,evaluated_pressing_team_as_opponent
3837998_p131_f8e0f733,3837998,0,1,1,0,final_third_entry,10.054,3.6859999999996944,,evaluated_pressing_team_as_opponent
3837844_p4_ec04b3bd,3837844,0,1,1,0,final_third_entry,4.688,2.6779999999999973,,evaluated_pressing_team_as_opponent
3837844_p24_4b61f833,3837844,0,1,1,0,shot,10.881,0.0,,evaluated_pressing_team_as_opponent
3837844_p37_1ce7f9ad,3837844,0,1,1,0,final_third_entry,1.86,0.0,,evaluated_pressing_team_as_opponent
3837844_p40_bead24b8,3837844,0,1,1,0,final_third_entry,11.4,1.1920000000000073,,evaluated_pressing_team_as_opponent
3837844_p64_7402bb13,3837844,0,1,0,0,final_third_entry,10.843,5.638999999999669,,evaluated_pressing_team_as_opponent
3837844_p93_e095969d,3837844,0,1,1,0,final_third_entry,3.615,0.0,,evaluated_pressing_team_as_opponent
3837844_p113_f79584fe,3837844,0,1,1,0,final_third_entry,8.804,1.6010000000001128,,evaluated_pressing_team_as_opponent
3837844_p120_27951493,3837844,0,1,1,0,final_third_entry,12.09,4.332000000000107,,evaluated_pressing_team_as_opponent
3837938_p20_2b738cea,3837938,0,1,1,0,final_third_entry,11.026,1.0199999999999818,,evaluated_pressing_team_as_opponent
3837938_p54_a46ed2bf,3837938,0,1,1,0,final_third_entry,3.715,0.0,,evaluated_pressing_team_as_opponent
3837938_p71_0dec5924,3837938,0,1,1,0,shot,5.559,1.9229999999997744,,evaluated_pressing_team_as_opponent
3837938_p100_3299210f,3837938,0,1,1,0,final_third_entry,6.542,0.0,,evaluated_pressing_team_as_opponent
3837938_p114_e3e0a17f,3837938,0,1,1,0,final_third_entry,14.461,1.0699999999999363,,evaluated_pressing_team_as_opponent
3837938_p115_6e53269c,3837938,0,1,1,0,final_third_entry,14.786,0.0,,evaluated_pressing_team_as_opponent
3837938_p144_f3b80f76,3837938,0,1,1,0,final_third_entry,5.311,3.574000000000069,,evaluated_pressing_team_as_opponent
3837752_p6_850b86a0,3837752,0,1,1,0,final_third_entry,8.436,0.0,,evaluated_pressing_team_as_opponent
3837752_p10_37cead68,3837752,0,1,1,0,shot,7.147,2.9099999999999966,,evaluated_pressing_team_as_opponent
3837752_p20_a8b71e1b,3837752,0,1,1,0,final_third_entry,2.513,0.32200000000000273,,evaluated_pressing_team_as_opponent
3837752_p40_3cc1f959,3837752,0,1,1,0,final_third_entry,11.18,1.1779999999998836,,evaluated_pressing_team_as_opponent
3837752_p128_fd139e25,3837752,0,1,1,0,final_third_entry,8.724,0.0,,evaluated_pressing_team_as_opponent
3837752_p136_64e91c31,3837752,0,1,1,0,final_third_entry,3.455,1.3389999999999418,,evaluated_pressing_team_as_opponent
3837752_p145_7e1f2bc7,3837752,0,1,1,0,final_third_entry,9.462,0.8740000000000236,,evaluated_pressing_team_as_opponent
3837752_p151_4894072c,3837752,0,1,1,0,final_third_entry,3.957,0.5169999999998254,,evaluated_pressing_team_as_opponent
3837752_p156_8db06850,3837752,0,1,1,0,final_third_entry,13.798,1.0630000000001019,,evaluated_pressing_team_as_opponent
3837717_p7_3147ce2f,3837717,0,1,1,0,final_third_entry,7.614,0.4590000000000032,,evaluated_pressing_team_as_opponent
3837717_p11_9b199701,3837717,0,1,1,0,final_third_entry,1.009,0.0,,evaluated_pressing_team_as_opponent
3837717_p39_29c9b215,3837717,0,1,1,0,final_third_entry,6.462,0.0,,evaluated_pressing_team_as_opponent
3837717_p66_ddd3ef72,3837717,0,1,1,0,final_third_entry,10.97,4.557999999999993,,evaluated_pressing_team_as_opponent
3837717_p69_12447de4,3837717,0,1,1,0,shot,11.933,2.7789999999999964,,evaluated_pressing_team_as_opponent
3837717_p114_d1f5e255,3837717,0,1,1,0,final_third_entry,2.303,0.0,,evaluated_pressing_team_as_opponent
3837717_p142_2061fdef,3837717,0,1,1,0,shot,10.849,1.4480000000003201,,evaluated_pressing_team_as_opponent
3837717_p149_6688c599,3837717,0,1,1,0,final_third_entry,10.522,1.524000000000342,,evaluated_pressing_team_as_opponent
3837650_p18_b6664b4c,3837650,0,1,1,0,final_third_entry,12.709,1.2409999999999854,,evaluated_pressing_team_as_opponent
3837650_p31_a486e800,3837650,0,1,1,0,final_third_entry,1.845,0.0,,evaluated_pressing_team_as_opponent
3837650_p51_addde3eb,3837650,0,1,1,0,shot,9.99,1.8429999999998472,,evaluated_pressing_team_as_opponent
3837650_p81_54ed74b7,3837650,0,1,1,0,final_third_entry,7.921,0.0,,evaluated_pressing_team_as_opponent
3837650_p112_dda4c117,3837650,0,1,1,0,final_third_entry,14.09,0.0,,evaluated_pressing_team_as_opponent
3837650_p145_6e0c6bdd,3837650,0,1,1,0,shot,10.81,0.8440000000000509,,evaluated_pressing_team_as_opponent
3837771_p14_1d6c2085,3837771,0,1,1,0,shot,11.652,1.0450000000000728,,evaluated_pressing_team_as_opponent
3837771_p51_35fb7120,3837771,0,1,1,0,shot,8.636,2.01299999999992,,evaluated_pressing_team_as_opponent
3837771_p80_38386904,3837771,0,1,1,0,shot,13.619,0.47400000000001796,,evaluated_pressing_team_as_opponent
3837771_p98_98fe4eab,3837771,0,1,1,0,final_third_entry,10.817,0.0,,evaluated_pressing_team_as_opponent
3837771_p124_43e4d8e7,3837771,0,1,1,0,final_third_entry,6.878,1.3500000000001364,,evaluated_pressing_team_as_opponent
3837771_p145_b4989777,3837771,0,1,1,0,final_third_entry,10.666,0.0,,evaluated_pressing_team_as_opponent
3837771_p163_882cc5a3,3837771,0,1,1,0,final_third_entry,10.034,0.0,,evaluated_pressing_team_as_opponent
3837954_p2_a68b47ef,3837954,0,1,1,0,final_third_entry,14.73,2.9980000000000047,,evaluated_pressing_team_as_opponent
3837954_p6_43d6ab9f,3837954,0,1,1,0,shot,12.22,0.0,,evaluated_pressing_team_as_opponent
3837954_p34_2d46b3a6,3837954,0,1,1,0,shot,11.056,0.0,,evaluated_pressing_team_as_opponent
3837954_p52_e8a5841a,3837954,0,1,1,0,shot,6.286,0.9290000000000873,,evaluated_pressing_team_as_opponent
3837954_p120_dd418335,3837954,0,1,1,0,final_third_entry,7.011,0.0,,evaluated_pressing_team_as_opponent
3837695_p30_d6315808,3837695,0,1,1,0,shot,8.844,1.0039999999999054,,evaluated_pressing_team_as_opponent
3837695_p36_4ede745d,3837695,0,1,1,0,final_third_entry,12.371,0.0,,evaluated_pressing_team_as_opponent
3837695_p60_e340addf,3837695,0,1,1,0,final_third_entry,13.12,3.143000000000029,,evaluated_pressing_team_as_opponent
3837695_p132_c4f54441,3837695,0,1,1,0,final_third_entry,14.076,0.0,,evaluated_pressing_team_as_opponent
3802685_p48_51bc1eb4,3802685,0,1,1,0,final_third_entry,12.777,2.602000000000089,,evaluated_pressing_team_as_opponent
3802685_p104_3c8c4d32,3802685,0,1,1,0,final_third_entry,11.499,1.6889999999998508,,evaluated_pressing_team_as_opponent
3802685_p137_dc58f4d0,3802685,0,1,1,0,final_third_entry,9.226,2.981999999999971,,evaluated_pressing_team_as_opponent
3802685_p153_6f5efe46,3802685,0,1,1,0,final_third_entry,11.521,1.9770000000000891,,evaluated_pressing_team_as_opponent
3802685_p160_aa16f254,3802685,0,1,1,0,final_third_entry,12.199,0.0,,evaluated_pressing_team_as_opponent
3802685_p162_1af4807b,3802685,0,1,1,0,final_third_entry,12.334,1.2690000000000055,,evaluated_pressing_team_as_opponent
3802802_p14_188dbecb,3802802,0,1,1,0,final_third_entry,6.69,1.5120000000000005,,evaluated_pressing_team_as_opponent
3802802_p27_1b107524,3802802,0,1,1,0,final_third_entry,14.741,1.1090000000000373,,evaluated_pressing_team_as_opponent
3802802_p69_919d00bc,3802802,0,1,1,0,final_third_entry,7.85,0.0,,evaluated_pressing_team_as_opponent
3802802_p131_aaa5d978,3802802,0,1,1,0,final_third_entry,3.224,0.0,,evaluated_pressing_team_as_opponent
3802802_p150_aca7c73a,3802802,0,1,1,0,final_third_entry,11.123,1.8430000000000746,,evaluated_pressing_team_as_opponent
3802802_p166_dc663237,3802802,0,1,1,0,final_third_entry,9.144,1.9340000000001965,,evaluated_pressing_team_as_opponent
3802802_p179_e686a105,3802802,0,1,1,0,final_third_entry,7.193,0.0,,evaluated_pressing_team_as_opponent
3837727_p8_82568c17,3837727,0,1,1,0,final_third_entry,6.116,1.2769999999999868,,evaluated_pressing_team_as_opponent
3837727_p54_69f1efb5,3837727,0,1,1,0,shot,14.973,0.0,,evaluated_pressing_team_as_opponent
3837727_p71_0d94c7f8,3837727,0,1,1,0,final_third_entry,13.695,1.7980000000000018,,evaluated_pressing_team_as_opponent
3837727_p125_2aa6afae,3837727,0,1,1,0,final_third_entry,14.797,1.9050000000002,,evaluated_pressing_team_as_opponent
3837683_p10_7aef2a94,3837683,0,1,1,0,shot,6.4,0.7749999999999773,,evaluated_pressing_team_as_opponent
3837683_p42_86859ef3,3837683,0,1,1,0,final_third_entry,3.119,0.0,,evaluated_pressing_team_as_opponent
3837683_p51_3e0ab6a5,3837683,0,1,1,0,final_third_entry,10.731,0.0,,evaluated_pressing_team_as_opponent
3837683_p102_fbc7d65e,3837683,0,1,1,0,final_third_entry,8.955,0.0,,evaluated_pressing_team_as_opponent
3837683_p139_6f1b46b6,3837683,0,1,1,0,shot,2.939,0.0,,evaluated_pressing_team_as_opponent
3837683_p187_59caa81b,3837683,0,1,1,0,final_third_entry,6.844,0.0,,evaluated_pressing_team_as_opponent
3802752_p7_1b324230,3802752,0,1,1,0,final_third_entry,2.602,1.0969999999999942,,evaluated_pressing_team_as_opponent
3802752_p12_1e1900b7,3802752,0,1,1,0,final_third_entry,6.734,0.0,,evaluated_pressing_team_as_opponent
3802752_p32_14c15546,3802752,0,1,1,0,final_third_entry,9.028,0.9569999999999936,,evaluated_pressing_team_as_opponent
3802752_p137_0b016b9b,3802752,0,1,0,0,final_third_entry,14.15,5.4529999999999745,,evaluated_pressing_team_as_opponent
3802752_p142_1d3265b9,3802752,0,1,1,0,final_third_entry,4.545,0.0,,evaluated_pressing_team_as_opponent
3802752_p150_bdd3206f,3802752,0,1,1,0,final_third_entry,10.653,2.08400000000006,,evaluated_pressing_team_as_opponent
3802696_p26_2092d514,3802696,0,1,1,0,shot,3.642,0.0,,evaluated_pressing_team_as_opponent
3802696_p30_12cbf616,3802696,0,1,1,0,final_third_entry,5.049,1.6240000000000236,,evaluated_pressing_team_as_opponent
3802696_p48_9c385f9c,3802696,0,1,1,0,final_third_entry,13.341,1.2870000000000346,,evaluated_pressing_team_as_opponent
3802696_p72_fa85d8d4,3802696,0,1,1,0,final_third_entry,14.66,0.0,,evaluated_pressing_team_as_opponent
3802696_p96_a1994ae6,3802696,0,1,1,0,final_third_entry,2.642,0.0,,evaluated_pressing_team_as_opponent
3802696_p110_dd9c3ad6,3802696,0,1,1,0,final_third_entry,8.799,0.6029999999999518,,evaluated_pressing_team_as_opponent
3837662_p64_daf9d0d1,3837662,0,1,1,0,shot,12.091,1.3640000000000327,,evaluated_pressing_team_as_opponent
3837662_p81_f05bc36a,3837662,0,1,1,0,shot,11.479,0.5900000000001455,,evaluated_pressing_team_as_opponent
3837662_p84_820c1ef9,3837662,0,1,1,0,final_third_entry,4.321,0.0,,evaluated_pressing_team_as_opponent
3837662_p174_727b074b,3837662,0,1,1,0,final_third_entry,9.719,0.0,,evaluated_pressing_team_as_opponent
3837662_p178_ff6d2c7a,3837662,0,1,1,0,shot,14.533,0.73700000000008,,evaluated_pressing_team_as_opponent
3802643_p8_2c9cade2,3802643,0,1,1,0,final_third_entry,8.493,2.0329999999999586,,evaluated_pressing_team_as_opponent
3802643_p37_151f73c7,3802643,0,1,1,0,shot,9.6,0.2439999999999145,,evaluated_pressing_team_as_opponent
3802643_p39_59548850,3802643,0,1,1,0,final_third_entry,5.696,0.0,,evaluated_pressing_team_as_opponent
3802643_p77_4941a8e5,3802643,0,1,1,0,final_third_entry,7.737,2.0289999999999964,,evaluated_pressing_team_as_opponent
3802643_p117_5656e15e,3802643,0,1,1,0,final_third_entry,10.066,2.143000000000029,,evaluated_pressing_team_as_opponent
3802643_p146_0ef83fc5,3802643,0,1,1,0,final_third_entry,6.943,2.2640000000001237,,evaluated_pressing_team_as_opponent
3802643_p155_29405056,3802643,0,1,1,0,shot,7.01,0.0,,evaluated_pressing_team_as_opponent
3803000_p28_84cffe16,3803000,0,1,1,0,final_third_entry,6.746,4.451999999999998,,evaluated_pressing_team_as_opponent
3803000_p59_9e4bd891,3803000,0,1,1,0,final_third_entry,4.891,1.6079999999999472,,evaluated_pressing_team_as_opponent
3803000_p72_b33a2021,3803000,0,1,1,0,final_third_entry,11.281,0.0,,evaluated_pressing_team_as_opponent
3802699_p12_fb626213,3802699,0,1,1,0,final_third_entry,8.791,0.0,,evaluated_pressing_team_as_opponent
3802699_p27_182957fe,3802699,0,1,1,0,shot,5.269,1.2649999999999864,,evaluated_pressing_team_as_opponent
3802699_p30_ee4269ad,3802699,0,1,1,0,final_third_entry,10.421,0.2880000000000109,,evaluated_pressing_team_as_opponent
3802699_p57_cb5ab30a,3802699,0,1,1,0,final_third_entry,13.678,0.45900000000006,,evaluated_pressing_team_as_opponent
3802699_p72_feabbadb,3802699,0,1,1,0,final_third_entry,9.39,2.161999999999807,,evaluated_pressing_team_as_opponent
3802699_p99_de06d328,3802699,0,1,1,0,final_third_entry,7.29,1.6739999999999782,,evaluated_pressing_team_as_opponent
3802699_p106_0e565d62,3802699,0,1,1,0,final_third_entry,10.833,1.0860000000000127,,evaluated_pressing_team_as_opponent
3802699_p107_4ef8049d,3802699,0,1,1,0,final_third_entry,12.169,0.0,,evaluated_pressing_team_as_opponent
3802699_p109_e580e06c,3802699,0,1,1,0,shot,14.803,1.8170000000000073,,evaluated_pressing_team_as_opponent
3802699_p148_ced3f156,3802699,0,1,1,0,final_third_entry,10.124,0.9819999999999709,,evaluated_pressing_team_as_opponent
3802699_p154_eaf97e95,3802699,0,1,1,0,final_third_entry,6.662,1.538000000000011,,evaluated_pressing_team_as_opponent
3802699_p155_743f7ebb,3802699,0,1,1,0,shot,12.648,1.0190000000002328,,evaluated_pressing_team_as_opponent
3802699_p159_e76f59bf,3802699,0,1,1,0,final_third_entry,6.32,0.83199999999988,,evaluated_pressing_team_as_opponent
3802699_p164_8063418a,3802699,0,1,1,0,final_third_entry,4.369,0.0,,evaluated_pressing_team_as_opponent
3802809_p27_944b4502,3802809,0,1,1,0,final_third_entry,5.553,0.9029999999999063,,evaluated_pressing_team_as_opponent
3802809_p40_2f47a38b,3802809,0,1,1,0,shot,10.027,0.8440000000000509,,evaluated_pressing_team_as_opponent
3802809_p45_a36a2365,3802809,0,1,1,0,final_third_entry,9.219,1.1449999999999818,,evaluated_pressing_team_as_opponent
3802809_p50_645a77cc,3802809,0,1,1,0,final_third_entry,12.094,0.0,,evaluated_pressing_team_as_opponent
3802809_p61_4d50e445,3802809,0,1,1,0,final_third_entry,4.367,1.1820000000000164,,evaluated_pressing_team_as_opponent
3802809_p72_7bcb7bea,3802809,0,1,1,0,final_third_entry,11.598,0.0,,evaluated_pressing_team_as_opponent
3802809_p86_d8dbc601,3802809,0,1,1,0,final_third_entry,13.736,0.0,,evaluated_pressing_team_as_opponent
3802809_p165_557b7473,3802809,0,1,1,0,final_third_entry,14.94,0.0,,evaluated_pressing_team_as_opponent
3802907_p29_71300b18,3802907,0,1,1,0,final_third_entry,13.062,0.0,,evaluated_pressing_team_as_opponent
3802907_p34_fc70f45e,3802907,0,1,1,0,final_third_entry,6.932,0.8040000000000873,,evaluated_pressing_team_as_opponent
3802907_p36_83fbeaee,3802907,0,1,1,0,final_third_entry,12.258,0.68100000000004,,evaluated_pressing_team_as_opponent
3802907_p50_c8f9a2cc,3802907,0,1,1,0,final_third_entry,14.802,0.7000000000000455,,evaluated_pressing_team_as_opponent
3802907_p64_48d5336d,3802907,0,1,1,0,shot,8.233,3.3739999999997963,,evaluated_pressing_team_as_opponent
3802907_p107_7f910c2d,3802907,0,1,1,0,final_third_entry,9.29,0.0,,evaluated_pressing_team_as_opponent
3802676_p3_522cb8f2,3802676,0,1,1,0,final_third_entry,13.774,0.0,,evaluated_pressing_team_as_opponent
3802676_p23_183959c8,3802676,0,1,1,0,final_third_entry,14.62,0.6970000000000027,,evaluated_pressing_team_as_opponent
3802676_p47_76f6f696,3802676,0,1,1,0,final_third_entry,11.029,0.0,,evaluated_pressing_team_as_opponent
3802676_p57_23a437b8,3802676,0,1,1,0,shot,10.961,0.0,,evaluated_pressing_team_as_opponent
3802676_p106_8b2394be,3802676,0,1,1,0,final_third_entry,3.933,1.021000000000015,,evaluated_pressing_team_as_opponent
3802676_p157_6ffacc8f,3802676,0,1,1,0,final_third_entry,4.3,0.0,,evaluated_pressing_team_as_opponent
3802683_p5_a4850243,3802683,0,1,1,0,shot,7.504,1.4210854715202004e-14,,evaluated_pressing_team_as_opponent
3802683_p34_d59f7261,3802683,0,1,1,0,final_third_entry,14.16,1.6679999999998927,,evaluated_pressing_team_as_opponent
3802683_p50_6914eadd,3802683,0,1,1,0,final_third_entry,11.308,1.0730000000000928,,evaluated_pressing_team_as_opponent
3802683_p54_04fc97cf,3802683,0,1,1,0,final_third_entry,10.988,0.0,,evaluated_pressing_team_as_opponent
3802683_p61_d52e3f8e,3802683,0,1,1,0,final_third_entry,5.458,0.94399999999996,,evaluated_pressing_team_as_opponent
3802683_p81_a6d567e1,3802683,0,1,1,0,shot,7.708,2.0970000000000084,,evaluated_pressing_team_as_opponent
3802683_p110_0adc789b,3802683,0,1,1,0,final_third_entry,6.891,0.0,,evaluated_pressing_team_as_opponent
3802683_p123_823449d2,3802683,0,1,1,0,shot,7.107,0.0,,evaluated_pressing_team_as_opponent
3802683_p156_eb90e83a,3802683,0,1,1,0,shot,11.955,1.0639999999998508,,evaluated_pressing_team_as_opponent
3802690_p2_7f216a70,3802690,0,1,1,0,shot,14.316,0.7709999999999937,,evaluated_pressing_team_as_opponent
3802690_p18_c8955dbf,3802690,0,1,1,0,shot,11.478,0.0,,evaluated_pressing_team_as_opponent
3802690_p105_c1abbe1d,3802690,0,1,1,0,final_third_entry,2.172,0.0,,evaluated_pressing_team_as_opponent
3802709_p117_ba2d66f5,3802709,0,1,1,0,final_third_entry,4.981,0.0,,evaluated_pressing_team_as_opponent
3802709_p164_bd3cefde,3802709,0,1,1,0,final_third_entry,13.81,0.0,,evaluated_pressing_team_as_opponent
3802709_p166_92cd0fba,3802709,0,1,1,0,final_third_entry,12.938,0.0,,evaluated_pressing_team_as_opponent
3802709_p180_fedd4221,3802709,0,1,1,0,shot,6.701,1.48700000000008,,evaluated_pressing_team_as_opponent
3802665_p6_f975eec2,3802665,0,1,1,0,final_third_entry,10.56,1.046999999999997,,evaluated_pressing_team_as_opponent
3802665_p29_786ae7c9,3802665,0,1,1,0,shot,3.413,1.2199999999999136,,evaluated_pressing_team_as_opponent
3802665_p35_834396d7,3802665,0,1,1,0,final_third_entry,6.248,0.5889999999999418,,evaluated_pressing_team_as_opponent
3802665_p129_98aad9f0,3802665,0,1,1,0,shot,10.718,0.91599999999994,,evaluated_pressing_team_as_opponent
3802665_p179_78d771fa,3802665,0,1,1,0,final_third_entry,6.609,0.0,,evaluated_pressing_team_as_opponent
3802902_p10_f7354b66,3802902,0,1,1,0,final_third_entry,4.742,1.853999999999985,,evaluated_pressing_team_as_opponent
3802902_p13_bde78b95,3802902,0,1,1,0,final_third_entry,9.159,2.9809999999999945,,evaluated_pressing_team_as_opponent
3802902_p38_58a6bf8c,3802902,0,1,1,0,final_third_entry,6.474,2.331000000000131,,evaluated_pressing_team_as_opponent
3802902_p48_c6a04dcf,3802902,0,1,1,0,shot,7.623,1.1759999999999309,,evaluated_pressing_team_as_opponent
3802902_p56_b3614e14,3802902,0,1,1,0,final_third_entry,10.848,1.6920000000000073,,evaluated_pressing_team_as_opponent
3802902_p70_9901201c,3802902,0,1,1,0,shot,9.592,0.0,,evaluated_pressing_team_as_opponent
3802902_p91_88cbe524,3802902,0,1,1,0,final_third_entry,10.363,2.5109999999999673,,evaluated_pressing_team_as_opponent
3802902_p109_a784132a,3802902,0,1,1,0,final_third_entry,11.573,0.0,,evaluated_pressing_team_as_opponent
3802902_p140_0f7ede96,3802902,0,1,1,0,shot,13.565,0.0,,evaluated_pressing_team_as_opponent
3802983_p38_f63ce79c,3802983,0,1,1,0,final_third_entry,2.536,0.8129999999998745,,evaluated_pressing_team_as_opponent
3802983_p75_703a0377,3802983,0,1,1,0,final_third_entry,4.289,0.9610000000002401,,evaluated_pressing_team_as_opponent
3802983_p82_57e224aa,3802983,0,1,1,0,final_third_entry,3.781,2.318000000000012,,evaluated_pressing_team_as_opponent
3802983_p101_5b7a294e,3802983,0,1,1,0,final_third_entry,10.058,1.6520000000000437,,evaluated_pressing_team_as_opponent
3802983_p118_fa158aa3,3802983,0,1,1,0,final_third_entry,4.135,1.018000000000029,,evaluated_pressing_team_as_opponent
3802983_p125_be0f43a9,3802983,0,1,1,0,final_third_entry,1.068,0.0,,evaluated_pressing_team_as_opponent
3802983_p158_db4b71a5,3802983,0,1,1,0,final_third_entry,13.424,0.0,,evaluated_pressing_team_as_opponent
3802983_p163_f8c29553,3802983,0,1,1,0,final_third_entry,9.398,0.0,,evaluated_pressing_team_as_opponent
3802837_p31_f55cf545,3802837,0,1,1,0,final_third_entry,11.798,1.9980000000000473,,evaluated_pressing_team_as_opponent
3802837_p34_98f62a5a,3802837,0,1,1,0,final_third_entry,5.762,0.0,,evaluated_pressing_team_as_opponent
3802837_p35_0052877a,3802837,0,1,1,0,final_third_entry,8.758,0.0,,evaluated_pressing_team_as_opponent
3802837_p41_9585acec,3802837,0,1,1,0,final_third_entry,11.006,4.266000000000076,,evaluated_pressing_team_as_opponent
3802837_p56_e72a4b1b,3802837,0,1,1,0,final_third_entry,13.098,0.5199999999999818,,evaluated_pressing_team_as_opponent
3802837_p98_ea5bffab,3802837,0,1,1,0,shot,13.595,1.3970000000000482,,evaluated_pressing_team_as_opponent
3802837_p137_1a5375bc,3802837,0,1,0,0,final_third_entry,13.246,5.680000000000064,,evaluated_pressing_team_as_opponent
3802818_p109_6a631ee8,3802818,0,1,0,0,final_third_entry,14.593,12.194999999999936,14.593,v26_premature_regain_censoring
3802818_p111_5ed9828a,3802818,0,1,1,0,final_third_entry,6.706,1.225999999999999,,evaluated_pressing_team_as_opponent
3802818_p136_04e38a9b,3802818,0,1,1,0,final_third_entry,13.443,2.772000000000162,,evaluated_pressing_team_as_opponent
3802818_p152_2e2da14b,3802818,0,1,1,0,final_third_entry,12.567,1.3429999999998472,,evaluated_pressing_team_as_opponent
3802818_p162_f14dd428,3802818,0,1,1,0,final_third_entry,7.166,0.0,,evaluated_pressing_team_as_opponent
3802793_p119_434c7904,3802793,0,1,1,0,final_third_entry,10.618,0.0,,evaluated_pressing_team_as_opponent
3802793_p128_6738553b,3802793,0,1,1,0,shot,10.013,0.0,,evaluated_pressing_team_as_opponent
3802793_p136_395315e8,3802793,0,1,1,0,final_third_entry,9.434,0.8779999999999291,,evaluated_pressing_team_as_opponent
3802793_p146_26166268,3802793,0,1,1,0,final_third_entry,9.322,1.634999999999991,,evaluated_pressing_team_as_opponent
3802930_p9_1d806c9d,3802930,0,1,1,0,final_third_entry,7.378,1.5829999999999984,,evaluated_pressing_team_as_opponent
3802930_p103_5b7e377d,3802930,0,1,1,0,shot,4.722,0.8310000000000173,,evaluated_pressing_team_as_opponent
3802930_p121_f23b3999,3802930,0,1,0,0,final_third_entry,9.685,5.726999999999862,,evaluated_pressing_team_as_opponent
3802930_p139_1b26a491,3802930,0,1,1,0,final_third_entry,2.94,1.3020000000001346,,evaluated_pressing_team_as_opponent
3802805_p23_158bd435,3802805,0,1,1,0,final_third_entry,11.303,0.8110000000000355,,evaluated_pressing_team_as_opponent
3802805_p25_c3642a86,3802805,0,1,1,0,final_third_entry,7.544,0.0,,evaluated_pressing_team_as_opponent
3802805_p43_674749d4,3802805,0,1,1,0,final_third_entry,7.711,1.4750000000001364,,evaluated_pressing_team_as_opponent
3802805_p124_d25027ee,3802805,0,1,1,0,final_third_entry,8.566,1.72199999999998,,evaluated_pressing_team_as_opponent
3802805_p147_e7a9b13e,3802805,0,1,1,0,final_third_entry,12.066,0.0,,evaluated_pressing_team_as_opponent
3802805_p153_7db65550,3802805,0,1,1,0,final_third_entry,9.729,0.862999999999829,,evaluated_pressing_team_as_opponent
3802805_p157_9256b182,3802805,0,1,1,0,final_third_entry,5.162,2.2569999999998345,,evaluated_pressing_team_as_opponent
3802805_p194_9a169f5c,3802805,0,1,1,0,shot,11.64,1.3159999999998035,,evaluated_pressing_team_as_opponent
3802805_p198_fef91189,3802805,0,1,1,0,final_third_entry,10.462,0.7699999999999818,,evaluated_pressing_team_as_opponent
3802948_p6_fee9eae2,3802948,0,1,1,0,final_third_entry,11.793,0.3259999999999934,,evaluated_pressing_team_as_opponent
3802948_p9_8b46b9db,3802948,0,1,1,0,final_third_entry,10.456,0.0,,evaluated_pressing_team_as_opponent
3802948_p23_54efd9c6,3802948,0,1,1,0,final_third_entry,11.122,0.0,,evaluated_pressing_team_as_opponent
3802948_p30_a6a2e802,3802948,0,1,1,0,final_third_entry,13.75,0.0,,evaluated_pressing_team_as_opponent
3802948_p61_90628955,3802948,0,1,1,0,shot,6.85,0.9529999999999745,,evaluated_pressing_team_as_opponent
3802948_p90_33e42ec0,3802948,0,1,1,0,final_third_entry,11.755,0.5899999999996908,,evaluated_pressing_team_as_opponent
3802904_p4_a837357b,3802904,0,1,1,0,shot,7.301,0.4989999999999988,,evaluated_pressing_team_as_opponent
3802904_p18_8bffeaf3,3802904,0,1,1,0,final_third_entry,11.228,0.0,,evaluated_pressing_team_as_opponent
3802904_p107_95e868ca,3802904,0,1,1,0,final_third_entry,7.802,0.6289999999999623,,evaluated_pressing_team_as_opponent
3802904_p128_2f591678,3802904,0,1,1,0,shot,11.194,0.0,,evaluated_pressing_team_as_opponent
3802904_p170_88e4016b,3802904,0,1,1,0,shot,9.794,0.48499999999989996,,evaluated_pressing_team_as_opponent
3802904_p187_d13b23d4,3802904,0,1,1,0,final_third_entry,12.441,3.5579999999999927,,evaluated_pressing_team_as_opponent
3802984_p7_472cb9d0,3802984,0,1,1,0,final_third_entry,3.425,1.867999999999995,,evaluated_pressing_team_as_opponent
3802984_p20_3057e976,3802984,0,1,1,0,final_third_entry,3.108,0.9259999999999309,,evaluated_pressing_team_as_opponent
3802984_p21_5ccca471,3802984,0,1,1,0,final_third_entry,11.443,0.20000000000004547,,evaluated_pressing_team_as_opponent
3802984_p54_9b55458f,3802984,0,1,1,0,final_third_entry,12.987,0.0,,evaluated_pressing_team_as_opponent
3802984_p60_b614835e,3802984,0,1,1,0,final_third_entry,10.459,0.0,,evaluated_pressing_team_as_opponent
3802984_p118_ecc972e2,3802984,0,1,1,0,final_third_entry,7.803,0.0,,evaluated_pressing_team_as_opponent
3802984_p124_caae649b,3802984,0,1,1,0,shot,13.944,0.0,,evaluated_pressing_team_as_opponent
3802984_p164_c7580abd,3802984,0,1,1,0,shot,9.96,0.7329999999997199,,evaluated_pressing_team_as_opponent
3802795_p16_2871e733,3802795,0,1,1,0,final_third_entry,3.769,1.4389999999999645,,evaluated_pressing_team_as_opponent
3802795_p39_831b6be5,3802795,0,1,1,0,final_third_entry,9.617,0.9959999999998672,,evaluated_pressing_team_as_opponent
3802795_p88_37ff8a1d,3802795,0,1,1,0,final_third_entry,8.807,0.0,,evaluated_pressing_team_as_opponent
3802795_p107_b7401b4d,3802795,0,1,1,0,shot,11.533,3.754000000000133,,evaluated_pressing_team_as_opponent
3802839_p5_6c18dafd,3802839,0,1,1,0,shot,13.563,1.3029999999999973,,evaluated_pressing_team_as_opponent
3802839_p33_27349cc1,3802839,0,1,1,0,shot,9.14,0.0,,evaluated_pressing_team_as_opponent
3802839_p34_009a540d,3802839,0,1,1,0,shot,12.634,0.8790000000001328,,evaluated_pressing_team_as_opponent
3802839_p57_b6a983cf,3802839,0,1,1,0,shot,10.022,3.4420000000000073,,evaluated_pressing_team_as_opponent
3802839_p72_ea7b965b,3802839,0,1,1,0,final_third_entry,12.844,0.0,,evaluated_pressing_team_as_opponent
3802839_p129_17b591a8,3802839,0,1,1,0,final_third_entry,13.922,0.0,,evaluated_pressing_team_as_opponent
3802839_p175_f46ad110,3802839,0,1,1,0,final_third_entry,6.386,1.2169999999996435,,evaluated_pressing_team_as_opponent
3930159_p38_3f43928c,3930159,0,1,1,0,final_third_entry,8.898,0.4639999999999418,,evaluated_pressing_team_as_opponent
3930159_p46_f040516c,3930159,0,1,1,0,final_third_entry,13.807,4.123000000000047,,evaluated_pressing_team_as_opponent
3930159_p73_d31ee45b,3930159,0,1,1,0,final_third_entry,5.393,2.4329999999999927,,evaluated_pressing_team_as_opponent
3930159_p120_d524d3dd,3930159,0,1,1,0,final_third_entry,4.033,2.949000000000069,,evaluated_pressing_team_as_opponent
3930159_p148_c6ef66f9,3930159,0,1,1,0,final_third_entry,6.181,0.0,,evaluated_pressing_team_as_opponent
3938643_p49_551db544,3938643,0,1,1,0,final_third_entry,7.55,1.1079999999999472,,evaluated_pressing_team_as_opponent
3938643_p52_bf83fefe,3938643,0,1,1,0,final_third_entry,6.181,0.8559999999999945,,evaluated_pressing_team_as_opponent
3938643_p95_19a60711,3938643,0,1,1,0,final_third_entry,5.351,4.411000000000001,,horizon_or_timing_shift
3938643_p115_6236351b,3938643,0,1,1,0,final_third_entry,11.75,0.0,,evaluated_pressing_team_as_opponent
3938643_p124_8078af00,3938643,0,1,1,0,final_third_entry,8.574,3.8070000000000164,,evaluated_pressing_team_as_opponent
3938643_p129_e88d1e30,3938643,0,1,1,0,final_third_entry,14.049,0.0,,evaluated_pressing_team_as_opponent
3930163_p25_d0575444,3930163,0,1,1,0,shot,8.917,3.5699999999999363,,evaluated_pressing_team_as_opponent
3930163_p125_dbd1914e,3930163,0,1,1,0,final_third_entry,2.702,1.8019999999996799,,evaluated_pressing_team_as_opponent
3930166_p43_e99c590e,3930166,0,1,1,0,final_third_entry,8.002,0.0,,evaluated_pressing_team_as_opponent
3930166_p77_37aa6a22,3930166,0,1,1,0,final_third_entry,10.184,0.0,,evaluated_pressing_team_as_opponent
3930166_p149_c1d44b5f,3930166,0,1,1,0,final_third_entry,5.523,2.2919999999999163,,evaluated_pressing_team_as_opponent
3930181_p68_ab1667b6,3930181,0,1,1,0,final_third_entry,11.05,1.6239999999997963,,evaluated_pressing_team_as_opponent
3930181_p88_d775449b,3930181,0,1,1,0,final_third_entry,3.905,2.461999999999989,,evaluated_pressing_team_as_opponent
3930181_p117_1ac39c78,3930181,0,1,1,0,final_third_entry,7.043,1.018999999999778,,evaluated_pressing_team_as_opponent
3930181_p137_66422ae8,3930181,0,1,1,0,final_third_entry,8.787,2.530999999999949,,evaluated_pressing_team_as_opponent
3930160_p24_99943bfc,3930160,0,1,1,0,shot,6.689,1.4379999999999882,,evaluated_pressing_team_as_opponent
3930160_p45_11a747cf,3930160,0,1,1,0,final_third_entry,2.492,0.0,,evaluated_pressing_team_as_opponent
3930160_p122_35ffe2d1,3930160,0,1,0,0,final_third_entry,14.342,6.420999999999822,,evaluated_pressing_team_as_opponent
3930160_p159_7532c96c,3930160,0,1,1,0,shot,14.994,0.0,,evaluated_pressing_team_as_opponent
3942227_p50_bf32864a,3942227,0,1,1,0,final_third_entry,14.451,2.40099999999984,,evaluated_pressing_team_as_opponent
3942227_p112_98540dd9,3942227,0,1,1,0,final_third_entry,10.948,0.0,,evaluated_pressing_team_as_opponent
3942227_p139_d5d5fc12,3942227,0,1,1,0,final_third_entry,6.944,2.355000000000018,,evaluated_pressing_team_as_opponent
3942227_p155_00390b1b,3942227,0,1,1,0,final_third_entry,9.264,2.247000000000071,,evaluated_pressing_team_as_opponent
3930178_p15_218bbf22,3930178,0,1,1,0,final_third_entry,14.22,0.0,,evaluated_pressing_team_as_opponent
3930178_p19_8ec728ca,3930178,0,1,1,0,final_third_entry,2.535,0.0,,evaluated_pressing_team_as_opponent
3930178_p33_827fe0ce,3930178,0,1,1,0,final_third_entry,10.082,1.9169999999999163,,evaluated_pressing_team_as_opponent
3930178_p46_50dd37c5,3930178,0,1,1,0,final_third_entry,3.42,0.0,,evaluated_pressing_team_as_opponent
3938644_p30_4eebbc1e,3938644,0,1,1,0,final_third_entry,3.782,2.1649999999999636,,evaluated_pressing_team_as_opponent
3938644_p51_e14cbb8a,3938644,0,1,1,0,final_third_entry,12.352,1.8640000000000327,,evaluated_pressing_team_as_opponent
3938644_p74_9f8acc28,3938644,0,1,1,0,final_third_entry,11.13,0.0,,evaluated_pressing_team_as_opponent
3938644_p79_fc9ab651,3938644,0,1,1,0,final_third_entry,9.64,1.4569999999999999,,evaluated_pressing_team_as_opponent
3938644_p125_afe9859e,3938644,0,1,1,0,final_third_entry,13.493,0.5030000000001564,,evaluated_pressing_team_as_opponent
3938642_p46_799f8753,3938642,0,1,1,0,final_third_entry,12.191,1.0060000000000855,,evaluated_pressing_team_as_opponent
3938642_p120_f8b691b0,3938642,0,1,1,0,shot,6.218,1.2590000000000146,,evaluated_pressing_team_as_opponent
3938642_p167_6ea19579,3938642,0,1,1,0,final_third_entry,2.738,0.0,,evaluated_pressing_team_as_opponent
3938638_p31_8efe82c3,3938638,0,1,1,0,final_third_entry,11.517,0.0,,evaluated_pressing_team_as_opponent
3938638_p71_349c045e,3938638,0,1,1,0,final_third_entry,2.29,0.0,,evaluated_pressing_team_as_opponent
3938638_p85_b1a103aa,3938638,0,1,1,0,final_third_entry,14.154,0.0,,evaluated_pressing_team_as_opponent
3938638_p88_cd988d45,3938638,0,1,1,0,final_third_entry,12.364,0.7290000000000418,,evaluated_pressing_team_as_opponent
3938638_p136_57e5c3fb,3938638,0,1,1,0,shot,8.027,0.0,,evaluated_pressing_team_as_opponent
3938639_p9_f53e0050,3938639,0,1,1,0,final_third_entry,11.324,0.7150000000000318,,evaluated_pressing_team_as_opponent
3938639_p80_c2f98497,3938639,0,1,1,0,final_third_entry,12.089,3.1310000000000286,,evaluated_pressing_team_as_opponent
3938639_p96_2d75f8cf,3938639,0,1,1,0,final_third_entry,2.77,2.0009999999999764,,evaluated_pressing_team_as_opponent
3930174_p38_60fc7c93,3930174,0,1,1,0,shot,9.528,1.25,,evaluated_pressing_team_as_opponent
3930174_p53_1aa79230,3930174,0,1,1,0,shot,6.887,0.0,,evaluated_pressing_team_as_opponent
3930174_p55_54fea7bf,3930174,0,1,1,0,final_third_entry,3.892,1.79300000000012,,evaluated_pressing_team_as_opponent
3930174_p65_8521c8cd,3930174,0,1,1,0,shot,4.743,0.0,,evaluated_pressing_team_as_opponent
3930174_p96_95cab9a4,3930174,0,1,1,0,final_third_entry,4.651,0.0,,evaluated_pressing_team_as_opponent
3930174_p108_991ed89e,3930174,0,1,1,0,final_third_entry,7.621,0.3330000000000837,,evaluated_pressing_team_as_opponent
3930174_p159_94036a8d,3930174,0,1,1,0,final_third_entry,11.179,0.0,,evaluated_pressing_team_as_opponent
3938640_p15_0cbc3800,3938640,0,1,1,0,final_third_entry,10.219,0.0,,evaluated_pressing_team_as_opponent
3938640_p39_43458da9,3938640,0,1,1,0,final_third_entry,7.543,1.7019999999999982,,evaluated_pressing_team_as_opponent
3938640_p56_2c91c42b,3938640,0,1,1,0,final_third_entry,8.743,0.5970000000002074,,evaluated_pressing_team_as_opponent
3938640_p88_8e9381bd,3938640,0,1,1,0,final_third_entry,6.936,2.0469999999999686,,evaluated_pressing_team_as_opponent
3938640_p126_a5b9276d,3938640,0,1,1,0,final_third_entry,13.82,0.0,,evaluated_pressing_team_as_opponent
3938641_p30_2b7a0f01,3938641,0,1,1,0,final_third_entry,10.941,0.9750000000000227,,evaluated_pressing_team_as_opponent
3938641_p56_11c7c0a5,3938641,0,1,1,0,final_third_entry,6.027,0.0,,evaluated_pressing_team_as_opponent
3938641_p159_8525304b,3938641,0,1,1,0,final_third_entry,14.976,0.0,,evaluated_pressing_team_as_opponent
3938641_p167_06a72117,3938641,0,1,1,0,final_third_entry,3.539,0.0,,evaluated_pressing_team_as_opponent
3938641_p175_58cc0747,3938641,0,1,1,0,final_third_entry,6.733,0.8589999999999236,,evaluated_pressing_team_as_opponent
3930170_p35_72e25ad7,3930170,0,1,1,0,final_third_entry,11.151,1.1259999999999764,,evaluated_pressing_team_as_opponent
3930170_p38_845c55ef,3930170,0,1,1,0,final_third_entry,11.536,0.0,,evaluated_pressing_team_as_opponent
3930170_p60_9b471e0c,3930170,0,1,1,0,final_third_entry,5.269,0.0,,evaluated_pressing_team_as_opponent
3930170_p63_e44b45e6,3930170,0,1,1,0,final_third_entry,3.25,1.9710000000000036,,evaluated_pressing_team_as_opponent
3930170_p79_5d851b90,3930170,0,1,1,0,final_third_entry,12.01,0.5830000000000837,,evaluated_pressing_team_as_opponent
3930170_p100_e9e2b353,3930170,0,1,1,0,final_third_entry,13.368,0.0,,evaluated_pressing_team_as_opponent
3930170_p113_19304093,3930170,0,1,1,0,final_third_entry,10.236,2.8680000000001655,,evaluated_pressing_team_as_opponent
3930170_p138_dae8e0b2,3930170,0,1,1,0,final_third_entry,10.416,3.41800000000012,,evaluated_pressing_team_as_opponent
3930162_p7_6dba108d,3930162,0,1,1,0,final_third_entry,9.885,0.0,,evaluated_pressing_team_as_opponent
3930162_p37_edbd482b,3930162,0,1,1,0,final_third_entry,8.325,0.0,,evaluated_pressing_team_as_opponent
3930162_p50_35271ed8,3930162,0,1,1,0,final_third_entry,12.059,0.0,,evaluated_pressing_team_as_opponent
3930162_p93_f86ae780,3930162,0,1,1,0,shot,14.158,0.42699999999990723,,evaluated_pressing_team_as_opponent
3930162_p135_488ec103,3930162,0,1,1,0,final_third_entry,14.763,1.5610000000001492,,evaluated_pressing_team_as_opponent
3930169_p48_c39182b9,3930169,0,1,1,0,final_third_entry,14.472,1.0789999999999509,,evaluated_pressing_team_as_opponent
3930169_p91_fc174b04,3930169,0,1,1,0,final_third_entry,4.29,1.0850000000000009,,evaluated_pressing_team_as_opponent
3930176_p45_f052b3ef,3930176,0,1,1,0,shot,11.232,0.0,,evaluated_pressing_team_as_opponent
3930176_p61_a42b47ae,3930176,0,1,0,0,final_third_entry,11.437,5.307000000000244,,evaluated_pressing_team_as_opponent
3930176_p92_1b87608e,3930176,0,1,1,0,final_third_entry,10.88,0.97300000000007,,evaluated_pressing_team_as_opponent
3930176_p99_b95f68e6,3930176,0,1,1,0,final_third_entry,9.333,2.3279999999999745,,evaluated_pressing_team_as_opponent
3930176_p121_896c0ada,3930176,0,1,1,0,shot,3.164,0.0,,evaluated_pressing_team_as_opponent
3930176_p123_e409cb34,3930176,0,1,1,0,final_third_entry,8.645,3.0289999999999964,,evaluated_pressing_team_as_opponent
3930176_p148_4a2f1e15,3930176,0,1,1,0,final_third_entry,11.92,0.0,,evaluated_pressing_team_as_opponent
3943043_p63_a09e0a19,3943043,0,1,1,0,final_third_entry,10.426,0.0,,evaluated_pressing_team_as_opponent
3943043_p66_ad99d496,3943043,0,1,1,0,final_third_entry,7.303,0.0,,evaluated_pressing_team_as_opponent
3943043_p91_a3cff76b,3943043,0,1,1,0,shot,6.843,1.8780000000000427,,evaluated_pressing_team_as_opponent
3943043_p129_3764976c,3943043,0,1,1,0,shot,12.461,1.586999999999989,,evaluated_pressing_team_as_opponent
3942752_p10_6daee041,3942752,0,1,0,0,final_third_entry,8.143,6.864000000000004,8.483,v26_premature_regain_censoring
3942752_p12_1fa5ce45,3942752,0,1,1,0,final_third_entry,9.12,1.0689999999999884,,evaluated_pressing_team_as_opponent
3942752_p72_13445f96,3942752,0,1,1,0,final_third_entry,10.361,0.0,,evaluated_pressing_team_as_opponent
3942752_p84_e18c5038,3942752,0,1,1,0,final_third_entry,2.523,0.0,,evaluated_pressing_team_as_opponent
3942752_p124_d0be9de3,3942752,0,1,1,0,final_third_entry,14.794,0.3020000000001346,,evaluated_pressing_team_as_opponent
3938637_p64_a070f156,3938637,0,1,1,0,final_third_entry,8.288,1.3670000000001892,,evaluated_pressing_team_as_opponent
3938637_p99_0c705b65,3938637,0,1,1,0,shot,5.959,0.0,,evaluated_pressing_team_as_opponent
3941019_p5_35525dba,3941019,0,1,1,0,final_third_entry,10.738,0.0,,evaluated_pressing_team_as_opponent
3941019_p31_34d6a7a0,3941019,0,1,1,0,final_third_entry,1.506,1.0630000000001019,,evaluated_pressing_team_as_opponent
3941019_p110_b9a67da8,3941019,0,1,1,0,final_third_entry,10.847,2.94399999999996,,evaluated_pressing_team_as_opponent
3941019_p125_d09989a1,3941019,0,1,1,0,final_third_entry,12.346,1.9340000000001965,,evaluated_pressing_team_as_opponent
3942819_p10_1e1ef356,3942819,0,1,1,0,final_third_entry,3.418,0.0,,evaluated_pressing_team_as_opponent
3942819_p34_67e518ab,3942819,0,1,1,0,shot,7.881,0.0,,evaluated_pressing_team_as_opponent
3942819_p96_db0a39b5,3942819,0,1,1,0,final_third_entry,6.091,0.3269999999999982,,evaluated_pressing_team_as_opponent
3942819_p104_5610b33e,3942819,0,1,1,0,final_third_entry,9.942,0.0,,evaluated_pressing_team_as_opponent
3930171_p61_f96e8605,3930171,0,1,0,0,final_third_entry,14.895,7.431999999999789,,horizon_or_timing_shift
3930171_p104_7bbf1509,3930171,0,1,1,0,final_third_entry,8.082,0.0,,evaluated_pressing_team_as_opponent
3930180_p56_33fc5b94,3930180,0,1,1,0,final_third_entry,3.268,2.23700000000008,,evaluated_pressing_team_as_opponent
3930180_p80_e7540771,3930180,0,1,1,0,shot,8.709,1.1030000000000015,,evaluated_pressing_team_as_opponent
3930180_p107_20586eff,3930180,0,1,1,0,final_third_entry,2.79,0.0,,evaluated_pressing_team_as_opponent
3930180_p150_0f34e136,3930180,0,1,1,0,final_third_entry,5.657,0.0,,evaluated_pressing_team_as_opponent
3942349_p3_cd0fcca2,3942349,0,1,1,0,final_third_entry,8.564,0.0,,evaluated_pressing_team_as_opponent
3942349_p20_f924b656,3942349,0,1,1,0,final_third_entry,12.708,1.3250000000000455,,evaluated_pressing_team_as_opponent
3942349_p67_2e1a2eee,3942349,0,1,1,0,final_third_entry,8.305,0.8819999999999979,,evaluated_pressing_team_as_opponent
3942349_p84_f9d8fc56,3942349,0,1,1,0,final_third_entry,9.474,0.0,,evaluated_pressing_team_as_opponent
3942349_p154_7f29f1d8,3942349,0,1,1,0,final_third_entry,11.114,1.5020000000000095,,evaluated_pressing_team_as_opponent
3942382_p9_a5363688,3942382,0,1,1,0,final_third_entry,14.621,0.5889999999999986,,evaluated_pressing_team_as_opponent
3942382_p15_da63ee85,3942382,0,1,1,0,final_third_entry,7.851,1.0529999999999973,,evaluated_pressing_team_as_opponent
3942382_p54_038e1c60,3942382,0,1,1,0,shot,7.965,0.6880000000001019,,evaluated_pressing_team_as_opponent
3942382_p93_cc8f7307,3942382,0,1,1,0,final_third_entry,9.096,3.77800000000002,,evaluated_pressing_team_as_opponent
3930184_p16_f7a553d2,3930184,0,1,1,0,final_third_entry,13.52,1.016999999999996,,evaluated_pressing_team_as_opponent
3930184_p52_65567cd3,3930184,0,1,1,0,final_third_entry,13.666,1.29300000000012,,evaluated_pressing_team_as_opponent
3941018_p4_dc4b1e7a,3941018,0,1,0,0,final_third_entry,10.94,5.8999999999999915,,evaluated_pressing_team_as_opponent
3941018_p7_e73de9f5,3941018,0,1,1,0,shot,11.541,2.842170943040401e-14,,evaluated_pressing_team_as_opponent
3941018_p30_07aebc9e,3941018,0,1,1,0,final_third_entry,4.127,0.0,,evaluated_pressing_team_as_opponent
3941018_p36_cc4c85b8,3941018,0,1,1,0,final_third_entry,9.158,0.7670000000000528,,evaluated_pressing_team_as_opponent
3941018_p41_4ab5233a,3941018,0,1,1,0,final_third_entry,9.814,1.5879999999999654,,evaluated_pressing_team_as_opponent
3941018_p48_f1f96e7a,3941018,0,1,1,0,final_third_entry,7.184,0.0,,evaluated_pressing_team_as_opponent
3941018_p56_bf533b6d,3941018,0,1,1,0,final_third_entry,10.685,2.4939999999999145,,evaluated_pressing_team_as_opponent
3941018_p64_b39fa7da,3941018,0,1,1,0,final_third_entry,3.083,0.0,,evaluated_pressing_team_as_opponent
3941018_p87_51f90396,3941018,0,1,1,0,shot,3.66,0.0,,evaluated_pressing_team_as_opponent
3941018_p115_71714790,3941018,0,1,1,0,final_third_entry,5.142,0.8210000000001401,,evaluated_pressing_team_as_opponent
3941018_p133_b6f6a3f2,3941018,0,1,1,0,final_third_entry,14.401,2.7830000000003565,,evaluated_pressing_team_as_opponent
3941018_p142_1214fe59,3941018,0,1,1,0,shot,11.912,0.8449999999997999,,evaluated_pressing_team_as_opponent
3930173_p49_9dfab350,3930173,0,1,1,0,final_third_entry,13.869,0.31500000000005457,,evaluated_pressing_team_as_opponent
3930173_p53_8874bd1a,3930173,0,1,1,0,final_third_entry,11.926,0.0,,evaluated_pressing_team_as_opponent
3930173_p112_9fef0ff1,3930173,0,1,1,0,final_third_entry,5.115,0.8919999999998254,,evaluated_pressing_team_as_opponent
3930177_p45_81028653,3930177,0,1,1,0,final_third_entry,8.911,1.0149999999998727,,evaluated_pressing_team_as_opponent
3930177_p47_8f9b51b0,3930177,0,1,1,0,final_third_entry,9.995,2.2737367544323206e-13,,evaluated_pressing_team_as_opponent
3930177_p71_54281ba7,3930177,0,1,1,0,shot,8.028,0.9339999999997417,,evaluated_pressing_team_as_opponent
3930177_p117_aba7bdbc,3930177,0,1,1,0,final_third_entry,10.837,2.882000000000062,,evaluated_pressing_team_as_opponent
3930177_p130_280bff73,3930177,0,1,1,0,final_third_entry,11.881,1.5539999999996326,,evaluated_pressing_team_as_opponent
3930177_p140_cc6170ed,3930177,0,1,0,0,final_third_entry,13.718,6.537000000000262,,horizon_or_timing_shift
3942226_p18_1168a099,3942226,0,1,1,0,final_third_entry,4.816,0.0,,evaluated_pressing_team_as_opponent
3942226_p21_ff15dfd4,3942226,0,1,1,0,final_third_entry,12.145,1.1760000000000446,,evaluated_pressing_team_as_opponent
3942226_p22_211bd6f4,3942226,0,1,1,0,final_third_entry,12.269,1.8120000000000118,,evaluated_pressing_team_as_opponent
3942226_p57_efa48378,3942226,0,1,1,0,shot,5.969,2.538000000000011,,evaluated_pressing_team_as_opponent
3942226_p122_5e35de23,3942226,0,1,1,0,final_third_entry,7.863,1.0359999999998308,,evaluated_pressing_team_as_opponent
3942226_p185_01cc0adf,3942226,0,1,1,0,shot,12.441,1.3449999999999989,,evaluated_pressing_team_as_opponent
3938645_p116_4ab7f795,3938645,0,1,1,0,final_third_entry,10.793,0.5190000000000055,,evaluated_pressing_team_as_opponent
3938645_p120_6cbba592,3938645,0,1,1,0,final_third_entry,8.969,0.5029999999999291,,evaluated_pressing_team_as_opponent
3938645_p144_52ddcac8,3938645,0,1,1,0,shot,10.904,1.5840000000002874,,evaluated_pressing_team_as_opponent
3930179_p20_2c3183fb,3930179,0,1,1,0,shot,12.12,0.0,,evaluated_pressing_team_as_opponent
3930179_p39_9a8f0dd3,3930179,0,1,1,0,final_third_entry,9.366,1.5060000000000855,,evaluated_pressing_team_as_opponent
3930179_p69_f38970ec,3930179,0,1,1,0,final_third_entry,9.649,0.0,,evaluated_pressing_team_as_opponent
3930179_p96_9462bcd1,3930179,0,1,1,0,final_third_entry,4.319,0.0,,evaluated_pressing_team_as_opponent
3930179_p99_49757489,3930179,0,1,1,0,final_third_entry,11.609,0.0,,evaluated_pressing_team_as_opponent
3930179_p104_0ef0f83e,3930179,0,1,1,0,final_third_entry,8.276,3.143000000000029,,evaluated_pressing_team_as_opponent
3930179_p124_a6b00f0e,3930179,0,1,1,0,shot,8.332,0.9490000000000691,,evaluated_pressing_team_as_opponent
3941021_p92_33d03a2b,3941021,0,1,1,0,final_third_entry,11.487,0.0,,evaluated_pressing_team_as_opponent
3941021_p143_cd3b06ca,3941021,0,1,1,0,final_third_entry,13.086,1.444999999999709,,evaluated_pressing_team_as_opponent
3941022_p10_faa79624,3941022,0,1,1,0,final_third_entry,5.58,0.0,,evaluated_pressing_team_as_opponent
3941022_p43_921e3f7a,3941022,0,1,1,0,final_third_entry,8.646,0.0,,evaluated_pressing_team_as_opponent
3941022_p66_a3aad06a,3941022,0,1,1,0,final_third_entry,8.89,0.7229999999999563,,evaluated_pressing_team_as_opponent
3941022_p75_e954dee6,3941022,0,1,1,0,shot,12.538,0.7600000000002183,,evaluated_pressing_team_as_opponent
3941022_p122_a9259fe7,3941022,0,1,1,0,final_third_entry,12.115,2.390999999999849,,evaluated_pressing_team_as_opponent
3940878_p18_00af6360,3940878,0,1,1,0,final_third_entry,10.01,0.7180000000000177,,evaluated_pressing_team_as_opponent
3940878_p90_7f0947e6,3940878,0,1,1,0,final_third_entry,5.887,1.5450000000000728,,evaluated_pressing_team_as_opponent
3930182_p93_1d51383d,3930182,0,1,1,0,final_third_entry,6.578,1.2520000000000095,,evaluated_pressing_team_as_opponent
3930182_p101_f98c5539,3930182,0,1,1,0,final_third_entry,8.958,0.5949999999999136,,horizon_or_timing_shift
3930182_p141_e7f3b28f,3930182,0,1,1,0,final_third_entry,6.479,1.4540000000001783,,evaluated_pressing_team_as_opponent
3941017_p34_6a236da3,3941017,0,1,1,0,final_third_entry,9.46,0.42800000000011096,,evaluated_pressing_team_as_opponent
3941017_p50_3c97e5e2,3941017,0,1,1,0,final_third_entry,2.836,0.7770000000000437,,evaluated_pressing_team_as_opponent
3941017_p93_0a9a46d4,3941017,0,1,1,0,final_third_entry,6.757,1.3350000000000364,,evaluated_pressing_team_as_opponent
3941017_p111_81656199,3941017,0,1,1,0,final_third_entry,12.89,0.0,,evaluated_pressing_team_as_opponent
3930168_p3_8c8ed4ce,3930168,0,1,1,0,shot,11.57,0.0,,evaluated_pressing_team_as_opponent
3930168_p9_aab1d20d,3930168,0,1,1,0,final_third_entry,9.87,0.0,,evaluated_pressing_team_as_opponent
3930168_p85_1d42b1a2,3930168,0,1,1,0,final_third_entry,11.729,0.4490000000000123,,evaluated_pressing_team_as_opponent
3930168_p136_78b681ae,3930168,0,1,1,0,final_third_entry,4.616,1.9360000000001492,,evaluated_pressing_team_as_opponent
3941020_p25_f2d45ecd,3941020,0,1,1,0,final_third_entry,11.774,2.1590000000001055,,evaluated_pressing_team_as_opponent
3941020_p39_6639a735,3941020,0,1,1,0,final_third_entry,12.112,0.0,,evaluated_pressing_team_as_opponent
3941020_p51_bcac0ee0,3941020,0,1,1,0,final_third_entry,7.459,1.6900000000000546,,evaluated_pressing_team_as_opponent
3941020_p55_fb9d9387,3941020,0,1,1,0,final_third_entry,4.518,1.074999999999818,,evaluated_pressing_team_as_opponent
3941020_p71_6a80488a,3941020,0,1,1,0,final_third_entry,12.764,0.0,,evaluated_pressing_team_as_opponent
3941020_p148_4b0b3f6a,3941020,0,1,1,0,shot,8.1,0.7919999999999163,,evaluated_pressing_team_as_opponent
3941020_p198_d8de9935,3941020,0,1,1,0,final_third_entry,12.429,1.257000000000005,,evaluated_pressing_team_as_opponent
3930183_p106_ca03709f,3930183,0,1,1,0,final_third_entry,7.69,0.0,,evaluated_pressing_team_as_opponent
3930183_p119_48351349,3930183,0,1,1,0,final_third_entry,7.023,1.7409999999999854,,evaluated_pressing_team_as_opponent
3930183_p150_6cdc5c8f,3930183,0,1,1,0,final_third_entry,3.733,0.0,,evaluated_pressing_team_as_opponent
3930172_p11_a4418e74,3930172,0,1,1,0,final_third_entry,11.815,0.0,,evaluated_pressing_team_as_opponent
3930172_p13_5a568c5f,3930172,0,1,1,0,final_third_entry,4.654,0.45999999999997954,,evaluated_pressing_team_as_opponent
3930172_p92_1594dc07,3930172,0,1,1,0,final_third_entry,8.469,0.6639999999999873,,evaluated_pressing_team_as_opponent
3930172_p111_4e212897,3930172,0,1,1,0,final_third_entry,13.98,0.68100000000004,,evaluated_pressing_team_as_opponent
3930172_p158_af449e2d,3930172,0,1,1,0,final_third_entry,9.717,1.5760000000000218,,evaluated_pressing_team_as_opponent
3930175_p3_919124da,3930175,0,1,1,0,final_third_entry,4.37,1.828000000000003,,evaluated_pressing_team_as_opponent
3930175_p38_093ee7e6,3930175,0,1,1,0,shot,12.608,1.509999999999991,,evaluated_pressing_team_as_opponent
3930175_p47_2f202def,3930175,0,1,0,0,final_third_entry,10.022,6.454999999999927,,evaluated_pressing_team_as_opponent
3930175_p103_1b7698e9,3930175,0,1,1,0,shot,4.67,1.2149999999999181,,evaluated_pressing_team_as_opponent
3930175_p136_d8dca90a,3930175,0,1,1,0,final_third_entry,3.045,2.768000000000029,,horizon_or_timing_shift
3930164_p22_a5dd5e98,3930164,0,1,1,0,final_third_entry,4.058,0.0,,evaluated_pressing_team_as_opponent
3930164_p37_eee36a78,3930164,0,1,1,0,final_third_entry,5.727,0.0,,evaluated_pressing_team_as_opponent
3930164_p62_ab4b3d6c,3930164,0,1,1,0,final_third_entry,1.392,0.8289999999999509,,evaluated_pressing_team_as_opponent
3930164_p88_0ba55a0d,3930164,0,1,1,0,final_third_entry,9.046,4.265000000000001,,evaluated_pressing_team_as_opponent
3930164_p130_024b8c7a,3930164,0,1,1,0,final_third_entry,5.215,0.0,,evaluated_pressing_team_as_opponent
3794690_p3_20e13d64,3794690,0,1,1,0,final_third_entry,8.537,2.420999999999996,,evaluated_pressing_team_as_opponent
3794690_p38_09d7080f,3794690,0,1,1,0,final_third_entry,5.447,0.0,,evaluated_pressing_team_as_opponent
3794690_p46_ca33d80c,3794690,0,1,1,0,final_third_entry,5.349,3.0299999999999727,,evaluated_pressing_team_as_opponent
3794690_p119_8da7ad1c,3794690,0,1,1,0,final_third_entry,11.078,4.419000000000096,,evaluated_pressing_team_as_opponent
3794690_p142_f6280b00,3794690,0,1,1,0,final_third_entry,3.352,0.45299999999997453,,evaluated_pressing_team_as_opponent
3794690_p162_c9925a8c,3794690,0,1,1,0,final_third_entry,11.391,1.974999999999909,,evaluated_pressing_team_as_opponent
3794687_p8_9ccae989,3794687,0,1,1,0,shot,7.811,1.5089999999999577,,evaluated_pressing_team_as_opponent
3794687_p39_c8744a88,3794687,0,1,1,0,final_third_entry,5.822,0.8229999999998654,,evaluated_pressing_team_as_opponent
3794687_p56_1fa9182c,3794687,0,1,1,0,final_third_entry,13.446,0.0,,evaluated_pressing_team_as_opponent
3794687_p87_ca0448c4,3794687,0,1,1,0,shot,11.972,0.0,,evaluated_pressing_team_as_opponent
3794687_p138_ee75adb2,3794687,0,1,1,0,final_third_entry,10.091,0.0,,evaluated_pressing_team_as_opponent
3794687_p147_64308117,3794687,0,1,1,0,final_third_entry,2.142,1.0299999999997453,,evaluated_pressing_team_as_opponent
3930167_p33_f92c4ddc,3930167,0,1,0,0,final_third_entry,7.849,6.8279999999999745,,evaluated_pressing_team_as_opponent
3930167_p62_4ee09ea2,3930167,0,1,1,0,final_third_entry,10.292,0.0,,evaluated_pressing_team_as_opponent
3930167_p72_ea0194a0,3930167,0,1,1,0,final_third_entry,4.216,0.47000000000025466,,evaluated_pressing_team_as_opponent
3930167_p90_0fb5a0a3,3930167,0,1,1,0,final_third_entry,5.229,0.8140000000000782,,evaluated_pressing_team_as_opponent
3930167_p115_14822f2c,3930167,0,1,1,0,shot,14.207,0.0,,evaluated_pressing_team_as_opponent
3930167_p166_e6dee7c0,3930167,0,1,1,0,final_third_entry,13.906,0.0,,evaluated_pressing_team_as_opponent
3788760_p31_69203f97,3788760,0,1,1,0,final_third_entry,6.788,2.3319999999999936,,evaluated_pressing_team_as_opponent
3788760_p54_7454876e,3788760,0,1,1,0,final_third_entry,14.196,3.73700000000008,,evaluated_pressing_team_as_opponent
3788760_p65_7791498f,3788760,0,1,1,0,shot,4.479,0.0,,evaluated_pressing_team_as_opponent
3788760_p88_7500216e,3788760,0,1,0,0,final_third_entry,12.548,9.516999999999996,,evaluated_pressing_team_as_opponent
3788760_p92_2a0b76c8,3788760,0,1,1,0,final_third_entry,6.128,1.1159999999999854,,evaluated_pressing_team_as_opponent
3788760_p96_b6ba1e1d,3788760,0,1,1,0,final_third_entry,10.352,0.0,,evaluated_pressing_team_as_opponent
3788760_p110_21628eec,3788760,0,1,1,0,final_third_entry,3.494,1.1368683772161603e-13,,evaluated_pressing_team_as_opponent
3930158_p50_bac53d28,3930158,0,1,1,0,final_third_entry,6.576,4.7289999999998145,,evaluated_pressing_team_as_opponent
3788773_p44_a5d6cccd,3788773,0,1,1,0,final_third_entry,7.744,0.0,,evaluated_pressing_team_as_opponent
3788773_p46_9d187b9a,3788773,0,1,1,0,final_third_entry,8.944,0.0,,evaluated_pressing_team_as_opponent
3788773_p68_3a86139b,3788773,0,1,1,0,final_third_entry,14.007,0.0,,evaluated_pressing_team_as_opponent
3788773_p87_e4ba1d99,3788773,0,1,1,0,final_third_entry,5.619,1.330000000000041,,evaluated_pressing_team_as_opponent
3788773_p95_3d2103fe,3788773,0,1,1,0,final_third_entry,8.302,0.0,,evaluated_pressing_team_as_opponent
3794689_p60_71eed944,3794689,0,1,1,0,final_third_entry,13.827,0.5850000000000364,,evaluated_pressing_team_as_opponent
3794689_p71_f501f798,3794689,0,1,1,0,final_third_entry,11.327,1.1669999999999163,,evaluated_pressing_team_as_opponent
3794689_p115_3ebb9f3e,3794689,0,1,1,0,final_third_entry,8.129,1.5960000000000036,,evaluated_pressing_team_as_opponent
3794689_p129_31b7b9a0,3794689,0,1,1,0,final_third_entry,10.061,0.0,,evaluated_pressing_team_as_opponent
3794689_p143_76914868,3794689,0,1,1,0,final_third_entry,12.851,1.5270000000000437,,evaluated_pressing_team_as_opponent
3794689_p150_cb990539,3794689,0,1,1,0,shot,11.049,1.5969999999997526,,evaluated_pressing_team_as_opponent
3930165_p37_6d4b99ac,3930165,0,1,1,0,shot,8.246,0.0,,evaluated_pressing_team_as_opponent
3930165_p64_29a935f2,3930165,0,1,1,0,final_third_entry,7.472,2.8430000000000746,,evaluated_pressing_team_as_opponent
3930165_p67_a68b1d2e,3930165,0,1,1,0,final_third_entry,10.678,1.372000000000071,,evaluated_pressing_team_as_opponent
3930165_p87_08d0c9e5,3930165,0,1,1,0,final_third_entry,11.589,2.1950000000001637,,evaluated_pressing_team_as_opponent
3930165_p93_f5d15cc6,3930165,0,1,1,0,final_third_entry,0.936,0.0,,evaluated_pressing_team_as_opponent
3930165_p110_b2b6eba2,3930165,0,1,1,0,final_third_entry,13.34,4.20900000000006,,evaluated_pressing_team_as_opponent
3930165_p121_19969658,3930165,0,1,1,0,shot,13.833,1.6569999999999254,,evaluated_pressing_team_as_opponent
3930165_p145_a84ee229,3930165,0,1,1,0,shot,12.543,0.0,,evaluated_pressing_team_as_opponent
3788758_p38_02aa6a7a,3788758,0,1,1,0,final_third_entry,8.165,1.2760000000000673,,evaluated_pressing_team_as_opponent
3788758_p67_debcf608,3788758,0,1,1,0,shot,4.106,0.0,,evaluated_pressing_team_as_opponent
3788758_p115_d3dc74b9,3788758,0,1,1,0,final_third_entry,9.958,3.408999999999878,,evaluated_pressing_team_as_opponent
3788758_p136_3d10dda3,3788758,0,1,1,0,final_third_entry,4.936,0.0,,evaluated_pressing_team_as_opponent
3794685_p8_dc825bc0,3794685,0,1,1,0,final_third_entry,9.217,0.2909999999999968,,evaluated_pressing_team_as_opponent
3794685_p31_3785aa43,3794685,0,1,1,0,final_third_entry,3.736,0.0,,evaluated_pressing_team_as_opponent
3794685_p33_bc057718,3794685,0,1,1,0,final_third_entry,5.381,1.6090000000000373,,evaluated_pressing_team_as_opponent
3794685_p35_44cbef13,3794685,0,1,1,0,shot,5.598,0.0,,evaluated_pressing_team_as_opponent
3794685_p49_4246a731,3794685,0,1,1,0,final_third_entry,9.665,0.0,,evaluated_pressing_team_as_opponent
3794685_p56_5b0acaad,3794685,0,1,1,0,final_third_entry,3.85,1.5760000000000218,,evaluated_pressing_team_as_opponent
3794685_p78_e5e84932,3794685,0,1,1,0,final_third_entry,4.395,0.0,,evaluated_pressing_team_as_opponent
3794685_p97_a496fa45,3794685,0,1,1,0,final_third_entry,9.053,1.3590000000000373,,evaluated_pressing_team_as_opponent
3794685_p109_a130d680,3794685,0,1,1,0,final_third_entry,12.435,0.7060000000000173,,evaluated_pressing_team_as_opponent
3794685_p147_929481a5,3794685,0,1,1,0,final_third_entry,2.715,1.3600000000001273,,evaluated_pressing_team_as_opponent
3794685_p157_c4045a9b,3794685,0,1,1,0,final_third_entry,1.977,0.0,,evaluated_pressing_team_as_opponent
3794685_p199_717d19d8,3794685,0,1,1,0,final_third_entry,7.869,0.0,,evaluated_pressing_team_as_opponent
3794685_p210_f2c6fb5d,3794685,0,1,1,0,final_third_entry,4.124,1.2410000000000139,,evaluated_pressing_team_as_opponent
3794685_p211_a395c4e1,3794685,0,1,1,0,shot,14.152,0.0,,evaluated_pressing_team_as_opponent
3795187_p14_83a316b1,3795187,0,1,1,0,final_third_entry,5.242,0.0,,evaluated_pressing_team_as_opponent
3795187_p20_b2f21402,3795187,0,1,1,0,shot,4.798,0.0,,evaluated_pressing_team_as_opponent
3795187_p62_c49935fc,3795187,0,1,1,0,final_third_entry,10.408,0.0,,evaluated_pressing_team_as_opponent
3795108_p27_d80f2d7d,3795108,0,1,1,0,final_third_entry,7.667,0.9489999999998417,,evaluated_pressing_team_as_opponent
3795108_p135_fa28e1cc,3795108,0,1,1,0,final_third_entry,12.367,0.7699999999999818,,evaluated_pressing_team_as_opponent
3795108_p158_bfe5915e,3795108,0,1,1,0,final_third_entry,12.372,4.067999999999998,,evaluated_pressing_team_as_opponent
3795108_p167_b7af7604,3795108,0,1,1,0,shot,8.215,1.9390000000000214,,evaluated_pressing_team_as_opponent
3788761_p20_1dd5f88a,3788761,0,1,1,0,final_third_entry,13.966,1.129000000000019,,evaluated_pressing_team_as_opponent
3788761_p52_3042bde3,3788761,0,1,1,0,final_third_entry,4.592,0.0,,evaluated_pressing_team_as_opponent
3788763_p26_eb7135b2,3788763,0,1,0,0,final_third_entry,9.835,5.064999999999941,,evaluated_pressing_team_as_opponent
3788763_p108_31e1dd72,3788763,0,1,1,0,final_third_entry,11.204,0.0,,evaluated_pressing_team_as_opponent
3788763_p131_7239485f,3788763,0,1,1,0,shot,7.689,2.173000000000002,,evaluated_pressing_team_as_opponent
3788763_p146_9ab7a761,3788763,0,1,1,0,shot,11.907,0.0,,evaluated_pressing_team_as_opponent
3795107_p17_cd94a01c,3795107,0,1,1,0,final_third_entry,9.32,0.8419999999999845,,evaluated_pressing_team_as_opponent
3795107_p29_589c21bf,3795107,0,1,1,0,final_third_entry,8.939,0.0,,evaluated_pressing_team_as_opponent
3795107_p44_34f7b3d5,3795107,0,1,1,0,shot,11.105,0.5529999999998836,,evaluated_pressing_team_as_opponent
3795107_p73_5d60982b,3795107,0,1,1,0,final_third_entry,15.0,2.51299999999992,,evaluated_pressing_team_as_opponent
3795107_p120_64939fec,3795107,0,1,0,0,final_third_entry,13.301,7.153999999999996,,evaluated_pressing_team_as_opponent
3794692_p128_d1d558ed,3794692,0,1,1,0,final_third_entry,8.729,3.3279999999999745,,evaluated_pressing_team_as_opponent
3794692_p140_42a963e2,3794692,0,1,1,0,final_third_entry,2.955,1.4460000000000264,,evaluated_pressing_team_as_opponent
3788765_p9_4bc1bb1d,3788765,0,1,1,0,shot,13.58,0.0,,evaluated_pressing_team_as_opponent
3788765_p13_b69c4d20,3788765,0,1,1,0,final_third_entry,4.113,1.8810000000000286,,evaluated_pressing_team_as_opponent
3788765_p45_96cac863,3788765,0,1,1,0,final_third_entry,11.694,0.0,,evaluated_pressing_team_as_opponent
3788765_p54_64773305,3788765,0,1,0,0,final_third_entry,12.856,5.462999999999965,,evaluated_pressing_team_as_opponent
3788765_p100_108f557a,3788765,0,1,1,0,final_third_entry,13.372,4.347000000000008,,evaluated_pressing_team_as_opponent
3788765_p107_a63f7dee,3788765,0,1,1,0,shot,10.057,1.0419999999999732,,evaluated_pressing_team_as_opponent
3788765_p141_6ab22a62,3788765,0,1,1,0,final_third_entry,4.576,1.566000000000031,,evaluated_pressing_team_as_opponent
3788765_p162_1fc51271,3788765,0,1,1,0,final_third_entry,6.071,0.0,,evaluated_pressing_team_as_opponent
3795506_p11_b3caf161,3795506,0,1,1,0,final_third_entry,2.627,1.7730000000000246,,evaluated_pressing_team_as_opponent
3795506_p102_06a2e479,3795506,0,1,1,0,final_third_entry,5.521,0.5819999999999936,,evaluated_pressing_team_as_opponent
3795506_p195_232ce3d4,3795506,0,1,1,0,final_third_entry,13.402,0.0,,evaluated_pressing_team_as_opponent
3795506_p210_ebedc5a5,3795506,0,1,1,0,final_third_entry,14.383,0.0,,evaluated_pressing_team_as_opponent
3788764_p10_6fc4e214,3788764,0,1,1,0,final_third_entry,6.762,1.030999999999949,,evaluated_pressing_team_as_opponent
3788764_p163_90656f0c,3788764,0,1,1,0,shot,6.366,1.3070000000002437,,evaluated_pressing_team_as_opponent
3794686_p14_94dd9018,3794686,0,1,1,0,final_third_entry,4.307,1.0849999999999795,,evaluated_pressing_team_as_opponent
3794686_p37_3c14cf4f,3794686,0,1,1,0,final_third_entry,3.684,1.1800000000000637,,evaluated_pressing_team_as_opponent
3794686_p43_39539e6f,3794686,0,1,1,0,final_third_entry,7.458,0.0,,evaluated_pressing_team_as_opponent
3794686_p102_c353f151,3794686,0,1,1,0,final_third_entry,12.079,3.049000000000035,,evaluated_pressing_team_as_opponent
3794686_p124_87a4502a,3794686,0,1,1,0,final_third_entry,8.737,0.0,,evaluated_pressing_team_as_opponent
3794686_p209_e22f812d,3794686,0,1,1,0,final_third_entry,9.606,2.7139999999999986,,evaluated_pressing_team_as_opponent
3794686_p215_349e1bc4,3794686,0,1,1,0,final_third_entry,12.149,0.0,,evaluated_pressing_team_as_opponent
3788762_p15_8690ffdc,3788762,0,1,1,0,final_third_entry,8.662,0.8269999999999982,,evaluated_pressing_team_as_opponent
3788762_p20_14467df2,3788762,0,1,1,0,shot,6.961,2.5950000000000273,,evaluated_pressing_team_as_opponent
3788762_p31_387a8d7c,3788762,0,1,1,0,final_third_entry,6.01,1.63900000000001,,evaluated_pressing_team_as_opponent
3788762_p56_7b2c46ca,3788762,0,1,1,0,shot,13.641,0.0,,evaluated_pressing_team_as_opponent
3788762_p71_3edef4a0,3788762,0,1,1,0,shot,3.429,1.3609999999998763,,evaluated_pressing_team_as_opponent
3788762_p110_41c06bd9,3788762,0,1,1,0,shot,8.366,3.216000000000122,,evaluated_pressing_team_as_opponent
3788766_p63_107db18a,3788766,0,1,1,0,final_third_entry,4.578,0.42699999999990723,,evaluated_pressing_team_as_opponent
3788766_p72_66903a65,3788766,0,1,1,0,final_third_entry,13.94,0.0,,evaluated_pressing_team_as_opponent
3788766_p102_00e6ddd7,3788766,0,1,1,0,final_third_entry,12.812,1.1330000000000382,,evaluated_pressing_team_as_opponent
3788766_p119_21170cf6,3788766,0,1,1,0,final_third_entry,13.819,0.0,,evaluated_pressing_team_as_opponent
3788766_p143_ea04facb,3788766,0,1,1,0,final_third_entry,9.095,1.1859999999999218,,evaluated_pressing_team_as_opponent
3795220_p5_26427678,3795220,0,1,1,0,final_third_entry,11.029,2.2180000000000035,,evaluated_pressing_team_as_opponent
3795220_p13_5e7a0f0f,3795220,0,1,1,0,final_third_entry,4.186,0.8600000000000136,,evaluated_pressing_team_as_opponent
3795220_p44_9f498454,3795220,0,1,1,0,final_third_entry,7.437,0.0,,evaluated_pressing_team_as_opponent
3795220_p63_8652b573,3795220,0,1,1,0,shot,5.402,0.0,,evaluated_pressing_team_as_opponent
3795220_p113_044ecb7f,3795220,0,1,1,0,shot,9.36,0.0,,evaluated_pressing_team_as_opponent
3795220_p125_895b189e,3795220,0,1,1,0,final_third_entry,3.779,3.0520000000001346,,evaluated_pressing_team_as_opponent
3795220_p129_25441e92,3795220,0,1,1,0,final_third_entry,3.634,1.7490000000000236,,evaluated_pressing_team_as_opponent
3795220_p147_2e7336f2,3795220,0,1,1,0,final_third_entry,6.92,0.0,,evaluated_pressing_team_as_opponent
3795220_p165_2419f7e7,3795220,0,1,1,0,final_third_entry,13.314,0.0,,evaluated_pressing_team_as_opponent
3795220_p187_2d37f5ac,3795220,0,1,1,0,final_third_entry,7.644,0.6619999999999777,,evaluated_pressing_team_as_opponent
3795220_p212_0d1d4e78,3795220,0,1,1,0,final_third_entry,9.775,0.8220000000000027,,evaluated_pressing_team_as_opponent
3788754_p78_074e5629,3788754,0,1,1,0,final_third_entry,9.492,1.1859999999996944,,evaluated_pressing_team_as_opponent
3788754_p146_ea08374b,3788754,0,1,1,0,final_third_entry,12.715,0.0,,evaluated_pressing_team_as_opponent
3795109_p22_2491480e,3795109,0,1,1,0,final_third_entry,11.539,0.0,,evaluated_pressing_team_as_opponent
3795109_p36_820dc081,3795109,0,1,1,0,final_third_entry,3.902,1.59699999999998,,evaluated_pressing_team_as_opponent
3795109_p93_ea8119dd,3795109,0,1,0,0,final_third_entry,11.806,6.8420000000000005,,evaluated_pressing_team_as_opponent
3795109_p160_8f9b384b,3795109,0,1,1,0,final_third_entry,10.008,1.0950000000002547,,evaluated_pressing_team_as_opponent
3795109_p168_674c83b9,3795109,0,1,1,0,final_third_entry,12.124,0.0,,evaluated_pressing_team_as_opponent
3788747_p12_3df96e65,3788747,0,1,1,0,final_third_entry,8.127,1.710000000000008,,evaluated_pressing_team_as_opponent
3788747_p18_7c03043d,3788747,0,1,1,0,final_third_entry,6.823,0.0,,evaluated_pressing_team_as_opponent
3788747_p25_c45b7212,3788747,0,1,1,0,final_third_entry,9.782,1.45900000000006,,evaluated_pressing_team_as_opponent
3788747_p29_eb3c742d,3788747,0,1,1,0,final_third_entry,8.745,1.0769999999999982,,evaluated_pressing_team_as_opponent
3788747_p36_8bd439b1,3788747,0,1,1,0,final_third_entry,2.845,0.4679999999999609,,evaluated_pressing_team_as_opponent
3788747_p44_9b559440,3788747,0,1,1,0,final_third_entry,7.967,1.6649999999999636,,evaluated_pressing_team_as_opponent
3788747_p80_de5e5f39,3788747,0,1,1,0,final_third_entry,7.883,0.0,,evaluated_pressing_team_as_opponent
3788747_p125_af347d19,3788747,0,1,1,0,final_third_entry,5.57,0.5639999999999645,,evaluated_pressing_team_as_opponent
3788747_p163_a87f83bf,3788747,0,1,1,0,final_third_entry,7.432,1.0019999999999527,,evaluated_pressing_team_as_opponent
3788747_p174_e1be0dd6,3788747,0,1,1,0,final_third_entry,6.122,1.2709999999997308,,evaluated_pressing_team_as_opponent
3788747_p175_8425de07,3788747,0,1,1,0,final_third_entry,13.506,0.0,,evaluated_pressing_team_as_opponent
3788747_p188_6304f5b2,3788747,0,1,1,0,final_third_entry,6.804,0.0,,evaluated_pressing_team_as_opponent
3788769_p40_01a87028,3788769,0,1,1,0,shot,8.725,1.5159999999999627,,evaluated_pressing_team_as_opponent
3788769_p97_1ce450ed,3788769,0,1,1,0,final_third_entry,9.192,1.6529999999999632,,evaluated_pressing_team_as_opponent
3788769_p123_852f2f78,3788769,0,1,1,0,final_third_entry,7.781,1.3240000000000691,,evaluated_pressing_team_as_opponent
3788769_p136_f77a34be,3788769,0,1,1,0,final_third_entry,10.445,0.0,,evaluated_pressing_team_as_opponent
3788769_p165_c43ce402,3788769,0,1,1,0,final_third_entry,10.639,0.0,,evaluated_pressing_team_as_opponent
3788741_p133_adfa8ff8,3788741,0,1,0,0,final_third_entry,14.233,6.383000000000038,,evaluated_pressing_team_as_opponent
3788741_p135_e42bc12f,3788741,0,1,1,0,shot,9.843,3.2759999999999536,,evaluated_pressing_team_as_opponent
3788741_p140_8d424da6,3788741,0,1,1,0,final_third_entry,6.399,0.0,,evaluated_pressing_team_as_opponent
3788741_p148_5c2ddf97,3788741,0,1,1,0,final_third_entry,7.449,0.0,,evaluated_pressing_team_as_opponent
3788741_p182_e16c53fc,3788741,0,1,1,0,shot,10.497,0.0,,evaluated_pressing_team_as_opponent
3788771_p23_cb839edf,3788771,0,1,1,0,final_third_entry,5.437,0.7540000000000191,,evaluated_pressing_team_as_opponent
3788771_p131_a9492861,3788771,0,1,1,0,final_third_entry,10.277,1.3260000000000218,,evaluated_pressing_team_as_opponent
3788771_p157_6ca6d935,3788771,0,1,1,0,final_third_entry,7.548,0.650000000000091,,evaluated_pressing_team_as_opponent
3788774_p55_4535e093,3788774,0,1,1,0,final_third_entry,6.262,1.9589999999998327,,evaluated_pressing_team_as_opponent
3788774_p70_a0828ced,3788774,0,1,1,0,final_third_entry,9.583,0.0,,evaluated_pressing_team_as_opponent
3788774_p84_8ccd2900,3788774,0,1,1,0,final_third_entry,6.584,0.24000000000023647,,evaluated_pressing_team_as_opponent
3788774_p158_444571cb,3788774,0,1,1,0,final_third_entry,6.673,0.0,,evaluated_pressing_team_as_opponent
3788767_p10_f7b3694c,3788767,0,1,1,0,shot,13.976,1.146000000000015,,evaluated_pressing_team_as_opponent
3788767_p23_1584f4e9,3788767,0,1,1,0,final_third_entry,3.559,1.05600000000004,,evaluated_pressing_team_as_opponent
3788767_p31_60f42dc3,3788767,0,1,1,0,final_third_entry,11.807,2.372000000000071,,evaluated_pressing_team_as_opponent
3788767_p42_c960ec2f,3788767,0,1,1,0,final_third_entry,8.597,1.7100000000000364,,evaluated_pressing_team_as_opponent
3788767_p44_77e43f91,3788767,0,1,0,0,final_third_entry,10.134,6.363000000000056,,evaluated_pressing_team_as_opponent
3788767_p50_ce14bcd1,3788767,0,1,1,0,final_third_entry,6.497,2.2460000000000946,,evaluated_pressing_team_as_opponent
3788767_p56_ed6e861e,3788767,0,1,1,0,final_third_entry,9.048,1.5920000000000982,,evaluated_pressing_team_as_opponent
3788767_p71_3d8ee7f7,3788767,0,1,1,0,final_third_entry,6.045,1.0879999999999654,,evaluated_pressing_team_as_opponent
3788767_p81_a66b249a,3788767,0,1,1,0,final_third_entry,2.33,0.0,,evaluated_pressing_team_as_opponent
3788767_p86_970d28d7,3788767,0,1,1,0,final_third_entry,11.318,3.757000000000062,,evaluated_pressing_team_as_opponent
3788767_p185_28d49aa6,3788767,0,1,1,0,final_third_entry,2.866,1.3460000000000036,,evaluated_pressing_team_as_opponent
3788767_p195_1483c7cb,3788767,0,1,1,0,final_third_entry,1.737,0.0,,evaluated_pressing_team_as_opponent
3794688_p23_773969ea,3794688,0,1,1,0,final_third_entry,9.707,0.9580000000000268,,evaluated_pressing_team_as_opponent
3788770_p23_6ec9c812,3788770,0,1,1,0,final_third_entry,2.441,1.2600000000001046,,evaluated_pressing_team_as_opponent
3788770_p30_7ef27390,3788770,0,1,1,0,final_third_entry,5.857,0.0,,evaluated_pressing_team_as_opponent
3788770_p33_56fa8825,3788770,0,1,1,0,final_third_entry,8.149,0.0,,evaluated_pressing_team_as_opponent
3788770_p35_0d1d8196,3788770,0,1,1,0,shot,4.951,0.0,,evaluated_pressing_team_as_opponent
3788770_p75_a605d4cd,3788770,0,1,1,0,final_third_entry,7.886,0.0,,evaluated_pressing_team_as_opponent
3788770_p126_c50a4bb4,3788770,0,1,1,0,shot,14.245,2.0970000000002074,,evaluated_pressing_team_as_opponent
3788770_p135_c1598ee0,3788770,0,1,1,0,final_third_entry,8.288,0.0,,evaluated_pressing_team_as_opponent
3788770_p146_14e470cd,3788770,0,1,1,0,final_third_entry,5.651,2.130999999999858,,evaluated_pressing_team_as_opponent
3788770_p155_5e2e5bfe,3788770,0,1,1,0,final_third_entry,7.94,2.825000000000273,,evaluated_pressing_team_as_opponent
3788770_p163_8ea4bf8a,3788770,0,1,1,0,final_third_entry,6.276,1.5220000000003893,,evaluated_pressing_team_as_opponent
3788759_p26_6640ac47,3788759,0,1,1,0,shot,5.361,0.0,,evaluated_pressing_team_as_opponent
3788759_p55_42a11255,3788759,0,1,1,0,final_third_entry,8.207,0.0,,evaluated_pressing_team_as_opponent
3788759_p80_a12b52f3,3788759,0,1,1,0,final_third_entry,5.518,0.0,,evaluated_pressing_team_as_opponent
3788759_p92_3da6cd16,3788759,0,1,1,0,final_third_entry,10.362,0.0,,evaluated_pressing_team_as_opponent
3788759_p102_2270d960,3788759,0,1,1,0,final_third_entry,14.677,0.8289999999999509,,evaluated_pressing_team_as_opponent
3788759_p115_f61cc53f,3788759,0,1,1,0,shot,11.171,0.8690000000001419,,evaluated_pressing_team_as_opponent
3788759_p122_a35d2254,3788759,0,1,1,0,final_third_entry,10.002,0.0,,evaluated_pressing_team_as_opponent
3788755_p71_d775e0dc,3788755,0,1,1,0,final_third_entry,3.874,2.770999999999958,,evaluated_pressing_team_as_opponent
3788755_p76_1b66e38a,3788755,0,1,1,0,final_third_entry,6.706,2.3020000000001346,,evaluated_pressing_team_as_opponent
3788755_p90_45f8a992,3788755,0,1,1,0,final_third_entry,6.388,1.8399999999999892,,evaluated_pressing_team_as_opponent
3788755_p92_bb895188,3788755,0,1,1,0,final_third_entry,5.263,0.30000000000001137,,evaluated_pressing_team_as_opponent
3788755_p99_9977a3ce,3788755,0,1,1,0,final_third_entry,3.279,1.3700000000000045,,evaluated_pressing_team_as_opponent
3788755_p128_149ec42d,3788755,0,1,1,0,final_third_entry,8.819,1.0609999999999218,,evaluated_pressing_team_as_opponent
3788772_p139_92e912a1,3788772,0,1,1,0,final_third_entry,1.904,0.0,,evaluated_pressing_team_as_opponent
3788750_p3_85473166,3788750,0,1,1,0,final_third_entry,3.296,1.7039999999999935,,evaluated_pressing_team_as_opponent
3788750_p94_1f6d6361,3788750,0,1,1,0,final_third_entry,9.164,1.29099999999994,,evaluated_pressing_team_as_opponent
3788753_p8_7080967d,3788753,0,1,1,0,final_third_entry,6.676,1.6930000000000405,,evaluated_pressing_team_as_opponent
3788753_p16_48a8578a,3788753,0,1,1,0,final_third_entry,12.801,0.7329999999999472,,evaluated_pressing_team_as_opponent
3788753_p40_74b6fd2f,3788753,0,1,1,0,final_third_entry,7.791,0.0,,evaluated_pressing_team_as_opponent
3788753_p82_264225f3,3788753,0,1,1,0,final_third_entry,9.115,0.5990000000001601,,evaluated_pressing_team_as_opponent
3788753_p91_6de492cb,3788753,0,1,1,0,final_third_entry,8.923,1.3749999999999716,,evaluated_pressing_team_as_opponent
3788753_p92_7cb611aa,3788753,0,1,1,0,shot,7.474,0.0,,evaluated_pressing_team_as_opponent
3788753_p148_c4674dae,3788753,0,1,1,0,final_third_entry,13.237,0.0,,evaluated_pressing_team_as_opponent
3788753_p173_608a009f,3788753,0,1,1,0,final_third_entry,10.461,1.1739999999999782,,evaluated_pressing_team_as_opponent
3788768_p83_b22bef49,3788768,0,1,1,0,final_third_entry,12.456,0.6979999999999791,,evaluated_pressing_team_as_opponent
3788768_p85_d1bbbdd1,3788768,0,1,1,0,final_third_entry,8.549,1.600999999999999,,evaluated_pressing_team_as_opponent
3788768_p108_e4341e9b,3788768,0,1,1,0,final_third_entry,11.866,1.63799999999992,,evaluated_pressing_team_as_opponent
3788745_p78_4e376009,3788745,0,1,1,0,final_third_entry,10.938,0.0,,evaluated_pressing_team_as_opponent
3788745_p101_93dcf9be,3788745,0,1,1,0,final_third_entry,8.745,0.5579999999999927,,evaluated_pressing_team_as_opponent
3788756_p6_c7f32ae0,3788756,0,1,1,0,final_third_entry,6.29,0.0,,evaluated_pressing_team_as_opponent
3788756_p29_b0571848,3788756,0,1,1,0,final_third_entry,8.08,0.0,,evaluated_pressing_team_as_opponent
3788756_p52_1a745b05,3788756,0,1,1,0,final_third_entry,6.79,0.8970000000001619,,evaluated_pressing_team_as_opponent
3788756_p91_680ff4de,3788756,0,1,1,0,final_third_entry,4.958,1.5330000000000155,,evaluated_pressing_team_as_opponent
3788756_p115_cb6113a2,3788756,0,1,1,0,final_third_entry,13.969,0.0,,evaluated_pressing_team_as_opponent
3788756_p134_b469a3cd,3788756,0,1,1,0,final_third_entry,9.54,0.0,,evaluated_pressing_team_as_opponent
3788756_p148_68a15a00,3788756,0,1,1,0,final_third_entry,10.063,0.0,,evaluated_pressing_team_as_opponent
3788756_p170_3016db43,3788756,0,1,1,0,final_third_entry,7.67,0.0,,evaluated_pressing_team_as_opponent
3788756_p171_ad047cdc,3788756,0,1,1,0,final_third_entry,11.38,1.893000000000029,,evaluated_pressing_team_as_opponent
3788746_p19_45dde56f,3788746,0,1,1,0,final_third_entry,4.414,2.7420000000000186,,evaluated_pressing_team_as_opponent
3788746_p46_a6d9d8dd,3788746,0,1,1,0,final_third_entry,6.646,0.9130000000000109,,evaluated_pressing_team_as_opponent
3788746_p106_73bde83a,3788746,0,1,1,0,final_third_entry,3.172,0.9950000000000045,,evaluated_pressing_team_as_opponent
3788746_p108_6c16651e,3788746,0,1,1,0,shot,13.412,2.63799999999992,,evaluated_pressing_team_as_opponent
3788746_p154_9dc9d50e,3788746,0,1,1,0,final_third_entry,14.672,3.14200000000028,,evaluated_pressing_team_as_opponent
3788749_p16_c097c36c,3788749,0,1,1,0,final_third_entry,9.043,1.3070000000000164,,evaluated_pressing_team_as_opponent
3788749_p22_02ef47ed,3788749,0,1,1,0,final_third_entry,8.909,0.0,,evaluated_pressing_team_as_opponent
3788749_p55_eaa4088c,3788749,0,1,1,0,final_third_entry,6.436,4.846000000000004,,evaluated_pressing_team_as_opponent
3788749_p67_5b9973ef,3788749,0,1,1,0,final_third_entry,14.859,0.0,,evaluated_pressing_team_as_opponent
3788749_p72_01b78f3c,3788749,0,1,1,0,final_third_entry,11.975,2.9659999999998945,,evaluated_pressing_team_as_opponent
3788749_p81_2d6e7fd0,3788749,0,1,1,0,final_third_entry,5.52,4.7109999999999985,,evaluated_pressing_team_as_opponent
3795221_p47_9b6be21c,3795221,0,1,1,0,final_third_entry,3.999,0.0,,evaluated_pressing_team_as_opponent
3795221_p82_d789f83a,3795221,0,1,1,0,final_third_entry,7.073,0.8089999999999691,,evaluated_pressing_team_as_opponent
3795221_p108_edb83206,3795221,0,1,1,0,final_third_entry,3.237,0.0,,evaluated_pressing_team_as_opponent
3795221_p127_e30a7d1e,3795221,0,1,1,0,final_third_entry,3.521,0.0,,evaluated_pressing_team_as_opponent
3795221_p167_ccb3d44e,3795221,0,1,1,0,final_third_entry,6.827,1.5229999999999961,,evaluated_pressing_team_as_opponent
3795221_p173_d0702c56,3795221,0,1,1,0,final_third_entry,1.008,0.0,,evaluated_pressing_team_as_opponent
3795221_p196_733e1253,3795221,0,1,1,0,final_third_entry,10.824,0.0,,evaluated_pressing_team_as_opponent
3788757_p41_39af2c6e,3788757,0,1,1,0,shot,9.842,0.0,,evaluated_pressing_team_as_opponent
3788757_p60_f4b0dcda,3788757,0,1,1,0,final_third_entry,5.099,0.0,,evaluated_pressing_team_as_opponent
3788757_p97_3c15d91d,3788757,0,1,1,0,final_third_entry,13.904,0.9540000000001783,,evaluated_pressing_team_as_opponent
3788757_p108_4cd3fc71,3788757,0,1,1,0,final_third_entry,10.404,2.1899999999999977,,evaluated_pressing_team_as_opponent
3788757_p163_a842c4e8,3788757,0,1,1,0,final_third_entry,9.281,0.0,,evaluated_pressing_team_as_opponent
3788775_p80_76dba925,3788775,0,1,1,0,final_third_entry,5.37,3.5450000000000728,,evaluated_pressing_team_as_opponent
3788776_p34_446edd07,3788776,0,1,1,0,final_third_entry,7.287,0.6330000000000382,,evaluated_pressing_team_as_opponent
3788776_p55_df41cb29,3788776,0,1,1,0,final_third_entry,6.045,2.3689999999999145,,evaluated_pressing_team_as_opponent
3788776_p106_29db7ec0,3788776,0,1,1,0,final_third_entry,5.0,0.0,,evaluated_pressing_team_as_opponent
3788776_p142_d7821b32,3788776,0,1,1,0,final_third_entry,8.978,0.0,,evaluated_pressing_team_as_opponent
3788743_p29_b5797d5c,3788743,0,1,1,0,final_third_entry,12.033,0.5539999999999736,,evaluated_pressing_team_as_opponent
3788743_p46_1c81af33,3788743,0,1,1,0,final_third_entry,6.617,4.859000000000151,,evaluated_pressing_team_as_opponent
3788743_p47_e360e436,3788743,0,1,1,0,final_third_entry,6.437,0.0,,evaluated_pressing_team_as_opponent
3788743_p55_ef5a8327,3788743,0,1,1,0,final_third_entry,9.055,2.421000000000049,,evaluated_pressing_team_as_opponent
3788743_p81_eba85d2e,3788743,0,1,1,0,shot,6.464,0.7839999999999989,,evaluated_pressing_team_as_opponent
3788743_p95_71cfeada,3788743,0,1,1,0,final_third_entry,6.345,1.6200000000000045,,evaluated_pressing_team_as_opponent
3788743_p98_c8030ecd,3788743,0,1,1,0,final_third_entry,13.559,0.7450000000000045,,evaluated_pressing_team_as_opponent
3788743_p145_1025d26c,3788743,0,1,1,0,final_third_entry,9.954,0.0,,evaluated_pressing_team_as_opponent
3788752_p61_fac4a380,3788752,0,1,1,0,final_third_entry,8.485,1.36200000000008,,evaluated_pressing_team_as_opponent
3788752_p144_3ddbee37,3788752,0,1,1,0,final_third_entry,7.416,1.1850000000000591,,evaluated_pressing_team_as_opponent
3788752_p158_c435cdf0,3788752,0,1,1,0,shot,6.368,0.0,,evaluated_pressing_team_as_opponent
3788752_p184_12a425a2,3788752,0,1,1,0,final_third_entry,7.33,0.0,,evaluated_pressing_team_as_opponent
3788752_p194_94e7f073,3788752,0,1,1,0,final_third_entry,7.144,0.0,,evaluated_pressing_team_as_opponent
3788752_p198_364910c0,3788752,0,1,1,0,final_third_entry,10.788,2.061000000000149,,evaluated_pressing_team_as_opponent
3788748_p34_e79904ff,3788748,0,1,1,0,shot,5.593,2.6089999999999236,,evaluated_pressing_team_as_opponent
3788748_p85_7c437a27,3788748,0,1,1,0,final_third_entry,11.81,2.4039999999999964,,evaluated_pressing_team_as_opponent
3788748_p134_c02b217a,3788748,0,1,1,0,final_third_entry,14.969,0.0,,evaluated_pressing_team_as_opponent
3788748_p139_7135e7c9,3788748,0,1,1,0,final_third_entry,14.471,1.7959999999998217,,evaluated_pressing_team_as_opponent
3788748_p165_f482cbdf,3788748,0,1,1,0,shot,9.61,2.4970000000002983,,evaluated_pressing_team_as_opponent
3788748_p195_98d6308e,3788748,0,1,1,0,final_third_entry,2.585,0.0,,evaluated_pressing_team_as_opponent
3788748_p196_9341bc3c,3788748,0,1,1,0,final_third_entry,4.94,0.0,,evaluated_pressing_team_as_opponent
3788744_p8_fd0c88da,3788744,0,1,1,0,final_third_entry,6.72,1.5060000000000002,,evaluated_pressing_team_as_opponent
3788744_p95_3c0553c9,3788744,0,1,1,0,final_third_entry,8.218,1.3519999999999754,,evaluated_pressing_team_as_opponent
3788744_p138_d36b404f,3788744,0,1,1,0,final_third_entry,4.358,0.0,,evaluated_pressing_team_as_opponent
3788751_p29_3edd0eaa,3788751,0,1,1,0,final_third_entry,5.219,1.2869999999999209,,evaluated_pressing_team_as_opponent
3788751_p51_e233ae8f,3788751,0,1,1,0,final_third_entry,10.854,0.0,,evaluated_pressing_team_as_opponent
3788751_p72_249c3eb7,3788751,0,1,1,0,final_third_entry,9.158,0.930000000000291,,evaluated_pressing_team_as_opponent
3788751_p88_b793d661,3788751,0,1,1,0,final_third_entry,3.038,0.6850000000000023,,evaluated_pressing_team_as_opponent
3788751_p93_3797f518,3788751,0,1,0,0,final_third_entry,7.614,5.296999999999912,,evaluated_pressing_team_as_opponent
3788751_p131_36615e6f,3788751,0,1,1,0,final_third_entry,7.171,0.3109999999999218,,evaluated_pressing_team_as_opponent
3788751_p143_34cbe14f,3788751,0,1,1,0,final_third_entry,10.853,0.0,,evaluated_pressing_team_as_opponent
3794691_p36_54b8e570,3794691,0,1,1,0,final_third_entry,12.218,1.4620000000002165,,evaluated_pressing_team_as_opponent
3794691_p67_113e542b,3794691,0,1,1,0,final_third_entry,9.224,1.7269999999998618,,evaluated_pressing_team_as_opponent
3794691_p144_d8f4080a,3794691,0,1,1,0,shot,7.68,1.5260000000002947,,evaluated_pressing_team_as_opponent
3794691_p164_ec6826af,3794691,0,1,1,0,shot,9.206,0.0,,evaluated_pressing_team_as_opponent
3794691_p203_1205d65c,3794691,0,1,1,0,final_third_entry,8.504,1.5059999999999718,,evaluated_pressing_team_as_opponent
3794691_p204_9f523101,3794691,0,1,1,0,shot,14.356,0.0,,evaluated_pressing_team_as_opponent
3998838_p76_8d62f248,3998838,0,1,1,0,final_third_entry,10.351,0.0,,evaluated_pressing_team_as_opponent
3998838_p168_f45c1d88,3998838,0,1,1,0,final_third_entry,5.105,0.0,,evaluated_pressing_team_as_opponent
3998853_p119_19eca7b8,3998853,0,1,1,0,final_third_entry,14.133,2.372000000000071,,evaluated_pressing_team_as_opponent
3998853_p128_7c5f2b6b,3998853,0,1,1,0,final_third_entry,6.046,3.369999999999891,,evaluated_pressing_team_as_opponent
3998853_p161_8b921561,3998853,0,1,1,0,final_third_entry,10.9,1.5579999999999927,,evaluated_pressing_team_as_opponent
3998841_p108_87c8a45a,3998841,0,1,1,0,final_third_entry,7.051,0.8440000000000509,,evaluated_pressing_team_as_opponent
3998841_p159_6fc060a9,3998841,0,1,1,0,final_third_entry,11.201,1.1469999999999345,,evaluated_pressing_team_as_opponent
3788742_p20_8cf88a23,3788742,0,1,1,0,shot,14.667,2.280999999999949,,evaluated_pressing_team_as_opponent
3788742_p42_afab67b2,3788742,0,1,1,0,final_third_entry,11.715,0.0,,evaluated_pressing_team_as_opponent
3788742_p48_28bdd04e,3788742,0,1,1,0,shot,7.289,0.0,,evaluated_pressing_team_as_opponent
3788742_p64_b651ae39,3788742,0,1,1,0,shot,8.391,0.0,,evaluated_pressing_team_as_opponent
3788742_p68_c47f6127,3788742,0,1,1,0,final_third_entry,4.168,0.0,,evaluated_pressing_team_as_opponent
3788742_p72_b3dac700,3788742,0,1,1,0,final_third_entry,4.165,2.2580000000002656,,evaluated_pressing_team_as_opponent
3788742_p132_c565bba5,3788742,0,1,0,0,final_third_entry,11.062,6.264000000000124,,evaluated_pressing_team_as_opponent
4020005_p106_c633ef0e,4020005,0,1,1,0,final_third_entry,4.154,0.8379999999999654,,evaluated_pressing_team_as_opponent
4020005_p168_ce700910,4020005,0,1,1,0,shot,5.039,1.837999999999738,,evaluated_pressing_team_as_opponent
4020005_p192_217fd849,4020005,0,1,1,0,final_third_entry,13.189,0.0,,evaluated_pressing_team_as_opponent
4020005_p224_be5b7850,4020005,0,1,1,0,final_third_entry,4.842,1.677000000000021,,evaluated_pressing_team_as_opponent
3998837_p21_921d172f,3998837,0,1,1,0,final_third_entry,10.378,2.3520000000000323,,evaluated_pressing_team_as_opponent
3998837_p24_2e1f1451,3998837,0,1,1,0,final_third_entry,12.239,2.0259999999999536,,evaluated_pressing_team_as_opponent
3998837_p48_75594023,3998837,0,1,0,0,final_third_entry,10.677,6.814000000000078,,evaluated_pressing_team_as_opponent
3998837_p69_79f66950,3998837,0,1,1,0,final_third_entry,6.076,0.6149999999997817,,evaluated_pressing_team_as_opponent
4018354_p96_1afe2ec9,4018354,0,1,1,0,shot,10.534,0.0,,evaluated_pressing_team_as_opponent
4018356_p32_a38e5032,4018356,0,1,1,0,final_third_entry,3.494,0.5849999999999227,,evaluated_pressing_team_as_opponent
4018356_p72_84c3b1f8,4018356,0,1,1,0,final_third_entry,13.57,0.0,,evaluated_pressing_team_as_opponent
4018356_p77_56df9074,4018356,0,1,1,0,final_third_entry,6.12,4.003000000000156,,evaluated_pressing_team_as_opponent
4018356_p105_052670ab,4018356,0,1,1,0,final_third_entry,4.759,0.0,,evaluated_pressing_team_as_opponent
4018356_p167_baaf6ff0,4018356,0,1,1,0,final_third_entry,8.431,2.1010000000001128,,evaluated_pressing_team_as_opponent
4020077_p99_7c7967f0,4020077,0,1,1,0,shot,12.441,2.4639999999999986,,evaluated_pressing_team_as_opponent
4020077_p132_59086d29,4020077,0,1,1,0,final_third_entry,7.56,2.2670000000000528,,evaluated_pressing_team_as_opponent
4020077_p167_fd166369,4020077,0,1,1,0,final_third_entry,14.297,0.8240000000000691,,evaluated_pressing_team_as_opponent
4020077_p195_92936582,4020077,0,1,1,0,shot,14.347,0.0,,evaluated_pressing_team_as_opponent
4020077_p210_01745f77,4020077,0,1,1,0,final_third_entry,6.542,0.0,,evaluated_pressing_team_as_opponent
4020077_p241_3a554ab2,4020077,0,1,1,0,final_third_entry,8.888,0.8489999999999327,,evaluated_pressing_team_as_opponent
3998859_p100_9ecfa512,3998859,0,1,1,0,final_third_entry,4.751,0.0,,evaluated_pressing_team_as_opponent
3998859_p119_76c0ff0e,3998859,0,1,1,0,shot,8.065,0.0,,evaluated_pressing_team_as_opponent
3998859_p153_d34d4b03,3998859,0,1,1,0,shot,11.697,1.2940000000000964,,evaluated_pressing_team_as_opponent
3998859_p170_7a545b90,3998859,0,1,1,0,final_third_entry,6.14,0.6050000000000182,,evaluated_pressing_team_as_opponent
3998859_p179_45fc5e0f,3998859,0,1,1,0,final_third_entry,13.989,1.0060000000003129,,evaluated_pressing_team_as_opponent
3998851_p104_e31de186,3998851,0,1,1,0,shot,6.102,0.0,,evaluated_pressing_team_as_opponent
3998851_p140_248b16f5,3998851,0,1,1,0,final_third_entry,8.408,0.9190000000000964,,evaluated_pressing_team_as_opponent
3998851_p168_442890c1,3998851,0,1,1,0,final_third_entry,5.065,0.0,,evaluated_pressing_team_as_opponent
3998858_p27_f91ad1e2,3998858,0,1,0,0,final_third_entry,12.765,5.287999999999897,,evaluated_pressing_team_as_opponent
3998858_p48_0a212295,3998858,0,1,1,0,shot,6.3,0.0,,evaluated_pressing_team_as_opponent
4020846_p42_913b3a5d,4020846,0,1,1,0,shot,1.51,0.0,,evaluated_pressing_team_as_opponent
4020846_p66_5fd3c41e,4020846,0,1,0,0,final_third_entry,7.591,6.44399999999996,,evaluated_pressing_team_as_opponent
4020846_p126_13232826,4020846,0,1,1,0,shot,8.802,1.8809999999998581,,evaluated_pressing_team_as_opponent
4020846_p145_5179241b,4020846,0,1,1,0,final_third_entry,7.568,2.046000000000049,,evaluated_pressing_team_as_opponent
4020846_p155_00c102e3,4020846,0,1,1,0,final_third_entry,7.729,0.0,,evaluated_pressing_team_as_opponent
4020846_p172_cbfa29a2,4020846,0,1,1,0,final_third_entry,9.718,4.4929999999999986,,evaluated_pressing_team_as_opponent
4020846_p183_04ed0f91,4020846,0,1,1,0,shot,12.466,2.3009999999999877,,evaluated_pressing_team_as_opponent
3998855_p20_04c7ff45,3998855,0,1,1,0,shot,11.932,1.4449999999999363,,evaluated_pressing_team_as_opponent
3998850_p15_0b4d3532,3998850,0,1,1,0,final_third_entry,14.725,1.198000000000036,,evaluated_pressing_team_as_opponent
3998850_p93_2e4f78d4,3998850,0,1,1,0,shot,4.06,0.0,,evaluated_pressing_team_as_opponent
3998850_p128_b2ffa93e,3998850,0,1,1,0,final_third_entry,8.494,3.4610000000000127,,evaluated_pressing_team_as_opponent
4018357_p13_49744ff5,4018357,0,1,1,0,final_third_entry,11.739,1.5769999999999982,,evaluated_pressing_team_as_opponent
4018357_p16_727c6032,4018357,0,1,1,0,final_third_entry,5.438,0.0,,evaluated_pressing_team_as_opponent
4018357_p52_a831d812,4018357,0,1,1,0,final_third_entry,7.492,0.0,,evaluated_pressing_team_as_opponent
4018357_p76_96138de9,4018357,0,1,1,0,final_third_entry,5.959,1.0889999999999418,,evaluated_pressing_team_as_opponent
4018357_p81_7ab64d9d,4018357,0,1,1,0,final_third_entry,7.365,0.0,,evaluated_pressing_team_as_opponent
4018357_p141_78f1dc39,4018357,0,1,1,0,final_third_entry,9.16,0.0,,evaluated_pressing_team_as_opponent
4018357_p160_06745e73,4018357,0,1,1,0,final_third_entry,6.7,2.3849999999997635,,evaluated_pressing_team_as_opponent
4018357_p166_a754d4a8,4018357,0,1,1,0,final_third_entry,7.783,2.294000000000324,,evaluated_pressing_team_as_opponent
4018357_p180_8ee33f76,4018357,0,1,1,0,final_third_entry,11.705,4.384999999999991,,evaluated_pressing_team_as_opponent
4018357_p184_f05189af,4018357,0,1,1,0,final_third_entry,7.942,0.9130000000000109,,evaluated_pressing_team_as_opponent
4018357_p189_9e4c9622,4018357,0,1,1,0,final_third_entry,6.67,2.3290000000000077,,evaluated_pressing_team_as_opponent
4018357_p235_2218afc7,4018357,0,1,1,0,final_third_entry,11.246,0.0,,evaluated_pressing_team_as_opponent
3998857_p56_e27f005f,3998857,0,1,1,0,shot,13.841,1.5919999999998709,,evaluated_pressing_team_as_opponent
3998857_p109_d9751ac6,3998857,0,1,1,0,final_third_entry,3.955,0.0,,evaluated_pressing_team_as_opponent
3998845_p51_60985200,3998845,0,1,1,0,final_third_entry,12.147,0.0,,evaluated_pressing_team_as_opponent
3998845_p87_e9ba3cf4,3998845,0,1,1,0,final_third_entry,8.273,0.8689999999999998,,evaluated_pressing_team_as_opponent
3998845_p96_b91ddf68,3998845,0,1,1,0,final_third_entry,7.654,1.150999999999982,,evaluated_pressing_team_as_opponent
3998845_p106_bd3deb35,3998845,0,1,1,0,final_third_entry,11.249,0.3249999999999318,,evaluated_pressing_team_as_opponent
3998845_p115_866091dc,3998845,0,1,1,0,final_third_entry,13.998,0.0,,evaluated_pressing_team_as_opponent
3998845_p140_f32622aa,3998845,0,1,1,0,final_third_entry,10.608,0.0,,evaluated_pressing_team_as_opponent
3998848_p24_ee4a9e27,3998848,0,1,1,0,final_third_entry,4.372,3.383000000000038,,evaluated_pressing_team_as_opponent
3998848_p108_7c3b76c7,3998848,0,1,1,0,final_third_entry,14.308,1.6940000000000168,,evaluated_pressing_team_as_opponent
3998848_p120_e4a6f343,3998848,0,1,1,0,final_third_entry,9.84,1.1409999999999627,,evaluated_pressing_team_as_opponent
3998848_p171_a8a4d828,3998848,0,1,1,0,final_third_entry,6.172,0.0,,evaluated_pressing_team_as_opponent
3998848_p177_09ce0122,3998848,0,1,1,0,final_third_entry,12.246,2.4100000000003092,,evaluated_pressing_team_as_opponent
3998849_p12_250ba8e1,3998849,0,1,1,0,final_third_entry,12.447,0.0,,evaluated_pressing_team_as_opponent
3998849_p63_48f4f07a,3998849,0,1,1,0,final_third_entry,4.84,2.0540000000000873,,evaluated_pressing_team_as_opponent
3998849_p87_225e0b79,3998849,0,1,0,0,final_third_entry,14.735,7.369,,evaluated_pressing_team_as_opponent
3998849_p97_98d31b5f,3998849,0,1,1,0,final_third_entry,3.293,2.2830000000000155,,evaluated_pressing_team_as_opponent
3998849_p127_4bb1a5f7,3998849,0,1,1,0,final_third_entry,12.37,2.3350000000000364,,evaluated_pressing_team_as_opponent
4018355_p63_cfe39065,4018355,0,1,1,0,final_third_entry,4.249,1.7579999999998108,,evaluated_pressing_team_as_opponent
4018355_p127_50aea9b6,4018355,0,1,1,0,final_third_entry,8.232,1.8080000000000496,,evaluated_pressing_team_as_opponent
4018355_p185_30a2c791,4018355,0,1,1,0,final_third_entry,9.538,0.0,,evaluated_pressing_team_as_opponent
3998856_p52_f06645a8,3998856,0,1,1,0,shot,10.379,0.0,,evaluated_pressing_team_as_opponent
3998856_p121_a317b944,3998856,0,1,1,0,final_third_entry,14.089,0.5460000000000491,,evaluated_pressing_team_as_opponent
3998856_p162_f1946d0f,3998856,0,1,1,0,final_third_entry,9.314,1.6650000000004184,,evaluated_pressing_team_as_opponent
3998852_p45_08e6ea76,3998852,0,1,1,0,final_third_entry,7.057,2.828999999999951,,evaluated_pressing_team_as_opponent
3998852_p56_f050fcaf,3998852,0,1,1,0,final_third_entry,14.341,0.0,,evaluated_pressing_team_as_opponent
3998852_p116_0d2a6821,3998852,0,1,1,0,final_third_entry,14.071,0.4819999999999709,,evaluated_pressing_team_as_opponent
3998852_p181_0d8ec4b8,3998852,0,1,1,0,final_third_entry,7.227,1.3699999999998909,,evaluated_pressing_team_as_opponent
3998852_p190_cbd10d37,3998852,0,1,1,0,final_third_entry,8.511,1.4290000000000873,,evaluated_pressing_team_as_opponent
3998847_p66_a9ff99bc,3998847,0,1,1,0,shot,9.65,2.418999999999869,,evaluated_pressing_team_as_opponent
3998844_p39_91c8c05a,3998844,0,1,1,0,final_third_entry,14.875,0.0,,evaluated_pressing_team_as_opponent
3998843_p30_df21d6a9,3998843,0,1,1,0,final_third_entry,9.695,3.799000000000092,,evaluated_pressing_team_as_opponent
3998843_p55_7c72e785,3998843,0,1,1,0,final_third_entry,4.005,0.0,,evaluated_pressing_team_as_opponent
3998843_p72_f6f6584a,3998843,0,1,1,0,shot,8.637,0.0,,evaluated_pressing_team_as_opponent
3998843_p77_87590c09,3998843,0,1,1,0,shot,11.867,1.3190000000004147,,evaluated_pressing_team_as_opponent
3998843_p84_1a9eec78,3998843,0,1,1,0,final_third_entry,4.358,0.0,,evaluated_pressing_team_as_opponent
3998843_p106_6771d764,3998843,0,1,1,0,final_third_entry,14.8,0.6259999999999764,,evaluated_pressing_team_as_opponent
3998843_p150_6d9f795e,3998843,0,1,1,0,final_third_entry,5.298,3.27800000000002,,evaluated_pressing_team_as_opponent
3998843_p186_9b82eec6,3998843,0,1,1,0,final_third_entry,14.418,3.5300000000002,,evaluated_pressing_team_as_opponent
3998846_p109_5337899d,3998846,0,1,1,0,final_third_entry,4.908,1.8770000000000095,,evaluated_pressing_team_as_opponent
3835336_p11_f6175274,3835336,0,1,1,0,final_third_entry,10.066,0.0,,evaluated_pressing_team_as_opponent
3835336_p48_933efb4a,3835336,0,1,1,0,final_third_entry,10.689,0.9880000000000564,,evaluated_pressing_team_as_opponent
3835336_p53_64fa8322,3835336,0,1,1,0,final_third_entry,8.574,0.5099999999999909,,evaluated_pressing_team_as_opponent
3835336_p79_e4ec99e7,3835336,0,1,1,0,final_third_entry,9.93,0.0,,evaluated_pressing_team_as_opponent
3835336_p184_aed0156a,3835336,0,1,1,0,final_third_entry,4.011,0.8530000000000655,,evaluated_pressing_team_as_opponent
3998836_p69_c9dc8807,3998836,0,1,1,0,shot,14.882,1.2409999999999854,,evaluated_pressing_team_as_opponent
3998836_p75_6582e409,3998836,0,1,1,0,final_third_entry,11.5,1.5670000000000073,,evaluated_pressing_team_as_opponent
3998836_p149_e486878a,3998836,0,1,1,0,final_third_entry,12.3,0.0,,evaluated_pressing_team_as_opponent
3998836_p162_9a367d3e,3998836,0,1,1,0,shot,12.11,1.2309999999997672,,evaluated_pressing_team_as_opponent
3835327_p4_87357fb4,3835327,0,1,1,0,final_third_entry,7.621,1.879999999999999,,evaluated_pressing_team_as_opponent
3835327_p6_d53a8440,3835327,0,1,1,0,final_third_entry,2.64,0.0,,evaluated_pressing_team_as_opponent
3835327_p41_096c3cea,3835327,0,1,1,0,final_third_entry,2.433,1.4939999999999145,,evaluated_pressing_team_as_opponent
3835327_p57_b8db5a4e,3835327,0,1,1,0,final_third_entry,14.614,0.4420000000000073,,evaluated_pressing_team_as_opponent
3835327_p59_7eaeb36e,3835327,0,1,1,0,final_third_entry,14.578,0.0,,evaluated_pressing_team_as_opponent
3835327_p82_db7d1ab3,3835327,0,1,1,0,final_third_entry,3.942,1.3500000000003638,,evaluated_pressing_team_as_opponent
3835327_p108_4bfb7d2b,3835327,0,1,1,0,final_third_entry,9.73,1.0480000000000018,,evaluated_pressing_team_as_opponent
3835327_p128_a5217b91,3835327,0,1,1,0,shot,10.706,0.0,,evaluated_pressing_team_as_opponent
3835327_p153_0ce6b77a,3835327,0,1,1,0,shot,10.282,3.64200000000028,,evaluated_pressing_team_as_opponent
3835327_p167_34ade40f,3835327,0,1,1,0,final_third_entry,6.068,0.0,,evaluated_pressing_team_as_opponent
3835334_p27_d5eea488,3835334,0,1,1,0,final_third_entry,9.887,3.0049999999999955,,evaluated_pressing_team_as_opponent
3835334_p68_fd613349,3835334,0,1,1,0,final_third_entry,6.431,0.9079999999999018,,evaluated_pressing_team_as_opponent
3835334_p80_e8fd6cde,3835334,0,1,1,0,final_third_entry,10.81,2.0529999999998836,,evaluated_pressing_team_as_opponent
3835334_p86_97b4344b,3835334,0,1,1,0,final_third_entry,5.084,0.0,,evaluated_pressing_team_as_opponent
3835334_p146_848971a3,3835334,0,1,1,0,shot,5.313,0.0,,evaluated_pressing_team_as_opponent
3835334_p169_ce99ee5a,3835334,0,1,1,0,final_third_entry,12.152,1.8910000000000764,,evaluated_pressing_team_as_opponent
3835334_p184_3575df9d,3835334,0,1,1,0,final_third_entry,13.833,0.0,,evaluated_pressing_team_as_opponent
3835334_p194_f1671127,3835334,0,1,1,0,final_third_entry,8.812,0.6620000000002619,,evaluated_pressing_team_as_opponent
3998840_p20_b7757f7d,3998840,0,1,1,0,final_third_entry,6.039,0.54200000000003,,evaluated_pressing_team_as_opponent
3998840_p26_656f9eb9,3998840,0,1,1,0,final_third_entry,6.268,0.9950000000000045,,evaluated_pressing_team_as_opponent
3998840_p68_3690d384,3998840,0,1,1,0,shot,12.699,0.7669999999998254,,evaluated_pressing_team_as_opponent
3835324_p46_dcd915a1,3835324,0,1,1,0,final_third_entry,9.346,0.4519999999999982,,evaluated_pressing_team_as_opponent
3835324_p78_ff59063e,3835324,0,1,1,0,shot,10.153,0.0,,evaluated_pressing_team_as_opponent
3835324_p154_0c9e43d5,3835324,0,1,1,0,final_third_entry,3.206,1.7889999999999873,,evaluated_pressing_team_as_opponent
3835324_p187_0b116fce,3835324,0,1,0,0,final_third_entry,9.011,7.3289999999997235,,evaluated_pressing_team_as_opponent
3998842_p22_133ff37b,3998842,0,1,1,0,final_third_entry,1.329,0.0,,evaluated_pressing_team_as_opponent
3998842_p93_80f2470b,3998842,0,1,1,0,final_third_entry,12.358,1.1829999999999927,,evaluated_pressing_team_as_opponent
3998842_p153_72147d93,3998842,0,1,1,0,shot,8.467,0.7760000000002947,,evaluated_pressing_team_as_opponent
3998842_p156_feb06715,3998842,0,1,1,0,shot,14.062,0.9400000000000546,,evaluated_pressing_team_as_opponent
3998839_p21_05c03ec4,3998839,0,1,1,0,final_third_entry,7.244,0.9830000000000041,,evaluated_pressing_team_as_opponent
3998839_p22_8acb8d63,3998839,0,1,1,0,final_third_entry,3.363,1.9820000000000277,,evaluated_pressing_team_as_opponent
3998839_p31_932f9ff0,3998839,0,1,1,0,final_third_entry,12.544,1.4600000000000364,,evaluated_pressing_team_as_opponent
3998839_p34_781141f0,3998839,0,1,1,0,final_third_entry,6.863,0.0,,evaluated_pressing_team_as_opponent
3998839_p80_12afcfbe,3998839,0,1,1,0,shot,9.034,1.4479999999998654,,evaluated_pressing_team_as_opponent
3998839_p141_1ef5a5cc,3998839,0,1,1,0,shot,7.002,1.3540000000000418,,evaluated_pressing_team_as_opponent
3998839_p152_8c9710c3,3998839,0,1,0,0,final_third_entry,12.698,7.831000000000131,,evaluated_pressing_team_as_opponent
3998839_p157_295c796e,3998839,0,1,1,0,shot,8.72,1.4739999999997053,,evaluated_pressing_team_as_opponent
3998839_p166_34bfcbd1,3998839,0,1,1,0,final_third_entry,12.972,0.0,,evaluated_pressing_team_as_opponent
3998839_p172_cdea7c3b,3998839,0,1,1,0,final_third_entry,4.625,3.118000000000393,,evaluated_pressing_team_as_opponent
3835320_p3_3a4cf572,3835320,0,1,1,0,final_third_entry,9.622,0.9860000000000042,,evaluated_pressing_team_as_opponent
3835320_p66_acb542b0,3835320,0,1,1,0,final_third_entry,11.024,2.4399999999996,,evaluated_pressing_team_as_opponent
3835320_p86_237a5838,3835320,0,1,1,0,final_third_entry,5.139,2.4339999999999975,,evaluated_pressing_team_as_opponent
3835320_p90_536c00ab,3835320,0,1,1,0,final_third_entry,6.197,0.0,,evaluated_pressing_team_as_opponent
3835320_p93_3ec67c4e,3835320,0,1,1,0,final_third_entry,10.43,0.6139999999999759,,evaluated_pressing_team_as_opponent
3835320_p112_428376d5,3835320,0,1,1,0,final_third_entry,3.633,0.7650000000001,,evaluated_pressing_team_as_opponent
3835320_p144_f6f17af0,3835320,0,1,1,0,final_third_entry,6.419,0.0,,evaluated_pressing_team_as_opponent
3835326_p17_4d0c651e,3835326,0,1,1,0,final_third_entry,8.634,0.5889999999999986,,evaluated_pressing_team_as_opponent
3835326_p49_4f8762b3,3835326,0,1,1,0,final_third_entry,6.343,1.5720000000001164,,evaluated_pressing_team_as_opponent
3835326_p55_8e1d0611,3835326,0,1,1,0,final_third_entry,4.304,2.189000000000078,,evaluated_pressing_team_as_opponent
3835326_p122_25d13d24,3835326,0,1,1,0,shot,12.09,3.3319999999999936,,evaluated_pressing_team_as_opponent
3835326_p134_2396288b,3835326,0,1,1,0,final_third_entry,12.571,0.0,,evaluated_pressing_team_as_opponent
3835326_p139_18367eec,3835326,0,1,1,0,shot,7.035,1.5709999999999127,,evaluated_pressing_team_as_opponent
3835326_p158_e4f9571c,3835326,0,1,1,0,final_third_entry,13.584,1.9420000000000073,,evaluated_pressing_team_as_opponent
3835326_p164_99b04941,3835326,0,1,1,0,final_third_entry,11.998,3.3989999999998872,,evaluated_pressing_team_as_opponent
3835326_p174_10d20f73,3835326,0,1,1,0,final_third_entry,2.779,0.0,,evaluated_pressing_team_as_opponent
3835330_p94_f4e8e2c4,3835330,0,1,1,0,final_third_entry,11.914,2.173999999999978,,evaluated_pressing_team_as_opponent
3844386_p27_a3de083d,3844386,0,1,1,0,final_third_entry,10.741,0.0,,evaluated_pressing_team_as_opponent
3844386_p82_b199c25c,3844386,0,1,1,0,final_third_entry,6.491,0.6750000000001819,,evaluated_pressing_team_as_opponent
3844386_p114_d23365a8,3844386,0,1,1,0,final_third_entry,5.008,0.7959999999999354,,evaluated_pressing_team_as_opponent
3844386_p142_cd13a1ac,3844386,0,1,1,0,final_third_entry,14.52,3.2159999999998945,,evaluated_pressing_team_as_opponent
3844386_p169_d16461af,3844386,0,1,1,0,final_third_entry,2.873,0.0,,evaluated_pressing_team_as_opponent
3844386_p177_ebea1e53,3844386,0,1,1,0,final_third_entry,2.9,0.0,,evaluated_pressing_team_as_opponent
3835321_p28_03163d3a,3835321,0,1,1,0,final_third_entry,14.171,2.786999999999921,,evaluated_pressing_team_as_opponent
3835321_p85_adc26a99,3835321,0,1,1,0,final_third_entry,10.435,1.5949999999999989,,evaluated_pressing_team_as_opponent
3835321_p91_a89c8b10,3835321,0,1,1,0,final_third_entry,12.606,0.7319999999999993,,evaluated_pressing_team_as_opponent
3835321_p98_c5f76c0e,3835321,0,1,1,0,final_third_entry,8.794,0.0,,evaluated_pressing_team_as_opponent
3835321_p100_671b0e2b,3835321,0,1,1,0,final_third_entry,11.89,0.21800000000001774,,evaluated_pressing_team_as_opponent
3835321_p103_74241d34,3835321,0,1,1,0,shot,13.83,0.0,,evaluated_pressing_team_as_opponent
3844384_p22_bf3d2599,3844384,0,1,1,0,final_third_entry,11.116,3.574999999999932,,evaluated_pressing_team_as_opponent
3844384_p194_c76acfd6,3844384,0,1,1,0,final_third_entry,8.988,4.683999999999969,,evaluated_pressing_team_as_opponent
3844384_p216_6c0a23b2,3844384,0,1,1,0,final_third_entry,4.654,1.573999999999998,,evaluated_pressing_team_as_opponent
3835337_p48_9b3762aa,3835337,0,1,1,0,final_third_entry,3.467,0.0,,evaluated_pressing_team_as_opponent
3835337_p49_f16778bc,3835337,0,1,1,0,final_third_entry,11.324,3.8479999999999563,,evaluated_pressing_team_as_opponent
3835337_p118_d08e2a4f,3835337,0,1,1,0,final_third_entry,13.997,3.2369999999998527,,evaluated_pressing_team_as_opponent
3835335_p28_c1c7ef52,3835335,0,1,1,0,final_third_entry,3.206,0.0,,evaluated_pressing_team_as_opponent
3835335_p30_c973f76d,3835335,0,1,1,0,final_third_entry,13.561,0.0,,evaluated_pressing_team_as_opponent
3835335_p72_e0847b3a,3835335,0,1,1,0,final_third_entry,13.404,0.0,,evaluated_pressing_team_as_opponent
3835335_p88_81b06148,3835335,0,1,1,0,shot,11.577,0.9569999999999936,,evaluated_pressing_team_as_opponent
3835335_p90_9a5c5302,3835335,0,1,1,0,shot,6.901,0.0,,evaluated_pressing_team_as_opponent
3835335_p104_0340d730,3835335,0,1,1,0,final_third_entry,13.583,1.8630000000000564,,evaluated_pressing_team_as_opponent
3835335_p107_c21b196c,3835335,0,1,1,0,shot,13.541,1.63799999999992,,evaluated_pressing_team_as_opponent
3835335_p119_6a8683a2,3835335,0,1,1,0,final_third_entry,12.176,1.5920000000000982,,evaluated_pressing_team_as_opponent
3835339_p70_73e2d63b,3835339,0,1,1,0,final_third_entry,5.197,3.9729999999999563,,evaluated_pressing_team_as_opponent
3835339_p95_3143c724,3835339,0,1,1,0,final_third_entry,13.348,1.8789999999999907,,evaluated_pressing_team_as_opponent
3835339_p112_55e1044e,3835339,0,1,1,0,final_third_entry,10.053,0.9149999999999636,,evaluated_pressing_team_as_opponent
3835339_p119_d5fd6671,3835339,0,1,1,0,final_third_entry,8.932,0.0,,evaluated_pressing_team_as_opponent
3835339_p174_012838dd,3835339,0,1,1,0,shot,7.102,1.300000000000182,,evaluated_pressing_team_as_opponent
3847567_p98_3876ccd8,3847567,0,1,0,0,final_third_entry,11.153,5.498000000000019,,evaluated_pressing_team_as_opponent
3847567_p113_6b988ffd,3847567,0,1,1,0,final_third_entry,11.295,4.59699999999998,,evaluated_pressing_team_as_opponent
3847567_p142_3b2580ef,3847567,0,1,1,0,final_third_entry,12.178,4.893000000000029,,evaluated_pressing_team_as_opponent
3847567_p196_cd68f24c,3847567,0,1,1,0,final_third_entry,14.479,1.0620000000000118,,evaluated_pressing_team_as_opponent
3847567_p228_25af9e88,3847567,0,1,1,0,final_third_entry,11.216,1.3700000000000045,,evaluated_pressing_team_as_opponent
3835331_p19_78ec7971,3835331,0,1,1,0,final_third_entry,3.58,0.6019999999999754,,evaluated_pressing_team_as_opponent
3835331_p20_baeda1f5,3835331,0,1,1,0,final_third_entry,5.54,1.0930000000000177,,evaluated_pressing_team_as_opponent
3835331_p21_8ea25d94,3835331,0,1,1,0,final_third_entry,7.228,1.6889999999999645,,evaluated_pressing_team_as_opponent
3835331_p127_44cb9500,3835331,0,1,1,0,shot,10.104,0.9959999999999809,,evaluated_pressing_team_as_opponent
3835331_p127_61322478,3835331,0,1,1,0,final_third_entry,13.084,4.440999999999974,,horizon_or_timing_shift
3835331_p131_e40ae6a3,3835331,0,1,1,0,shot,9.046,0.8439999999999941,,evaluated_pressing_team_as_opponent
3835331_p190_4abadb90,3835331,0,1,1,0,final_third_entry,7.218,1.3949999999999818,,evaluated_pressing_team_as_opponent
3844385_p5_8bd6d2cc,3844385,0,1,1,0,final_third_entry,4.012,2.4439999999999955,,evaluated_pressing_team_as_opponent
3844385_p25_d4665482,3844385,0,1,1,0,shot,7.399,0.48099999999999454,,evaluated_pressing_team_as_opponent
3844385_p27_624542fd,3844385,0,1,1,0,final_third_entry,9.038,1.2430000000000518,,evaluated_pressing_team_as_opponent
3844385_p33_eecc8b13,3844385,0,1,1,0,final_third_entry,2.978,0.0,,evaluated_pressing_team_as_opponent
3844385_p50_2512733d,3844385,0,1,1,0,final_third_entry,11.172,1.086999999999989,,evaluated_pressing_team_as_opponent
3844385_p64_efaf744b,3844385,0,1,1,0,shot,4.134,0.0,,evaluated_pressing_team_as_opponent
3844385_p113_4f5326b3,3844385,0,1,1,0,final_third_entry,7.295,4.739000000000004,,evaluated_pressing_team_as_opponent
3844385_p117_d2740d6a,3844385,0,1,1,0,final_third_entry,5.909,0.0,,evaluated_pressing_team_as_opponent
3844385_p170_3c2ddcb9,3844385,0,1,1,0,final_third_entry,10.342,2.4249999999999545,,evaluated_pressing_team_as_opponent
3844385_p172_08d0dec4,3844385,0,1,1,0,shot,6.277,0.0,,evaluated_pressing_team_as_opponent
3844385_p182_5187d7a3,3844385,0,1,1,0,shot,4.571,0.0,,evaluated_pressing_team_as_opponent
3835329_p5_ff698fe6,3835329,0,1,1,0,final_third_entry,7.679,3.8029999999999973,,evaluated_pressing_team_as_opponent
3835329_p15_4a571388,3835329,0,1,1,0,shot,13.107,0.0,,evaluated_pressing_team_as_opponent
3835329_p36_a551b997,3835329,0,1,1,0,final_third_entry,5.95,0.0,,evaluated_pressing_team_as_opponent
3835323_p75_f1863014,3835323,0,1,1,0,final_third_entry,6.888,0.7690000000002328,,evaluated_pressing_team_as_opponent
3835323_p96_a9e6799c,3835323,0,1,1,0,final_third_entry,2.4,0.21099999999978536,,evaluated_pressing_team_as_opponent
3835323_p104_283f4e3d,3835323,0,1,1,0,final_third_entry,3.513,0.0,,evaluated_pressing_team_as_opponent
3835323_p126_c99e9577,3835323,0,1,1,0,final_third_entry,13.143,0.0,,evaluated_pressing_team_as_opponent
3835323_p130_1f050d69,3835323,0,1,1,0,final_third_entry,9.293,0.7379999999999427,,evaluated_pressing_team_as_opponent
3835323_p141_dc1c8f95,3835323,0,1,1,0,final_third_entry,4.936,3.772999999999911,,evaluated_pressing_team_as_opponent
3835323_p144_695778a8,3835323,0,1,1,0,final_third_entry,4.375,0.7999999999999545,,evaluated_pressing_team_as_opponent
3835328_p20_46352233,3835328,0,1,1,0,final_third_entry,1.042,0.0,,evaluated_pressing_team_as_opponent
3835328_p24_fac5166d,3835328,0,1,1,0,final_third_entry,10.563,1.2280000000000086,,evaluated_pressing_team_as_opponent
3835328_p67_98b754fd,3835328,0,1,1,0,final_third_entry,6.688,0.0,,evaluated_pressing_team_as_opponent
3835328_p121_37ba303c,3835328,0,1,1,0,final_third_entry,4.217,0.0,,evaluated_pressing_team_as_opponent
3835328_p133_25eeb693,3835328,0,1,1,0,final_third_entry,9.971,0.0,,evaluated_pressing_team_as_opponent
3835328_p153_d879ff66,3835328,0,1,1,0,final_third_entry,11.839,0.0,,evaluated_pressing_team_as_opponent
3835328_p166_67c21fb6,3835328,0,1,1,0,final_third_entry,10.907,1.7440000000001419,,evaluated_pressing_team_as_opponent
3835328_p168_07bacee2,3835328,0,1,1,0,final_third_entry,14.911,0.0,,evaluated_pressing_team_as_opponent
3845507_p19_d4014298,3845507,0,1,1,0,final_third_entry,4.492,0.0,,evaluated_pressing_team_as_opponent
3845507_p25_a701c471,3845507,0,1,1,0,final_third_entry,4.821,0.9429999999999836,,evaluated_pressing_team_as_opponent
3845507_p54_e519ea9f,3845507,0,1,1,0,final_third_entry,4.501,0.0,,evaluated_pressing_team_as_opponent
3845507_p118_3688d069,3845507,0,1,1,0,shot,10.488,0.0,,evaluated_pressing_team_as_opponent
3845507_p121_714884d1,3845507,0,1,1,0,final_third_entry,9.21,1.9189999999999827,,evaluated_pressing_team_as_opponent
3845507_p124_6c488ac1,3845507,0,1,1,0,final_third_entry,8.14,0.6279999999999291,,evaluated_pressing_team_as_opponent
3845507_p171_a9d3df86,3845507,0,1,1,0,shot,10.251,0.0,,evaluated_pressing_team_as_opponent
3835342_p36_2bc7bdd6,3835342,0,1,1,0,shot,2.398,2.3209999999999127,,evaluated_pressing_team_as_opponent
3835342_p49_00fb2f68,3835342,0,1,1,0,final_third_entry,10.123,0.0,,evaluated_pressing_team_as_opponent
3835342_p55_ed059d07,3835342,0,1,1,0,final_third_entry,13.934,1.3379999999999654,,evaluated_pressing_team_as_opponent
3835342_p78_e0045a81,3835342,0,1,1,0,final_third_entry,13.049,0.6159999999999854,,evaluated_pressing_team_as_opponent
3835342_p96_cc1cce31,3835342,0,1,1,0,final_third_entry,9.688,1.261000000000422,,evaluated_pressing_team_as_opponent
3835342_p98_39f5e5b0,3835342,0,1,1,0,final_third_entry,9.458,0.7049999999999272,,evaluated_pressing_team_as_opponent
3835342_p126_5de90d97,3835342,0,1,1,0,final_third_entry,10.115,0.0,,evaluated_pressing_team_as_opponent
3835342_p130_f57df3e7,3835342,0,1,1,0,final_third_entry,8.074,1.3070000000000164,,evaluated_pressing_team_as_opponent
3835342_p153_929e7874,3835342,0,1,1,0,final_third_entry,13.352,0.0,,evaluated_pressing_team_as_opponent
3835342_p155_165de8c6,3835342,0,1,1,0,final_third_entry,14.435,0.40300000000002,,evaluated_pressing_team_as_opponent
3835341_p8_faa68493,3835341,0,1,1,0,final_third_entry,7.229,2.4099999999999966,,evaluated_pressing_team_as_opponent
3835341_p45_69a2cbd2,3835341,0,1,1,0,final_third_entry,6.382,0.0,,evaluated_pressing_team_as_opponent
3835341_p61_d305ccdf,3835341,0,1,1,0,final_third_entry,10.446,1.7329999999999472,,evaluated_pressing_team_as_opponent
3835341_p76_f07cc34e,3835341,0,1,1,0,shot,13.406,2.9320000000002437,,evaluated_pressing_team_as_opponent
3835341_p115_91811109,3835341,0,1,1,0,shot,3.238,0.7549999999999955,,evaluated_pressing_team_as_opponent
3835341_p140_eddbd971,3835341,0,1,1,0,final_third_entry,9.615,0.0,,evaluated_pressing_team_as_opponent
3835341_p161_1ad929e6,3835341,0,1,1,0,final_third_entry,13.648,0.8820000000000618,,evaluated_pressing_team_as_opponent
3835341_p179_ffbc4d37,3835341,0,1,1,0,final_third_entry,11.316,2.1979999999998654,,evaluated_pressing_team_as_opponent
3835333_p25_eacfcebe,3835333,0,1,1,0,shot,6.874,0.0,,evaluated_pressing_team_as_opponent
3835333_p56_011de5cd,3835333,0,1,1,0,final_third_entry,7.474,0.8479999999999563,,evaluated_pressing_team_as_opponent
3835333_p61_b845fd96,3835333,0,1,1,0,shot,6.554,1.0450000000000728,,evaluated_pressing_team_as_opponent
3835333_p94_d8df1e31,3835333,0,1,1,0,final_third_entry,2.21,0.5149999999998727,,evaluated_pressing_team_as_opponent
3835333_p107_ebaa3a2a,3835333,0,1,1,0,final_third_entry,7.005,0.0,,evaluated_pressing_team_as_opponent
3835333_p139_48ca5812,3835333,0,1,1,0,final_third_entry,3.966,1.5359999999998308,,evaluated_pressing_team_as_opponent
3835322_p3_34140042,3835322,0,1,1,0,final_third_entry,9.758,2.2410000000000014,,evaluated_pressing_team_as_opponent
3835322_p15_dc52df91,3835322,0,1,1,0,final_third_entry,11.205,2.30499999999995,,evaluated_pressing_team_as_opponent
3835322_p22_edd09450,3835322,0,1,1,0,final_third_entry,3.669,0.0,,evaluated_pressing_team_as_opponent
3835322_p33_53c718ea,3835322,0,1,1,0,shot,7.243,1.0809999999999036,,evaluated_pressing_team_as_opponent
3835322_p115_91039cb6,3835322,0,1,1,0,final_third_entry,6.016,2.9490000000000123,,evaluated_pressing_team_as_opponent
3835322_p145_de1e6e4c,3835322,0,1,1,0,final_third_entry,6.28,0.0,,evaluated_pressing_team_as_opponent
3835322_p166_3fc73f22,3835322,0,1,1,0,final_third_entry,8.282,0.0,,evaluated_pressing_team_as_opponent
3835322_p185_e4fdfc4b,3835322,0,1,1,0,final_third_entry,5.61,0.0,,evaluated_pressing_team_as_opponent
3893834_p69_0da4577d,3893834,0,1,1,0,final_third_entry,9.087,2.43100000000004,,evaluated_pressing_team_as_opponent
3893834_p85_42d8edb7,3893834,0,1,1,0,final_third_entry,11.66,2.157000000000153,,evaluated_pressing_team_as_opponent
3893834_p97_ac8cc05c,3893834,0,1,1,0,final_third_entry,6.197,1.8200000000001637,,evaluated_pressing_team_as_opponent
3893834_p164_640a859e,3893834,0,1,1,0,final_third_entry,12.827,0.0,,evaluated_pressing_team_as_opponent
3893834_p172_d9752270,3893834,0,1,1,0,final_third_entry,8.496,0.0,,evaluated_pressing_team_as_opponent
3893834_p213_7f296c2d,3893834,0,1,1,0,final_third_entry,4.531,0.0,,evaluated_pressing_team_as_opponent
3835325_p23_fe0c9385,3835325,0,1,1,0,final_third_entry,14.568,3.7999999999999545,,evaluated_pressing_team_as_opponent
3835325_p47_d68e263f,3835325,0,1,1,0,final_third_entry,3.28,0.0,,evaluated_pressing_team_as_opponent
3835325_p78_5442e909,3835325,0,1,1,0,shot,9.347,0.918999999999869,,evaluated_pressing_team_as_opponent
3835325_p83_fb7bd0d6,3835325,0,1,1,0,shot,8.618,0.0,,evaluated_pressing_team_as_opponent
3835325_p87_a493308b,3835325,0,1,1,0,final_third_entry,9.435,1.0740000000000016,,evaluated_pressing_team_as_opponent
3835325_p97_108dffbf,3835325,0,1,1,0,shot,4.766,0.6349999999999909,,evaluated_pressing_team_as_opponent
3835340_p102_892dc28d,3835340,0,1,1,0,final_third_entry,7.75,0.5329999999999941,,evaluated_pressing_team_as_opponent
3835340_p124_f02e59d4,3835340,0,1,1,0,final_third_entry,8.623,1.5910000000000082,,evaluated_pressing_team_as_opponent
3835340_p134_31b65665,3835340,0,1,1,0,final_third_entry,8.045,1.2850000000000819,,evaluated_pressing_team_as_opponent
3835340_p166_d80c6963,3835340,0,1,1,0,final_third_entry,10.202,0.9940000000001419,,evaluated_pressing_team_as_opponent
3835338_p6_e17ec9dd,3835338,0,1,1,0,final_third_entry,9.443,0.9440000000000168,,evaluated_pressing_team_as_opponent
3835338_p122_60dc456c,3835338,0,1,1,0,final_third_entry,10.665,0.0,,evaluated_pressing_team_as_opponent
3835338_p145_5fb286a8,3835338,0,1,1,0,final_third_entry,9.848,0.0,,evaluated_pressing_team_as_opponent
3835338_p177_6e524bd0,3835338,0,1,1,0,final_third_entry,14.6,0.0,,evaluated_pressing_team_as_opponent
3835338_p181_5c381642,3835338,0,1,1,0,final_third_entry,7.695,1.0929999999998472,,evaluated_pressing_team_as_opponent
3844387_p6_1b8c1eb7,3844387,0,1,1,0,final_third_entry,8.485,1.9170000000000016,,evaluated_pressing_team_as_opponent
3844387_p58_77ae8fb4,3844387,0,1,1,0,shot,7.128,0.0,,evaluated_pressing_team_as_opponent
3844387_p67_c0e3c2a9,3844387,0,1,1,0,final_third_entry,11.305,2.216999999999871,,evaluated_pressing_team_as_opponent
3844387_p72_9196051a,3844387,0,1,1,0,final_third_entry,3.083,0.0,,evaluated_pressing_team_as_opponent
3844387_p90_a3c0a747,3844387,0,1,1,0,final_third_entry,7.784,1.750999999999749,,evaluated_pressing_team_as_opponent
3844387_p102_b123ac89,3844387,0,1,1,0,final_third_entry,8.138,0.0,,evaluated_pressing_team_as_opponent
3844387_p110_36b09d77,3844387,0,1,1,0,final_third_entry,3.513,1.0760000000000218,,evaluated_pressing_team_as_opponent
3844387_p162_556ae32e,3844387,0,1,1,0,final_third_entry,10.728,4.317000000000007,,evaluated_pressing_team_as_opponent
3844387_p201_82d22d74,3844387,0,1,1,0,final_third_entry,11.787,3.867999999999938,,evaluated_pressing_team_as_opponent
3844387_p202_dbea4515,3844387,0,1,0,0,final_third_entry,14.685,5.543000000000006,,evaluated_pressing_team_as_opponent
3844387_p206_2f72c054,3844387,0,1,1,0,final_third_entry,8.338,1.5859999999999985,,evaluated_pressing_team_as_opponent
3835319_p83_c3592318,3835319,0,1,1,0,shot,5.951,0.0,,evaluated_pressing_team_as_opponent
3835319_p142_1ae28313,3835319,0,1,1,0,shot,10.525,0.0,,evaluated_pressing_team_as_opponent
3835319_p172_6ff4009c,3835319,0,1,1,0,final_third_entry,12.924,0.0,,evaluated_pressing_team_as_opponent
3835332_p47_1b4ad06f,3835332,0,1,1,0,shot,7.114,0.7389999999998054,,evaluated_pressing_team_as_opponent
3835332_p79_0329313c,3835332,0,1,1,0,final_third_entry,7.247,0.0,,evaluated_pressing_team_as_opponent
3893818_p2_ee1c3ddc,3893818,0,1,1,0,final_third_entry,12.071,2.014000000000001,,evaluated_pressing_team_as_opponent
3893818_p6_daf72b33,3893818,0,1,1,0,final_third_entry,7.88,0.0,,evaluated_pressing_team_as_opponent
3893818_p82_de1d00b3,3893818,0,1,1,0,final_third_entry,5.364,0.0,,evaluated_pressing_team_as_opponent
3893818_p86_bfb651d8,3893818,0,1,0,0,final_third_entry,12.788,10.199999999999818,14.061,v26_premature_regain_censoring
3893818_p87_e1e84e16,3893818,0,1,1,0,final_third_entry,11.153,2.588000000000193,,evaluated_pressing_team_as_opponent
3893818_p89_e4b6fb72,3893818,0,1,1,0,final_third_entry,12.339,0.0,,evaluated_pressing_team_as_opponent
3893818_p112_cee5f9b0,3893818,0,1,1,0,final_third_entry,4.807,0.0,,evaluated_pressing_team_as_opponent
3893818_p183_73fb8f8e,3893818,0,1,1,0,final_third_entry,2.344,0.4279999999998836,,evaluated_pressing_team_as_opponent
3893825_p44_c08c4b7f,3893825,0,1,1,0,final_third_entry,4.444,1.22199999999998,,evaluated_pressing_team_as_opponent
3893825_p92_daee3398,3893825,0,1,1,0,final_third_entry,11.885,1.418999999999869,,evaluated_pressing_team_as_opponent
3893825_p94_9764573e,3893825,0,1,1,0,final_third_entry,14.828,0.0,,evaluated_pressing_team_as_opponent
3893825_p163_4e50f23f,3893825,0,1,0,0,final_third_entry,12.335,6.092000000000098,,evaluated_pressing_team_as_opponent
3893825_p173_b93e02ef,3893825,0,1,1,0,final_third_entry,3.621,0.7590000000000146,,evaluated_pressing_team_as_opponent
3893825_p210_3a471caf,3893825,0,1,1,0,final_third_entry,10.653,0.0,,evaluated_pressing_team_as_opponent
3893795_p36_683237b8,3893795,0,1,1,0,final_third_entry,13.794,0.9180000000000064,,evaluated_pressing_team_as_opponent
3893795_p83_e4c9c4b5,3893795,0,1,0,0,final_third_entry,11.145,5.782999999999902,,evaluated_pressing_team_as_opponent
3893795_p109_79d5ed27,3893795,0,1,1,0,shot,11.813,1.6740000000000066,,evaluated_pressing_team_as_opponent
3893795_p117_3691fbca,3893795,0,1,1,0,final_third_entry,8.982,3.951000000000022,,evaluated_pressing_team_as_opponent
3893795_p125_5d8d6918,3893795,0,1,1,0,final_third_entry,7.586,1.6409999999999627,,evaluated_pressing_team_as_opponent
3893808_p9_19fe8151,3893808,0,1,1,0,final_third_entry,8.686,1.3669999999999902,,evaluated_pressing_team_as_opponent
3893808_p16_c68dca3d,3893808,0,1,1,0,final_third_entry,7.403,1.1240000000000236,,evaluated_pressing_team_as_opponent
3893798_p90_7113d35c,3893798,0,1,1,0,shot,5.269,0.7469999999998436,,evaluated_pressing_team_as_opponent
3893798_p100_e221087a,3893798,0,1,1,0,final_third_entry,6.164,4.078000000000031,,horizon_or_timing_shift
3893798_p132_7f5a1963,3893798,0,1,1,0,final_third_entry,8.816,0.0,,evaluated_pressing_team_as_opponent
3893798_p160_c671b482,3893798,0,1,0,0,final_third_entry,10.656,5.708000000000084,,evaluated_pressing_team_as_opponent
3893832_p22_ec5b8014,3893832,0,1,1,0,final_third_entry,7.749,1.3100000000000023,,evaluated_pressing_team_as_opponent
3893832_p70_3abe982f,3893832,0,1,1,0,final_third_entry,5.395,1.8550000000000182,,evaluated_pressing_team_as_opponent
3893832_p76_7f009fb4,3893832,0,1,1,0,shot,14.623,2.4450000000001637,,evaluated_pressing_team_as_opponent
3893832_p101_84ada702,3893832,0,1,1,0,final_third_entry,13.78,0.0,,evaluated_pressing_team_as_opponent
3893832_p130_282fd389,3893832,0,1,1,0,final_third_entry,7.089,2.6359999999999673,,evaluated_pressing_team_as_opponent
3893832_p156_b6db6f91,3893832,0,1,1,0,shot,9.177,0.7960000000002765,,evaluated_pressing_team_as_opponent
3893832_p159_f167664e,3893832,0,1,1,0,final_third_entry,13.119,2.7580000000002656,,evaluated_pressing_team_as_opponent
3893832_p170_4056d12d,3893832,0,1,1,0,final_third_entry,12.409,1.6520000000000437,,evaluated_pressing_team_as_opponent
3893830_p18_aee18646,3893830,0,1,1,0,final_third_entry,9.62,2.231999999999971,,evaluated_pressing_team_as_opponent
3893830_p19_c70efd8a,3893830,0,1,1,0,final_third_entry,14.945,0.0,,evaluated_pressing_team_as_opponent
3893830_p127_75b6ec47,3893830,0,1,1,0,final_third_entry,7.455,1.7110000000000127,,evaluated_pressing_team_as_opponent
3893830_p136_df9355f8,3893830,0,1,0,0,final_third_entry,13.555,5.293999999999983,,evaluated_pressing_team_as_opponent
3893830_p157_2d0e87eb,3893830,0,1,1,0,final_third_entry,11.302,1.4149999999999636,,evaluated_pressing_team_as_opponent
3893830_p163_0aa8bb2e,3893830,0,1,1,0,final_third_entry,3.435,0.3209999999999127,,evaluated_pressing_team_as_opponent
3893829_p26_c2b92095,3893829,0,1,1,0,final_third_entry,1.574,0.9379999999999882,,evaluated_pressing_team_as_opponent
3893829_p29_762e4783,3893829,0,1,1,0,final_third_entry,7.387,0.0,,evaluated_pressing_team_as_opponent
3893829_p32_0f76ff1a,3893829,0,1,1,0,final_third_entry,13.763,1.5289999999999964,,evaluated_pressing_team_as_opponent
3893829_p42_ccb1772d,3893829,0,1,1,0,shot,3.623,2.689999999999827,,evaluated_pressing_team_as_opponent
3893829_p50_0c4ecd6e,3893829,0,1,1,0,shot,8.683,1.4760000000001128,,evaluated_pressing_team_as_opponent
3893829_p86_fbedb114,3893829,0,1,1,0,final_third_entry,4.883,0.0,,evaluated_pressing_team_as_opponent
3893829_p104_9ddb9f85,3893829,0,1,1,0,final_third_entry,1.891,0.0,,evaluated_pressing_team_as_opponent
3893829_p135_4edd2f86,3893829,0,1,1,0,shot,9.413,0.0,,evaluated_pressing_team_as_opponent
3893829_p142_5649ec84,3893829,0,1,1,0,final_third_entry,7.757,1.7410000000002128,,evaluated_pressing_team_as_opponent
3893829_p144_cafb0e0d,3893829,0,1,1,0,final_third_entry,5.664,0.0,,evaluated_pressing_team_as_opponent
3893829_p150_f01c98a5,3893829,0,1,1,0,final_third_entry,3.237,0.0,,evaluated_pressing_team_as_opponent
3893829_p156_e82a637d,3893829,0,1,1,0,final_third_entry,10.675,0.0,,evaluated_pressing_team_as_opponent
3893829_p166_e0c5992e,3893829,0,1,1,0,final_third_entry,7.713,1.0770000000002256,,evaluated_pressing_team_as_opponent
3893805_p36_18749ee7,3893805,0,1,1,0,final_third_entry,7.021,2.105000000000018,,evaluated_pressing_team_as_opponent
3893805_p80_d615804a,3893805,0,1,1,0,final_third_entry,13.303,0.0,,evaluated_pressing_team_as_opponent
3893805_p104_4be24a14,3893805,0,1,1,0,shot,9.604,2.045000000000016,,evaluated_pressing_team_as_opponent
3893805_p144_31762c9b,3893805,0,1,1,0,final_third_entry,14.122,0.0,,evaluated_pressing_team_as_opponent
3893805_p151_a66833fd,3893805,0,1,1,0,shot,6.386,0.0,,evaluated_pressing_team_as_opponent
3893805_p161_eadee3bc,3893805,0,1,1,0,shot,5.155,1.5010000000002037,,evaluated_pressing_team_as_opponent
3893805_p164_cb94a3d9,3893805,0,1,0,0,final_third_entry,12.154,7.3849999999997635,,evaluated_pressing_team_as_opponent
3893805_p182_216a2685,3893805,0,1,1,0,final_third_entry,11.744,1.4789999999998145,,evaluated_pressing_team_as_opponent
3893799_p45_f781ca24,3893799,0,1,1,0,final_third_entry,9.171,0.0,,evaluated_pressing_team_as_opponent
3893802_p30_36a74bf5,3893802,0,1,1,0,final_third_entry,11.177,0.0,,evaluated_pressing_team_as_opponent
3893802_p33_4ff87ae3,3893802,0,1,1,0,final_third_entry,5.264,2.006999999999948,,evaluated_pressing_team_as_opponent
3893802_p37_116312bb,3893802,0,1,1,0,final_third_entry,10.787,1.0880000000000791,,evaluated_pressing_team_as_opponent
3893802_p74_b86f4468,3893802,0,1,1,0,final_third_entry,6.19,1.7419999999999618,,evaluated_pressing_team_as_opponent
3893802_p97_5d4e1b17,3893802,0,1,1,0,final_third_entry,14.797,0.0,,evaluated_pressing_team_as_opponent
3893802_p115_3faf5535,3893802,0,1,1,0,final_third_entry,6.263,1.831000000000003,,evaluated_pressing_team_as_opponent
3893802_p200_a7324966,3893802,0,1,0,0,final_third_entry,14.778,6.063999999999851,,evaluated_pressing_team_as_opponent
3893802_p213_9f1f3a9e,3893802,0,1,0,0,final_third_entry,13.079,6.733999999999924,,evaluated_pressing_team_as_opponent
3893816_p22_3f8d3608,3893816,0,1,1,0,final_third_entry,4.742,0.0,,evaluated_pressing_team_as_opponent
3893816_p24_1eddec20,3893816,0,1,1,0,final_third_entry,3.712,0.0,,evaluated_pressing_team_as_opponent
3893816_p32_c6302b4e,3893816,0,1,1,0,final_third_entry,11.769,1.4420000000000073,,evaluated_pressing_team_as_opponent
3893816_p54_2e3e5eaa,3893816,0,1,1,0,shot,9.118,0.0,,evaluated_pressing_team_as_opponent
3893816_p91_ae8a9357,3893816,0,1,1,0,final_third_entry,10.839,0.0,,evaluated_pressing_team_as_opponent
3893816_p116_0449845c,3893816,0,1,1,0,final_third_entry,8.606,0.0,,evaluated_pressing_team_as_opponent
3893816_p125_8be618da,3893816,0,1,1,0,final_third_entry,10.764,0.9759999999999991,,evaluated_pressing_team_as_opponent
3893816_p149_5ab3027b,3893816,0,1,1,0,final_third_entry,10.653,0.7270000000000891,,evaluated_pressing_team_as_opponent
3893816_p151_12821887,3893816,0,1,1,0,final_third_entry,9.587,0.0,,evaluated_pressing_team_as_opponent
3893816_p166_63123b9e,3893816,0,1,1,0,shot,11.972,0.43099999999981264,,evaluated_pressing_team_as_opponent
3893816_p190_06a20c30,3893816,0,1,1,0,shot,2.066,0.8409999999998945,,evaluated_pressing_team_as_opponent
3893816_p193_461337bf,3893816,0,1,1,0,final_third_entry,8.356,1.0619999999998981,,horizon_or_timing_shift
3893816_p193_7b59bb17,3893816,0,1,1,0,final_third_entry,5.822,0.6849999999999454,,evaluated_pressing_team_as_opponent
3901833_p4_d19fd561,3901833,0,1,1,0,final_third_entry,5.1,0.6129999999999995,,evaluated_pressing_team_as_opponent
3901833_p12_9f0f90c8,3901833,0,1,1,0,final_third_entry,12.344,1.7069999999999936,,evaluated_pressing_team_as_opponent
3901833_p40_d36842ae,3901833,0,1,1,0,final_third_entry,7.324,0.0,,evaluated_pressing_team_as_opponent
3901833_p111_223057d5,3901833,0,1,1,0,final_third_entry,6.452,2.099999999999966,,evaluated_pressing_team_as_opponent
3901833_p142_3c831d11,3901833,0,1,1,0,final_third_entry,13.08,0.6300000000001091,,evaluated_pressing_team_as_opponent
3893823_p15_2308fe74,3893823,0,1,1,0,final_third_entry,3.884,1.531000000000006,,evaluated_pressing_team_as_opponent
3893823_p34_da479c77,3893823,0,1,1,0,final_third_entry,11.867,0.8170000000000073,,evaluated_pressing_team_as_opponent
3893823_p80_050b431d,3893823,0,1,1,0,final_third_entry,6.502,1.9350000000004002,,evaluated_pressing_team_as_opponent
3893823_p82_b46655bc,3893823,0,1,1,0,final_third_entry,13.227,0.6959999999999127,,evaluated_pressing_team_as_opponent
3893823_p160_b625e3c3,3893823,0,1,1,0,shot,13.459,0.7269999999998618,,evaluated_pressing_team_as_opponent
3901734_p113_365d30de,3901734,0,1,1,0,final_third_entry,9.452,0.0,,evaluated_pressing_team_as_opponent
3901734_p125_6821944f,3901734,0,1,1,0,final_third_entry,9.492,2.966000000000122,,evaluated_pressing_team_as_opponent
3901734_p127_62a59e90,3901734,0,1,1,0,shot,6.806,0.0,,evaluated_pressing_team_as_opponent
3901734_p157_de19d01c,3901734,0,1,1,0,final_third_entry,10.661,2.019999999999982,,evaluated_pressing_team_as_opponent
3893824_p96_a5744df7,3893824,0,1,1,0,final_third_entry,2.756,1.7670000000000101,,evaluated_pressing_team_as_opponent
3893824_p132_75fe5c7c,3893824,0,1,0,0,final_third_entry,13.626,8.378999999999905,,evaluated_pressing_team_as_opponent
3893824_p146_7d9567e3,3893824,0,1,0,0,final_third_entry,10.486,7.333000000000084,,evaluated_pressing_team_as_opponent
3893815_p14_415b6ada,3893815,0,1,1,0,shot,14.808,1.5970000000000084,,evaluated_pressing_team_as_opponent
3893815_p20_85b906d8,3893815,0,1,1,0,final_third_entry,5.796,0.0,,evaluated_pressing_team_as_opponent
3893815_p22_68f01e91,3893815,0,1,1,0,final_third_entry,10.209,0.9580000000000268,,evaluated_pressing_team_as_opponent
3893815_p122_83c0ab3d,3893815,0,1,1,0,shot,12.008,1.4239999999999782,,evaluated_pressing_team_as_opponent
3893815_p161_ec49cb52,3893815,0,1,0,0,final_third_entry,12.349,5.113000000000056,,evaluated_pressing_team_as_opponent
3893815_p205_d7ab41c9,3893815,0,1,1,0,final_third_entry,14.92,0.9130000000000109,,evaluated_pressing_team_as_opponent
3893815_p224_6a2b0c40,3893815,0,1,1,0,final_third_entry,12.016,1.2280000000000655,,evaluated_pressing_team_as_opponent
3893800_p25_8f47708a,3893800,0,1,1,0,final_third_entry,12.943,0.7689999999998918,,evaluated_pressing_team_as_opponent
3893800_p66_7f5f4b21,3893800,0,1,1,0,final_third_entry,13.997,1.2959999999998217,,evaluated_pressing_team_as_opponent
3893826_p30_5ac4b40f,3893826,0,1,1,0,final_third_entry,5.979,1.6709999999999354,,evaluated_pressing_team_as_opponent
3893826_p56_5e48ab68,3893826,0,1,0,0,final_third_entry,9.132,5.731999999999971,,horizon_or_timing_shift
3893826_p98_d0b27773,3893826,0,1,1,0,final_third_entry,5.973,0.0,,evaluated_pressing_team_as_opponent
3893826_p118_825dfd34,3893826,0,1,1,0,final_third_entry,7.872,0.0,,evaluated_pressing_team_as_opponent
3893826_p123_38538c5d,3893826,0,1,1,0,final_third_entry,11.271,0.9700000000000273,,evaluated_pressing_team_as_opponent
3893826_p130_a3267a0b,3893826,0,1,1,0,final_third_entry,7.574,1.0170000000000528,10.982,v26_premature_regain_censoring
3893826_p150_9a42c935,3893826,0,1,1,0,final_third_entry,7.029,0.0,,evaluated_pressing_team_as_opponent
3893826_p170_882c25af,3893826,0,1,1,0,final_third_entry,8.382,2.04300000000012,,evaluated_pressing_team_as_opponent
3901736_p4_e8398b21,3901736,0,1,1,0,shot,1.916,1.7959999999999994,,evaluated_pressing_team_as_opponent
3901736_p40_74cbefcc,3901736,0,1,1,0,shot,10.701,0.72199999999998,,evaluated_pressing_team_as_opponent
3901736_p77_47d0eeb0,3901736,0,1,1,0,final_third_entry,13.713,2.606999999999971,,evaluated_pressing_team_as_opponent
3901736_p79_3c3bb505,3901736,0,1,1,0,final_third_entry,13.039,2.270999999999731,,evaluated_pressing_team_as_opponent
3901736_p118_60634dcf,3901736,0,1,1,0,final_third_entry,3.265,0.0,,evaluated_pressing_team_as_opponent
3901736_p138_6fa1e4a4,3901736,0,1,1,0,shot,12.862,1.2549999999998818,,evaluated_pressing_team_as_opponent
3901736_p149_ad6737fa,3901736,0,1,1,0,final_third_entry,2.368,1.9579999999998563,,evaluated_pressing_team_as_opponent
3893793_p92_01d4e591,3893793,0,1,1,0,final_third_entry,5.881,1.794999999999618,,evaluated_pressing_team_as_opponent
3893793_p126_6df6eefd,3893793,0,1,1,0,final_third_entry,4.506,0.4359999999999218,,evaluated_pressing_team_as_opponent
3893793_p150_9f170f30,3893793,0,1,0,0,final_third_entry,11.114,8.993999999999915,,horizon_or_timing_shift
3893793_p150_fcbf9596,3893793,0,1,1,0,final_third_entry,11.263,1.268000000000029,,evaluated_pressing_team_as_opponent
3893793_p181_709597ec,3893793,0,1,1,0,final_third_entry,5.439,0.0,,evaluated_pressing_team_as_opponent
3893793_p183_659785db,3893793,0,1,1,0,final_third_entry,9.416,2.7349999999996726,,evaluated_pressing_team_as_opponent
3893793_p192_a035af06,3893793,0,1,1,0,final_third_entry,8.169,4.726999999999862,,evaluated_pressing_team_as_opponent
3893833_p4_4110d556,3893833,0,1,1,0,final_third_entry,6.231,1.183000000000007,,evaluated_pressing_team_as_opponent
3893833_p8_a995e2e4,3893833,0,1,1,0,final_third_entry,7.676,0.0,,evaluated_pressing_team_as_opponent
3893833_p144_0ccf73c0,3893833,0,1,1,0,final_third_entry,4.271,1.941000000000031,,evaluated_pressing_team_as_opponent
3893827_p92_9e80c409,3893827,0,1,1,0,final_third_entry,7.269,2.3029999999998836,,evaluated_pressing_team_as_opponent
3893827_p136_5abad41a,3893827,0,1,1,0,final_third_entry,7.604,0.6690000000000964,,horizon_or_timing_shift
3893827_p180_2eee4b27,3893827,0,1,1,0,shot,4.936,0.7399999999997817,,evaluated_pressing_team_as_opponent
3893819_p57_a2d9b5b4,3893819,0,1,1,0,final_third_entry,1.375,0.0,,evaluated_pressing_team_as_opponent
3893819_p59_b7b3f2f4,3893819,0,1,1,0,final_third_entry,9.917,0.0,,evaluated_pressing_team_as_opponent
3893819_p69_70260dd9,3893819,0,1,1,0,final_third_entry,7.509,0.3869999999999436,,evaluated_pressing_team_as_opponent
3893819_p75_a3537c45,3893819,0,1,1,0,final_third_entry,9.422,0.0,,evaluated_pressing_team_as_opponent
3893819_p99_a392aee8,3893819,0,1,1,0,final_third_entry,8.213,0.0,,evaluated_pressing_team_as_opponent
3893819_p170_32b090eb,3893819,0,1,1,0,final_third_entry,10.794,0.6869999999998981,,evaluated_pressing_team_as_opponent
3893819_p171_213eca5e,3893819,0,1,1,0,final_third_entry,12.295,0.0,,evaluated_pressing_team_as_opponent
3902968_p55_87dcd2dc,3902968,0,1,1,0,shot,7.613,1.2850000000000819,,evaluated_pressing_team_as_opponent
3902968_p82_c03b1ef2,3902968,0,1,1,0,shot,1.686,0.0,,evaluated_pressing_team_as_opponent
3902968_p119_d657ea5f,3902968,0,1,1,0,shot,10.446,0.7010000000000218,,evaluated_pressing_team_as_opponent
3902968_p158_33feaec4,3902968,0,1,1,0,final_third_entry,13.807,0.0,,evaluated_pressing_team_as_opponent
3902968_p174_0560c5c7,3902968,0,1,1,0,final_third_entry,4.123,0.8650000000002365,,evaluated_pressing_team_as_opponent
3902968_p181_156f4e99,3902968,0,1,1,0,final_third_entry,13.696,1.6469999999999345,,evaluated_pressing_team_as_opponent
3902968_p214_57be3511,3902968,0,1,1,0,final_third_entry,8.546,0.0,,evaluated_pressing_team_as_opponent
3902968_p238_8058c84e,3902968,0,1,1,0,final_third_entry,8.146,1.9669999999999845,,evaluated_pressing_team_as_opponent
3902968_p246_d707ffc8,3902968,0,1,1,0,shot,10.782,0.0,,evaluated_pressing_team_as_opponent
3893820_p5_37db1063,3893820,0,1,1,0,final_third_entry,6.293,0.0,,evaluated_pressing_team_as_opponent
3893820_p88_bec57d3f,3893820,0,1,1,0,final_third_entry,11.178,0.0,,evaluated_pressing_team_as_opponent
3893820_p174_a6614a38,3893820,0,1,1,0,final_third_entry,12.194,3.9580000000000837,,evaluated_pressing_team_as_opponent
3893813_p70_4be130c1,3893813,0,1,1,0,final_third_entry,1.615,0.0,,evaluated_pressing_team_as_opponent
3893813_p86_0ab59d6e,3893813,0,1,1,0,final_third_entry,6.029,2.5660000000002583,,evaluated_pressing_team_as_opponent
3893813_p107_776ebfcc,3893813,0,1,1,0,final_third_entry,3.868,0.0,,evaluated_pressing_team_as_opponent
3893813_p118_94f6a51c,3893813,0,1,1,0,final_third_entry,7.612,3.7779999999999063,,evaluated_pressing_team_as_opponent
3893813_p128_529f17a5,3893813,0,1,1,0,shot,12.635,0.0,,evaluated_pressing_team_as_opponent
3893796_p20_0b51d6b3,3893796,0,1,1,0,final_third_entry,9.074,0.6450000000000955,,evaluated_pressing_team_as_opponent
3893796_p89_4a394eee,3893796,0,1,1,0,shot,8.698,0.0,,evaluated_pressing_team_as_opponent
3893796_p149_3a468ee9,3893796,0,1,1,0,final_third_entry,3.183,0.7180000000000746,,evaluated_pressing_team_as_opponent
3893804_p8_071eff9e,3893804,0,1,1,0,final_third_entry,13.479,0.0,,evaluated_pressing_team_as_opponent
3893804_p15_cef6739d,3893804,0,1,1,0,final_third_entry,10.82,0.0,,evaluated_pressing_team_as_opponent
3893804_p126_0a7f7da8,3893804,0,1,0,0,final_third_entry,9.868,9.077999999999975,,evaluated_pressing_team_as_opponent
3906390_p77_8dc9c887,3906390,0,1,1,0,final_third_entry,8.558,0.5590000000001965,,evaluated_pressing_team_as_opponent
3906390_p113_ba77b5bd,3906390,0,1,1,0,final_third_entry,14.406,3.9680000000000177,,evaluated_pressing_team_as_opponent
3906390_p137_feaf2a16,3906390,0,1,1,0,shot,11.361,1.4629999999999654,,evaluated_pressing_team_as_opponent
3906390_p152_a7eef7e6,3906390,0,1,1,0,final_third_entry,6.716,0.0,,evaluated_pressing_team_as_opponent
3906390_p177_f8ba829e,3906390,0,1,1,0,final_third_entry,9.06,4.554000000000087,,evaluated_pressing_team_as_opponent
3906390_p187_a38405a4,3906390,0,1,1,0,shot,11.397,0.0,,evaluated_pressing_team_as_opponent
3893790_p38_4ff4ae8e,3893790,0,1,1,0,final_third_entry,10.783,0.0,,evaluated_pressing_team_as_opponent
3893790_p73_fe0a0f84,3893790,0,1,1,0,final_third_entry,9.062,2.8460000000000036,,evaluated_pressing_team_as_opponent
3893790_p92_bb0f6252,3893790,0,1,1,0,final_third_entry,10.914,3.7860000000000014,,evaluated_pressing_team_as_opponent
3893790_p107_430bfd0e,3893790,0,1,1,0,final_third_entry,8.89,3.3729999999999336,,evaluated_pressing_team_as_opponent
3893790_p157_8ff5ae06,3893790,0,1,1,0,shot,5.612,0.0,,evaluated_pressing_team_as_opponent
3893821_p46_624bd6f4,3893821,0,1,1,0,final_third_entry,3.042,1.1790000000000873,,evaluated_pressing_team_as_opponent
3893821_p90_4e774388,3893821,0,1,1,0,final_third_entry,7.321,1.225999999999658,,evaluated_pressing_team_as_opponent
3893821_p159_94a5a0a9,3893821,0,1,1,0,final_third_entry,11.517,4.028999999999996,,evaluated_pressing_team_as_opponent
3904629_p58_c1b13720,3904629,0,1,1,0,final_third_entry,6.128,2.8230000000000928,,evaluated_pressing_team_as_opponent
3904629_p64_10041700,3904629,0,1,1,0,final_third_entry,4.848,0.5289999999999964,,evaluated_pressing_team_as_opponent
3904629_p73_7489b547,3904629,0,1,1,0,final_third_entry,8.368,1.5520000000001346,,evaluated_pressing_team_as_opponent
3904629_p116_aada194a,3904629,0,1,1,0,shot,8.703,0.8089999999999691,,evaluated_pressing_team_as_opponent
3904629_p135_5fd4230d,3904629,0,1,1,0,shot,13.428,0.0,,evaluated_pressing_team_as_opponent
3904629_p137_9175ae74,3904629,0,1,1,0,final_third_entry,8.237,0.0,,evaluated_pressing_team_as_opponent
3904629_p158_82771178,3904629,0,1,1,0,final_third_entry,11.867,0.8159999999998035,,evaluated_pressing_team_as_opponent
3893787_p5_9a5ec5bb,3893787,0,1,1,0,final_third_entry,2.155,0.0,,evaluated_pressing_team_as_opponent
3893787_p14_9fb31b77,3893787,0,1,1,0,final_third_entry,2.574,0.0,,evaluated_pressing_team_as_opponent
3893787_p75_39ea459c,3893787,0,1,1,0,final_third_entry,9.047,0.0,,evaluated_pressing_team_as_opponent
3893791_p13_3359d844,3893791,0,1,1,0,final_third_entry,10.841,3.461999999999989,,evaluated_pressing_team_as_opponent
3893791_p46_1b26f449,3893791,0,1,1,0,final_third_entry,5.042,2.4680000000000746,,evaluated_pressing_team_as_opponent
3893791_p58_40025ac1,3893791,0,1,1,0,final_third_entry,12.468,2.424999999999727,,evaluated_pressing_team_as_opponent
3893791_p104_e2f0d124,3893791,0,1,1,0,final_third_entry,8.908,0.63900000000001,,evaluated_pressing_team_as_opponent
3893791_p148_1acf83c9,3893791,0,1,1,0,final_third_entry,5.029,2.006000000000313,,evaluated_pressing_team_as_opponent
3893791_p153_90dcd174,3893791,0,1,1,0,shot,12.747,4.625,,evaluated_pressing_team_as_opponent
3906389_p4_c0b2753e,3906389,0,1,1,0,shot,13.892,1.8459999999999965,,evaluated_pressing_team_as_opponent
3906389_p41_7c7c7848,3906389,0,1,1,0,final_third_entry,10.436,1.2980000000000018,,evaluated_pressing_team_as_opponent
3906389_p84_127de140,3906389,0,1,1,0,shot,13.533,1.3789999999999054,,evaluated_pressing_team_as_opponent
3906389_p93_a8288c3d,3906389,0,1,1,0,final_third_entry,4.683,0.8080000000000069,,evaluated_pressing_team_as_opponent
3906389_p106_cf43d351,3906389,0,1,1,0,shot,6.716,0.0,,evaluated_pressing_team_as_opponent
3906389_p125_aeef1847,3906389,0,1,1,0,final_third_entry,8.114,0.0,,evaluated_pressing_team_as_opponent
3906389_p131_13cbda2f,3906389,0,1,1,0,final_third_entry,13.172,1.1600000000000819,,evaluated_pressing_team_as_opponent
3906389_p172_e2cc4831,3906389,0,1,0,0,final_third_entry,13.924,12.441000000000258,,evaluated_pressing_team_as_opponent
3904628_p4_9372c17b,3904628,0,1,1,0,final_third_entry,3.296,0.0,,evaluated_pressing_team_as_opponent
3904628_p36_cf637d54,3904628,0,1,1,0,final_third_entry,3.915,0.0,,evaluated_pressing_team_as_opponent
3904628_p122_50a3ec36,3904628,0,1,1,0,final_third_entry,14.443,0.0,,evaluated_pressing_team_as_opponent
3904628_p156_18df7708,3904628,0,1,1,0,final_third_entry,5.475,0.0,,evaluated_pressing_team_as_opponent
3893810_p41_26cb96a8,3893810,0,1,1,0,final_third_entry,8.783,1.2229999999999563,,evaluated_pressing_team_as_opponent
3893810_p58_89ee2b6d,3893810,0,1,1,0,shot,6.684,1.1280000000001564,,evaluated_pressing_team_as_opponent
3893810_p124_1d43d4b0,3893810,0,1,1,0,final_third_entry,12.338,1.5950000000000273,,evaluated_pressing_team_as_opponent
3893810_p152_6626bcf7,3893810,0,1,1,0,final_third_entry,9.821,0.0,,evaluated_pressing_team_as_opponent
3893810_p167_850e4474,3893810,0,1,1,0,final_third_entry,13.185,1.4939999999999145,,evaluated_pressing_team_as_opponent
3893831_p27_eb6dbe2e,3893831,0,1,1,0,shot,7.778,2.1970000000000027,,evaluated_pressing_team_as_opponent
3893831_p28_29f6f080,3893831,0,1,1,0,final_third_entry,7.027,0.0,,evaluated_pressing_team_as_opponent
3893831_p74_d89024b3,3893831,0,1,1,0,shot,11.484,0.0,,evaluated_pressing_team_as_opponent
3893831_p76_ffb9a657,3893831,0,1,0,0,final_third_entry,10.046,7.455999999999676,,evaluated_pressing_team_as_opponent
3893831_p143_4361c9f8,3893831,0,1,1,0,final_third_entry,7.779,0.54300000000012,,evaluated_pressing_team_as_opponent
3893831_p186_e9e633f6,3893831,0,1,1,0,final_third_entry,12.563,1.7789999999999964,,evaluated_pressing_team_as_opponent
3893831_p207_eb30f98b,3893831,0,1,1,0,final_third_entry,6.297,4.346000000000004,,evaluated_pressing_team_as_opponent
3901832_p7_c2c687d9,3901832,0,1,1,0,final_third_entry,5.814,4.9669999999999845,,evaluated_pressing_team_as_opponent
3901832_p27_dfe15edb,3901832,0,1,1,0,final_third_entry,11.278,1.5,,evaluated_pressing_team_as_opponent
3901832_p77_9550a92d,3901832,0,1,1,0,final_third_entry,2.426,0.6769999999996799,,evaluated_pressing_team_as_opponent
3901832_p142_fcbeb317,3901832,0,1,1,0,final_third_entry,3.219,0.8710000000000946,,evaluated_pressing_team_as_opponent
3901832_p150_a113a1d8,3901832,0,1,1,0,final_third_entry,6.061,0.0,,evaluated_pressing_team_as_opponent
3901832_p175_9896241d,3901832,0,1,1,0,final_third_entry,11.103,1.2910000000001673,,evaluated_pressing_team_as_opponent
3901832_p183_d0f03259,3901832,0,1,1,0,final_third_entry,12.988,3.8780000000001564,,evaluated_pressing_team_as_opponent
3901832_p191_30635152,3901832,0,1,0,0,final_third_entry,12.597,5.528999999999996,,evaluated_pressing_team_as_opponent
3901832_p192_51ba00eb,3901832,0,1,1,0,final_third_entry,9.176,0.0,,evaluated_pressing_team_as_opponent
3893817_p55_d75bd947,3893817,0,1,1,0,final_third_entry,5.183,1.2819999999999254,,evaluated_pressing_team_as_opponent
3893817_p57_fd2a399b,3893817,0,1,1,0,final_third_entry,9.068,1.5399999999999636,,evaluated_pressing_team_as_opponent
3893817_p75_793b05be,3893817,0,1,1,0,final_third_entry,3.226,0.0,,evaluated_pressing_team_as_opponent
3893817_p92_1af009dc,3893817,0,1,1,0,final_third_entry,2.57,0.0,,evaluated_pressing_team_as_opponent
3893817_p122_81c0629e,3893817,0,1,1,0,final_third_entry,8.091,2.2210000000000036,,evaluated_pressing_team_as_opponent
3893817_p153_5a15aaa1,3893817,0,1,1,0,final_third_entry,9.857,0.33999999999991815,,evaluated_pressing_team_as_opponent
3893817_p188_0e6f5d53,3893817,0,1,1,0,final_third_entry,8.048,1.7590000000000146,,evaluated_pressing_team_as_opponent
3893806_p70_141e1c50,3893806,0,1,1,0,final_third_entry,11.951,1.0640000000000782,,evaluated_pressing_team_as_opponent
3893806_p75_e9d5af55,3893806,0,1,1,0,final_third_entry,8.95,0.0,,evaluated_pressing_team_as_opponent
3893806_p81_827e298d,3893806,0,1,1,0,final_third_entry,6.021,0.0,,evaluated_pressing_team_as_opponent
3893806_p96_529afc0e,3893806,0,1,1,0,final_third_entry,11.338,0.0,,evaluated_pressing_team_as_opponent
3893806_p111_afdec1b5,3893806,0,1,1,0,final_third_entry,14.631,0.0,,evaluated_pressing_team_as_opponent
3893806_p124_99f28a24,3893806,0,1,1,0,shot,10.883,0.0,,evaluated_pressing_team_as_opponent
3893806_p154_528613a5,3893806,0,1,1,0,shot,13.024,0.0,,evaluated_pressing_team_as_opponent
3893801_p9_1efddcc3,3893801,0,1,1,0,shot,12.39,1.3290000000000077,,evaluated_pressing_team_as_opponent
3893801_p84_184d1264,3893801,0,1,1,0,final_third_entry,7.703,0.0,,evaluated_pressing_team_as_opponent
3893801_p89_1da87a62,3893801,0,1,1,0,final_third_entry,12.76,4.804000000000087,,evaluated_pressing_team_as_opponent
3893801_p92_14f3484f,3893801,0,1,1,0,final_third_entry,10.827,3.463000000000001,,evaluated_pressing_team_as_opponent
3893801_p104_e9fc8288,3893801,0,1,1,0,shot,8.832,0.0,,evaluated_pressing_team_as_opponent
3893801_p144_811ff7cc,3893801,0,1,1,0,final_third_entry,5.923,0.7029999999999745,,evaluated_pressing_team_as_opponent
3893801_p154_ce312017,3893801,0,1,1,0,shot,6.194,0.5279999999997926,,evaluated_pressing_team_as_opponent
3893822_p30_3fe3a0a2,3893822,0,1,1,0,final_third_entry,5.682,1.4140000000002146,,evaluated_pressing_team_as_opponent
3893822_p70_82346a23,3893822,0,1,1,0,final_third_entry,6.745,2.3910000000000764,,evaluated_pressing_team_as_opponent
3893822_p92_c54536c2,3893822,0,1,1,0,final_third_entry,10.486,1.6270000000000095,,evaluated_pressing_team_as_opponent
3893822_p107_380a4c61,3893822,0,1,0,0,final_third_entry,10.748,5.650999999999954,,evaluated_pressing_team_as_opponent
3893822_p116_7645dfce,3893822,0,1,1,0,final_third_entry,7.928,0.0,,evaluated_pressing_team_as_opponent
3893822_p119_bfd5287e,3893822,0,1,1,0,final_third_entry,14.384,0.0,,evaluated_pressing_team_as_opponent
3893822_p124_f3ccce36,3893822,0,1,1,0,final_third_entry,1.106,0.0,,evaluated_pressing_team_as_opponent
3893822_p171_8051cde7,3893822,0,1,1,0,final_third_entry,5.698,0.0,,evaluated_pressing_team_as_opponent
3901733_p24_cbe06243,3901733,0,1,1,0,final_third_entry,9.658,0.0,,evaluated_pressing_team_as_opponent
3901733_p111_c8513914,3901733,0,1,1,0,final_third_entry,10.118,0.0,,evaluated_pressing_team_as_opponent
3901733_p128_787116fc,3901733,0,1,1,0,shot,2.928,1.6420000000000528,,evaluated_pressing_team_as_opponent
3901733_p135_95536db5,3901733,0,1,1,0,final_third_entry,6.888,0.0,,evaluated_pressing_team_as_opponent
3901733_p145_513b854d,3901733,0,1,1,0,final_third_entry,11.911,0.0,,evaluated_pressing_team_as_opponent
3893814_p23_72677a0c,3893814,0,1,1,0,final_third_entry,8.752,2.745999999999981,,evaluated_pressing_team_as_opponent
3893814_p28_00efd1cd,3893814,0,1,1,0,final_third_entry,3.228,0.0,,evaluated_pressing_team_as_opponent
3893814_p67_040ead3b,3893814,0,1,1,0,final_third_entry,6.192,1.4760000000001128,,evaluated_pressing_team_as_opponent
3893814_p70_b3eb68de,3893814,0,1,1,0,final_third_entry,8.418,1.9639999999999418,,evaluated_pressing_team_as_opponent
3893814_p123_e8b68e4c,3893814,0,1,1,0,final_third_entry,10.814,0.0,,evaluated_pressing_team_as_opponent
3893814_p161_63e70c39,3893814,0,1,1,0,final_third_entry,12.404,1.8769999999999527,,evaluated_pressing_team_as_opponent
3893797_p15_151f779d,3893797,0,1,1,0,final_third_entry,14.686,1.641999999999996,,evaluated_pressing_team_as_opponent
3893797_p100_b5bcfdcb,3893797,0,1,1,0,shot,1.094,1.0479999999997744,,evaluated_pressing_team_as_opponent
3893797_p152_9ec8c22f,3893797,0,1,1,0,final_third_entry,8.061,2.240000000000009,,evaluated_pressing_team_as_opponent
3893797_p216_6c57c06b,3893797,0,1,1,0,final_third_entry,11.001,0.4459999999999127,,evaluated_pressing_team_as_opponent
3893811_p73_eb88e3a9,3893811,0,1,1,0,shot,2.776,0.0,,evaluated_pressing_team_as_opponent
3893811_p135_70237d88,3893811,0,1,1,0,final_third_entry,14.031,0.0,,evaluated_pressing_team_as_opponent
3893789_p26_5223930b,3893789,0,1,1,0,final_third_entry,12.014,3.0779999999999745,,evaluated_pressing_team_as_opponent
3893789_p28_d749bf87,3893789,0,1,1,0,final_third_entry,11.48,0.0,,evaluated_pressing_team_as_opponent
3893789_p63_18e7a600,3893789,0,1,1,0,final_third_entry,9.917,1.1410000000000764,,evaluated_pressing_team_as_opponent
3893789_p99_6f0541c1,3893789,0,1,1,0,final_third_entry,5.57,2.3290000000000646,,evaluated_pressing_team_as_opponent
3893789_p119_2ab56991,3893789,0,1,1,0,final_third_entry,9.073,0.0,,evaluated_pressing_team_as_opponent
3893809_p26_67bfec9a,3893809,0,1,1,0,final_third_entry,6.905,3.0450000000000728,,evaluated_pressing_team_as_opponent
3893809_p37_98f3856f,3893809,0,1,1,0,final_third_entry,7.631,0.3830000000000382,,evaluated_pressing_team_as_opponent
3893809_p40_d4946e44,3893809,0,1,1,0,final_third_entry,12.258,0.0,,evaluated_pressing_team_as_opponent
3893809_p130_1f24bc31,3893809,0,1,1,0,final_third_entry,12.422,1.1850000000004002,,evaluated_pressing_team_as_opponent
3901735_p84_6ac617f7,3901735,0,1,1,0,final_third_entry,5.417,0.0,,evaluated_pressing_team_as_opponent
3901735_p92_65855473,3901735,0,1,1,0,final_third_entry,14.964,0.0,,evaluated_pressing_team_as_opponent
3901735_p117_2f893408,3901735,0,1,1,0,final_third_entry,7.703,0.0,,evaluated_pressing_team_as_opponent
3901735_p163_b9545414,3901735,0,1,1,0,shot,8.271,0.0,,evaluated_pressing_team_as_opponent
3901735_p226_3ef762ae,3901735,0,1,1,0,final_third_entry,14.733,0.0,,evaluated_pressing_team_as_opponent
3893788_p10_475705be,3893788,0,1,1,0,final_third_entry,4.291,0.0,,evaluated_pressing_team_as_opponent
3893788_p106_812a1c94,3893788,0,1,1,0,final_third_entry,14.752,0.0,,evaluated_pressing_team_as_opponent
3893788_p143_95d8ee62,3893788,0,1,1,0,final_third_entry,12.277,0.0,,evaluated_pressing_team_as_opponent
3893788_p146_43152b17,3893788,0,1,0,0,final_third_entry,12.03,7.643000000000029,,evaluated_pressing_team_as_opponent
3893794_p47_32e89dcb,3893794,0,1,1,0,final_third_entry,5.981,4.198000000000093,,evaluated_pressing_team_as_opponent
3893794_p62_82a40903,3893794,0,1,0,0,final_third_entry,10.171,5.1030000000000655,,evaluated_pressing_team_as_opponent
3893794_p93_9a256785,3893794,0,1,1,0,final_third_entry,3.396,0.8780000000000001,,evaluated_pressing_team_as_opponent
3893794_p99_69ca839f,3893794,0,1,1,0,shot,5.315,0.0,,evaluated_pressing_team_as_opponent
3893794_p106_71456974,3893794,0,1,1,0,final_third_entry,11.85,0.7789999999999964,13.607,v26_premature_regain_censoring
3902239_p13_449527a5,3902239,0,1,1,0,final_third_entry,12.754,2.473000000000013,,evaluated_pressing_team_as_opponent
3902239_p14_4a5f1dbf,3902239,0,1,1,0,final_third_entry,14.977,1.6499999999999773,,evaluated_pressing_team_as_opponent
3902239_p24_a1d38202,3902239,0,1,1,0,final_third_entry,4.26,0.8449999999999136,,evaluated_pressing_team_as_opponent
3902239_p35_2151277b,3902239,0,1,1,0,final_third_entry,4.231,0.0,,evaluated_pressing_team_as_opponent
3902239_p77_eb9efe96,3902239,0,1,1,0,shot,6.497,0.0,,evaluated_pressing_team_as_opponent
3902239_p126_2361416b,3902239,0,1,1,0,final_third_entry,13.43,1.502999999999929,,evaluated_pressing_team_as_opponent
3902239_p150_d9b79529,3902239,0,1,1,0,final_third_entry,13.38,2.2090000000002874,,evaluated_pressing_team_as_opponent
3902239_p153_5e1a71df,3902239,0,1,1,0,final_third_entry,9.464,0.42499999999972715,,evaluated_pressing_team_as_opponent
3893812_p28_3a8326cf,3893812,0,1,1,0,final_third_entry,9.138,0.0,,evaluated_pressing_team_as_opponent
3893812_p48_c535fdc7,3893812,0,1,1,0,final_third_entry,14.464,0.0,,evaluated_pressing_team_as_opponent
3893812_p62_cd0d8947,3893812,0,1,1,0,final_third_entry,8.301,2.015999999999849,,evaluated_pressing_team_as_opponent
3893812_p69_fd638b50,3893812,0,1,1,0,shot,8.84,1.7650000000003274,,evaluated_pressing_team_as_opponent
3893812_p109_96748107,3893812,0,1,1,0,final_third_entry,4.576,0.0,,evaluated_pressing_team_as_opponent
3893812_p175_b90ce2ec,3893812,0,1,1,0,final_third_entry,8.405,1.9490000000000691,,evaluated_pressing_team_as_opponent
3893812_p189_e1b9de1b,3893812,0,1,1,0,final_third_entry,4.788,1.375,,evaluated_pressing_team_as_opponent
3893812_p190_5eb278d9,3893812,0,1,1,0,final_third_entry,3.896,1.4380000000001019,,evaluated_pressing_team_as_opponent
3893812_p196_df8f138e,3893812,0,1,1,0,final_third_entry,7.399,1.8160000000002583,,evaluated_pressing_team_as_opponent
3902967_p15_c6986f8c,3902967,0,1,0,0,final_third_entry,9.597,6.062999999999988,,evaluated_pressing_team_as_opponent
3902967_p33_01dbec79,3902967,0,1,1,0,final_third_entry,3.845,0.8429999999999609,,evaluated_pressing_team_as_opponent
3902967_p58_be1076fd,3902967,0,1,1,0,final_third_entry,7.026,0.6010000000001128,,evaluated_pressing_team_as_opponent
3902967_p77_b411380d,3902967,0,1,1,0,final_third_entry,7.459,0.0,,evaluated_pressing_team_as_opponent
3902967_p79_18096df9,3902967,0,1,1,0,final_third_entry,13.758,0.0,,evaluated_pressing_team_as_opponent
3902967_p127_a0b56a31,3902967,0,1,1,0,final_third_entry,3.679,1.7339999999999236,,evaluated_pressing_team_as_opponent
3893807_p5_9edcab53,3893807,0,1,1,0,final_third_entry,13.408,1.2580000000000098,,evaluated_pressing_team_as_opponent
3893807_p33_5a1de081,3893807,0,1,1,0,final_third_entry,6.111,4.078999999999951,,evaluated_pressing_team_as_opponent
3893807_p52_0eebbe32,3893807,0,1,1,0,final_third_entry,12.089,2.1299999999998818,,evaluated_pressing_team_as_opponent
3893807_p127_261660ad,3893807,0,1,1,0,shot,11.737,1.7799999999999727,,evaluated_pressing_team_as_opponent
3893807_p163_882aafc5,3893807,0,1,1,0,final_third_entry,11.148,1.6280000000001564,,evaluated_pressing_team_as_opponent
3893807_p172_abf708a2,3893807,0,1,1,0,final_third_entry,7.56,0.0,,evaluated_pressing_team_as_opponent
3902240_p40_1b1e8f6b,3902240,0,1,0,0,shot,10.157,5.413999999999987,,evaluated_pressing_team_as_opponent
3902240_p92_5005a240,3902240,0,1,1,0,shot,7.22,0.8980000000001382,,evaluated_pressing_team_as_opponent
3902240_p99_1b3fa72f,3902240,0,1,1,0,final_third_entry,1.151,0.637000000000171,,evaluated_pressing_team_as_opponent
3902240_p114_c1e9437d,3902240,0,1,1,0,shot,8.651,0.7100000000000364,,evaluated_pressing_team_as_opponent
3902240_p136_2944bc92,3902240,0,1,1,0,final_third_entry,5.843,4.106999999999971,,evaluated_pressing_team_as_opponent
3902240_p209_4bf5c6c6,3902240,0,1,1,0,final_third_entry,13.86,0.0,,evaluated_pressing_team_as_opponent
3902240_p211_bfa4c270,3902240,0,1,1,0,final_third_entry,4.936,3.0210000000001855,,evaluated_pressing_team_as_opponent
3893792_p35_4b53864b,3893792,0,1,1,0,final_third_entry,8.89,1.7900000000000773,,evaluated_pressing_team_as_opponent
3893792_p92_50493a34,3893792,0,1,1,0,final_third_entry,7.084,0.32600000000002183,,evaluated_pressing_team_as_opponent
3901796_p24_e35d8eaa,3901796,0,1,1,0,final_third_entry,14.548,1.3290000000000646,,evaluated_pressing_team_as_opponent
3901796_p31_15985a8a,3901796,0,1,1,0,final_third_entry,10.435,2.2110000000000127,,evaluated_pressing_team_as_opponent
3901796_p43_a7d9491f,3901796,0,1,1,0,final_third_entry,10.902,2.9329999999999927,,evaluated_pressing_team_as_opponent
3901796_p56_c92a71fe,3901796,0,1,1,0,shot,11.133,1.2129999999999654,,evaluated_pressing_team_as_opponent
3901796_p154_c40efc99,3901796,0,1,1,0,final_third_entry,12.775,3.268000000000029,,evaluated_pressing_team_as_opponent
3901796_p161_ab33bd83,3901796,0,1,0,0,final_third_entry,12.194,6.105000000000018,,evaluated_pressing_team_as_opponent
3901796_p164_ccfee3bf,3901796,0,1,1,0,shot,10.824,1.48700000000008,,evaluated_pressing_team_as_opponent
3901797_p61_739ed039,3901797,0,1,1,0,shot,10.248,2.8530000000000655,,evaluated_pressing_team_as_opponent
3901797_p104_04b60432,3901797,0,1,1,0,final_third_entry,13.447,2.9809999999999945,,evaluated_pressing_team_as_opponent
3901797_p122_5dcec7a4,3901797,0,1,1,0,final_third_entry,8.938,3.980000000000018,,evaluated_pressing_team_as_opponent
3901797_p123_b6e16156,3901797,0,1,1,0,final_third_entry,10.87,0.0,,evaluated_pressing_team_as_opponent
3901797_p131_f26747fc,3901797,0,1,1,0,final_third_entry,6.4,0.0,,evaluated_pressing_team_as_opponent
3901797_p156_bddbe9c2,3901797,0,1,1,0,final_third_entry,12.25,1.9039999999999964,,evaluated_pressing_team_as_opponent
3901797_p197_92f5c557,3901797,0,1,1,0,shot,8.366,0.0,,evaluated_pressing_team_as_opponent
3901797_p204_eeccce57,3901797,0,1,1,0,shot,8.522,1.3070000000000164,,evaluated_pressing_team_as_opponent
3893803_p42_38ef29c3,3893803,0,1,1,0,shot,3.011,1.675000000000182,,evaluated_pressing_team_as_opponent
3893803_p62_d89ef1ca,3893803,0,1,1,0,final_third_entry,5.825,3.143000000000029,5.825,v26_premature_regain_censoring
3893803_p62_0222277b,3893803,0,1,1,0,final_third_entry,7.965,0.6069999999999709,,evaluated_pressing_team_as_opponent
3893803_p83_94fc0709,3893803,0,1,1,0,final_third_entry,10.957,0.0,,evaluated_pressing_team_as_opponent
3893803_p132_473c5ad8,3893803,0,1,1,0,final_third_entry,8.623,0.5610000000000355,,evaluated_pressing_team_as_opponent
3893803_p154_eff7b7c7,3893803,0,1,1,0,final_third_entry,5.268,0.0,,evaluated_pressing_team_as_opponent
3893803_p176_39c32445,3893803,0,1,1,0,shot,6.358,0.0,,evaluated_pressing_team_as_opponent
3893828_p47_54fbd442,3893828,0,1,1,0,shot,9.361,1.86200000000008,,evaluated_pressing_team_as_opponent
3893828_p66_6739a61b,3893828,0,1,1,0,final_third_entry,8.971,0.7409999999999854,,evaluated_pressing_team_as_opponent
3893828_p98_e0513989,3893828,0,1,1,0,shot,7.732,3.5009999999999764,,evaluated_pressing_team_as_opponent
3893828_p120_245954ce,3893828,0,1,1,0,shot,3.404,2.480000000000018,,evaluated_pressing_team_as_opponent
