episode_id,match_id,competition_name,delay_seconds,delay_bin,initiation_event_type,turnover_event_type,counterpressing_team,possession_team,primary_cause,cause_description,intervening_events_count,turnover_link_quality,latency_valid
3895340_p3_eefaa391,3895340,1. Bundesliga,6.172,6.0-8.0 sec,Pass,Ball Receipt*,Bayer Leverkusen,Bayer Leverkusen,E,Opponent sustained possession with 4+ actions; genuinely unlinked within 5.0s,7,invalid,False
3895340_p45_839908f8,3895340,1. Bundesliga,6.96,6.0-8.0 sec,Interception,Pass,Bochum,Bochum,D,Ambiguous timestamp/simultaneous event sequence,9,invalid,False
3895340_p94_a0027fc7,3895340,1. Bundesliga,5.237,5.0-6.0 sec,Pressure,Block,Bayer Leverkusen,Bochum,E,Opponent sustained possession with 4+ actions; genuinely unlinked within 5.0s,9,ambiguous,False
3895340_p123_1c2fbd0c,3895340,1. Bundesliga,6.835,6.0-8.0 sec,Interception,Ball Receipt*,Bochum,Bochum,D,Ambiguous timestamp/simultaneous event sequence,11,invalid,False
3895340_p153_94ebca87,3895340,1. Bundesliga,7.876,6.0-8.0 sec,Interception,Ball Receipt*,Bochum,Bochum,D,Ambiguous timestamp/simultaneous event sequence,8,invalid,False
3895348_p22_f0274d17,3895348,1. Bundesliga,6.693,6.0-8.0 sec,Interception,Duel,Bayer Leverkusen,Bayer Leverkusen,C,Multiple contested events (duels/50-50s) delayed clear possession establishment,9,invalid,False
3895348_p33_b1bc0c1e,3895348,1. Bundesliga,7.097,6.0-8.0 sec,Pass,Ball Receipt*,Bayer Leverkusen,Bayer Leverkusen,D,Ambiguous timestamp/simultaneous event sequence,11,invalid,False
3895348_p36_d0369eda,3895348,1. Bundesliga,5.061,5.0-6.0 sec,Interception,Pass,Bayer Leverkusen,Bayer Leverkusen,D,Ambiguous timestamp/simultaneous event sequence,9,ambiguous,False
3895348_p45_864d04ef,3895348,1. Bundesliga,6.378,6.0-8.0 sec,Pressure,Block,Augsburg,Bayer Leverkusen,E,Opponent sustained possession with 4+ actions; genuinely unlinked within 5.0s,6,invalid,False
3895348_p47_80fe14ff,3895348,1. Bundesliga,6.195,6.0-8.0 sec,Pass,Pass,Augsburg,Augsburg,E,Opponent sustained possession with 4+ actions; genuinely unlinked within 5.0s,8,invalid,False
3895348_p54_5a9f32d9,3895348,1. Bundesliga,7.28,6.0-8.0 sec,Interception,Ball Receipt*,Augsburg,Augsburg,D,Ambiguous timestamp/simultaneous event sequence,8,invalid,False
3895286_p14_7eb7a15a,3895286,1. Bundesliga,6.141,6.0-8.0 sec,Block,Block,Hoffenheim,Bayer Leverkusen,E,Opponent sustained possession with 4+ actions; genuinely unlinked within 5.0s,11,invalid,False
3895286_p87_e7104794,3895286,1. Bundesliga,6.928,6.0-8.0 sec,Interception,Pass,Hoffenheim,Hoffenheim,D,Ambiguous timestamp/simultaneous event sequence,9,invalid,False
3895286_p103_024184b0,3895286,1. Bundesliga,5.109,5.0-6.0 sec,Pressure,Block,Bayer Leverkusen,Hoffenheim,A,Turnover detector linked to earlier action in chain or pass flight boundary,3,ambiguous,False
3895320_p117_d5e07119,3895320,1. Bundesliga,5.022,5.0-6.0 sec,Pressure,Goal Keeper,Bayer Leverkusen,Bayer Leverkusen,A,Turnover detector linked to earlier action in chain or pass flight boundary,4,ambiguous,False
3895266_p18_d14f72f5,3895266,1. Bundesliga,7.293,6.0-8.0 sec,Interception,Pass,Wolfsburg,Wolfsburg,D,Ambiguous timestamp/simultaneous event sequence,12,invalid,False
3895266_p20_5dbb033e,3895266,1. Bundesliga,7.501,6.0-8.0 sec,Interception,Ball Receipt*,Bayer Leverkusen,Bayer Leverkusen,D,Ambiguous timestamp/simultaneous event sequence,8,invalid,False
3895266_p26_ffd93003,3895266,1. Bundesliga,7.596,6.0-8.0 sec,Interception,Ball Receipt*,Wolfsburg,Wolfsburg,D,Ambiguous timestamp/simultaneous event sequence,14,invalid,False
3895266_p40_001e5546,3895266,1. Bundesliga,5.788,5.0-6.0 sec,Interception,Pass,Wolfsburg,Wolfsburg,D,Ambiguous timestamp/simultaneous event sequence,8,invalid,False
3895266_p51_2e3e7fe5,3895266,1. Bundesliga,5.396,5.0-6.0 sec,Pressure,Clearance,Wolfsburg,Wolfsburg,E,Opponent sustained possession with 4+ actions; genuinely unlinked within 5.0s,5,ambiguous,False
3895266_p79_987fc8cb,3895266,1. Bundesliga,6.01,6.0-8.0 sec,Interception,Pass,Wolfsburg,Wolfsburg,D,Ambiguous timestamp/simultaneous event sequence,15,invalid,False
3895266_p120_47dd76b6,3895266,1. Bundesliga,7.304,6.0-8.0 sec,Pressure,Goal Keeper,Bayer Leverkusen,Wolfsburg,E,Opponent sustained possession with 4+ actions; genuinely unlinked within 5.0s,5,invalid,False
3895333_p26_e0b3075c,3895333,1. Bundesliga,6.751,6.0-8.0 sec,Pass,Pass,Bayer Leverkusen,Bayer Leverkusen,D,Ambiguous timestamp/simultaneous event sequence,12,invalid,False
3895333_p49_8064a1db,3895333,1. Bundesliga,5.132,5.0-6.0 sec,Interception,Pass,Eintracht Frankfurt,Eintracht Frankfurt,D,Ambiguous timestamp/simultaneous event sequence,7,invalid,False
3895333_p103_6ee1cd6c,3895333,1. Bundesliga,5.148,5.0-6.0 sec,Pressure,Duel,Eintracht Frankfurt,Eintracht Frankfurt,C,Multiple contested events (duels/50-50s) delayed clear possession establishment,6,ambiguous,False
3895121_p10_ae390965,3895121,1. Bundesliga,5.446,5.0-6.0 sec,Pressure,Ball Recovery,Bayer Leverkusen,Bayer Leverkusen,E,Opponent sustained possession with 4+ actions; genuinely unlinked within 5.0s,6,ambiguous,False
3895121_p83_c46bc7f6,3895121,1. Bundesliga,5.196,5.0-6.0 sec,Pressure,Pass,Bayer Leverkusen,Bayer Leverkusen,B,StatsBomb possession indexing retained pressing team despite brief contestation,3,invalid,False
3895121_p94_926ba5dc,3895121,1. Bundesliga,7.598,6.0-8.0 sec,Interception,Pass,Bayer Leverkusen,Bayer Leverkusen,D,Ambiguous timestamp/simultaneous event sequence,12,invalid,False
3895121_p128_a24bae03,3895121,1. Bundesliga,5.74,5.0-6.0 sec,Duel,50/50,Bayer Leverkusen,Freiburg,C,Multiple contested events (duels/50-50s) delayed clear possession establishment,6,ambiguous,False
3895302_p62_142c2982,3895302,1. Bundesliga,6.6,6.0-8.0 sec,Pressure,Block,Bayer Leverkusen,Werder Bremen,E,Opponent sustained possession with 4+ actions; genuinely unlinked within 5.0s,8,invalid,False
3895302_p84_88e5a51f,3895302,1. Bundesliga,7.328,6.0-8.0 sec,Interception,Pass,Werder Bremen,Werder Bremen,D,Ambiguous timestamp/simultaneous event sequence,10,invalid,False
3895302_p112_dd24a9d2,3895302,1. Bundesliga,7.692,6.0-8.0 sec,Pass,Ball Receipt*,Werder Bremen,Werder Bremen,D,Ambiguous timestamp/simultaneous event sequence,12,invalid,False
3895302_p125_16447969,3895302,1. Bundesliga,7.16,6.0-8.0 sec,Duel,Ball Receipt*,Werder Bremen,Werder Bremen,C,Multiple contested events (duels/50-50s) delayed clear possession establishment,12,invalid,False
3895302_p139_724b3479,3895302,1. Bundesliga,6.705,6.0-8.0 sec,Interception,Ball Receipt*,Werder Bremen,Werder Bremen,D,Ambiguous timestamp/simultaneous event sequence,11,invalid,False
3895302_p143_f908d853,3895302,1. Bundesliga,5.983,5.0-6.0 sec,Pressure,Block,Werder Bremen,Bayer Leverkusen,A,Turnover detector linked to earlier action in chain or pass flight boundary,4,ambiguous,False
3895180_p3_8aeef19c,3895180,1. Bundesliga,6.664,6.0-8.0 sec,Pass,Ball Receipt*,Eintracht Frankfurt,Eintracht Frankfurt,D,Ambiguous timestamp/simultaneous event sequence,8,invalid,False
3895180_p19_cbd960db,3895180,1. Bundesliga,5.103,5.0-6.0 sec,Interception,Pass,Eintracht Frankfurt,Eintracht Frankfurt,D,Ambiguous timestamp/simultaneous event sequence,6,ambiguous,False
3895180_p32_2f903a53,3895180,1. Bundesliga,6.936,6.0-8.0 sec,Pass,Ball Recovery,Eintracht Frankfurt,Eintracht Frankfurt,D,Ambiguous timestamp/simultaneous event sequence,8,invalid,False
3895180_p49_53e4b092,3895180,1. Bundesliga,7.266,6.0-8.0 sec,Pass,Pass,Eintracht Frankfurt,Eintracht Frankfurt,D,Ambiguous timestamp/simultaneous event sequence,9,invalid,False
3895180_p101_ca1a3852,3895180,1. Bundesliga,7.041,6.0-8.0 sec,Pass,Pass,Eintracht Frankfurt,Eintracht Frankfurt,D,Ambiguous timestamp/simultaneous event sequence,11,invalid,False
3895180_p154_bc9986aa,3895180,1. Bundesliga,7.228,6.0-8.0 sec,Duel,Interception,Eintracht Frankfurt,Eintracht Frankfurt,C,Multiple contested events (duels/50-50s) delayed clear possession establishment,10,invalid,False
3895180_p168_ac86f857,3895180,1. Bundesliga,7.131,6.0-8.0 sec,Duel,Ball Receipt*,Bayer Leverkusen,Bayer Leverkusen,C,Multiple contested events (duels/50-50s) delayed clear possession establishment,10,invalid,False
3895180_p179_653a3e39,3895180,1. Bundesliga,7.942,6.0-8.0 sec,Pressure,Block,Eintracht Frankfurt,Eintracht Frankfurt,E,Opponent sustained possession with 4+ actions; genuinely unlinked within 5.0s,5,invalid,False
3895275_p57_340033b2,3895275,1. Bundesliga,7.402,6.0-8.0 sec,Interception,Pass,Freiburg,Freiburg,D,Ambiguous timestamp/simultaneous event sequence,11,invalid,False
3895275_p87_43d67925,3895275,1. Bundesliga,7.337,6.0-8.0 sec,Interception,Ball Receipt*,Freiburg,Freiburg,D,Ambiguous timestamp/simultaneous event sequence,13,invalid,False
3895275_p105_70be2c70,3895275,1. Bundesliga,7.214,6.0-8.0 sec,Pressure,Clearance,Bayer Leverkusen,Bayer Leverkusen,E,Opponent sustained possession with 4+ actions; genuinely unlinked within 5.0s,7,invalid,False
3895134_p9_10ac3bc0,3895134,1. Bundesliga,6.218,6.0-8.0 sec,Pressure,Clearance,Hoffenheim,Hoffenheim,A,Turnover detector linked to earlier action in chain or pass flight boundary,4,invalid,False
3895134_p111_e9d2bf4a,3895134,1. Bundesliga,5.768,5.0-6.0 sec,Interception,Interception,Bayer Leverkusen,Bayer Leverkusen,D,Ambiguous timestamp/simultaneous event sequence,8,ambiguous,False
3895134_p154_2311ca32,3895134,1. Bundesliga,6.289,6.0-8.0 sec,Interception,Pass,Bayer Leverkusen,Bayer Leverkusen,D,Ambiguous timestamp/simultaneous event sequence,9,invalid,False
3895220_p3_b82515b0,3895220,1. Bundesliga,5.075,5.0-6.0 sec,Pressure,Ball Recovery,Bayer Leverkusen,Darmstadt 98,E,Opponent sustained possession with 4+ actions; genuinely unlinked within 5.0s,7,ambiguous,False
3895220_p80_dd4e712c,3895220,1. Bundesliga,7.644,6.0-8.0 sec,Duel,Pass,Bayer Leverkusen,Bayer Leverkusen,C,Multiple contested events (duels/50-50s) delayed clear possession establishment,8,invalid,False
3895292_p53_6bd4ee66,3895292,1. Bundesliga,5.699,5.0-6.0 sec,Pressure,Clearance,Bayer Leverkusen,Union Berlin,E,Opponent sustained possession with 4+ actions; genuinely unlinked within 5.0s,5,ambiguous,False
3895292_p162_f2b442db,3895292,1. Bundesliga,6.213,6.0-8.0 sec,Pressure,Goal Keeper,Bayer Leverkusen,Union Berlin,E,Opponent sustained possession with 4+ actions; genuinely unlinked within 5.0s,5,invalid,False
3895292_p163_534f802d,3895292,1. Bundesliga,5.542,5.0-6.0 sec,Interception,Pass,Bayer Leverkusen,Bayer Leverkusen,D,Ambiguous timestamp/simultaneous event sequence,6,invalid,False
3895158_p3_f1d9e1ca,3895158,1. Bundesliga,6.26,6.0-8.0 sec,Interception,Pass,Bayer Leverkusen,Bayer Leverkusen,D,Ambiguous timestamp/simultaneous event sequence,15,invalid,False
3895158_p124_64687941,3895158,1. Bundesliga,7.567,6.0-8.0 sec,Pressure,Duel,Bayer Leverkusen,Bayer Leverkusen,C,Multiple contested events (duels/50-50s) delayed clear possession establishment,6,invalid,False
3895107_p71_0fbc2e16,3895107,1. Bundesliga,5.494,5.0-6.0 sec,50/50,Pressure,Bayer Leverkusen,FC Köln,C,Multiple contested events (duels/50-50s) delayed clear possession establishment,9,ambiguous,False
3895107_p76_50f9c656,3895107,1. Bundesliga,5.606,5.0-6.0 sec,Duel,Pass,FC Köln,FC Köln,C,Multiple contested events (duels/50-50s) delayed clear possession establishment,8,ambiguous,False
3895107_p91_2659c4c2,3895107,1. Bundesliga,5.964,5.0-6.0 sec,Interception,Ball Receipt*,FC Köln,FC Köln,D,Ambiguous timestamp/simultaneous event sequence,10,invalid,False
3895107_p130_bbdb538b,3895107,1. Bundesliga,6.41,6.0-8.0 sec,Pressure,Clearance,FC Köln,Bayer Leverkusen,E,Opponent sustained possession with 4+ actions; genuinely unlinked within 5.0s,5,invalid,False
3895107_p146_5b1d2528,3895107,1. Bundesliga,7.438,6.0-8.0 sec,Interception,Ball Receipt*,FC Köln,FC Köln,D,Ambiguous timestamp/simultaneous event sequence,11,invalid,False
3895086_p25_05ea25c6,3895086,1. Bundesliga,7.977,6.0-8.0 sec,Pressure,Clearance,Bayer Leverkusen,FC Heidenheim,E,Opponent sustained possession with 4+ actions; genuinely unlinked within 5.0s,10,invalid,False
3895086_p123_5e900437,3895086,1. Bundesliga,7.887,6.0-8.0 sec,Interception,Ball Receipt*,FC Heidenheim,FC Heidenheim,D,Ambiguous timestamp/simultaneous event sequence,8,invalid,False
3895086_p153_14ee07ac,3895086,1. Bundesliga,6.967,6.0-8.0 sec,Pass,Dribble,FC Heidenheim,FC Heidenheim,D,Ambiguous timestamp/simultaneous event sequence,8,invalid,False
3895086_p168_4e66f94b,3895086,1. Bundesliga,7.213,6.0-8.0 sec,Interception,Ball Receipt*,Bayer Leverkusen,Bayer Leverkusen,D,Ambiguous timestamp/simultaneous event sequence,8,invalid,False
3895250_p45_7d909078,3895250,1. Bundesliga,5.302,5.0-6.0 sec,Dribbled Past,Clearance,Bayer Leverkusen,Bayer Leverkusen,A,Turnover detector linked to earlier action in chain or pass flight boundary,4,ambiguous,False
3895250_p57_c9857c32,3895250,1. Bundesliga,5.402,5.0-6.0 sec,Interception,Pass,Bayer Leverkusen,Bayer Leverkusen,D,Ambiguous timestamp/simultaneous event sequence,6,invalid,False
3895250_p58_a95d06e0,3895250,1. Bundesliga,7.685,6.0-8.0 sec,Duel,Ball Receipt*,FSV Mainz 05,FSV Mainz 05,C,Multiple contested events (duels/50-50s) delayed clear possession establishment,19,invalid,False
3895250_p92_c52be825,3895250,1. Bundesliga,6.246,6.0-8.0 sec,Pass,Pass,FSV Mainz 05,FSV Mainz 05,D,Ambiguous timestamp/simultaneous event sequence,9,invalid,False
3895250_p134_82b60388,3895250,1. Bundesliga,7.059,6.0-8.0 sec,Pressure,Clearance,FSV Mainz 05,Bayer Leverkusen,A,Turnover detector linked to earlier action in chain or pass flight boundary,4,invalid,False
3895250_p142_073a60a3,3895250,1. Bundesliga,6.376,6.0-8.0 sec,Pressure,Clearance,Bayer Leverkusen,FSV Mainz 05,A,Turnover detector linked to earlier action in chain or pass flight boundary,3,invalid,False
3895309_p21_4c374d5a,3895309,1. Bundesliga,6.149,6.0-8.0 sec,Interception,Pass,Borussia Dortmund,Borussia Dortmund,D,Ambiguous timestamp/simultaneous event sequence,6,invalid,False
3895309_p26_9d5b2200,3895309,1. Bundesliga,7.93,6.0-8.0 sec,Interception,Block,Bayer Leverkusen,Bayer Leverkusen,D,Ambiguous timestamp/simultaneous event sequence,8,invalid,False
3895309_p30_65bafc50,3895309,1. Bundesliga,7.146,6.0-8.0 sec,Duel,Pass,Bayer Leverkusen,Bayer Leverkusen,C,Multiple contested events (duels/50-50s) delayed clear possession establishment,8,invalid,False
3895309_p43_6a89f48f,3895309,1. Bundesliga,7.867,6.0-8.0 sec,Pass,Ball Receipt*,Bayer Leverkusen,Bayer Leverkusen,C,Multiple contested events (duels/50-50s) delayed clear possession establishment,12,invalid,False
3895309_p79_0af7268b,3895309,1. Bundesliga,7.386,6.0-8.0 sec,Pressure,Ball Recovery,Borussia Dortmund,Borussia Dortmund,E,Opponent sustained possession with 4+ actions; genuinely unlinked within 5.0s,6,invalid,False
3895309_p88_da02b16f,3895309,1. Bundesliga,7.14,6.0-8.0 sec,Pressure,Ball Recovery,Bayer Leverkusen,Bayer Leverkusen,A,Turnover detector linked to earlier action in chain or pass flight boundary,4,invalid,False
3895309_p89_eda85659,3895309,1. Bundesliga,5.905,5.0-6.0 sec,Block,Pass,Borussia Dortmund,Borussia Dortmund,D,Ambiguous timestamp/simultaneous event sequence,6,invalid,False
3895309_p95_80204ac0,3895309,1. Bundesliga,6.745,6.0-8.0 sec,Interception,Pass,Bayer Leverkusen,Bayer Leverkusen,D,Ambiguous timestamp/simultaneous event sequence,9,invalid,False
3895309_p124_bae9d3b9,3895309,1. Bundesliga,6.668,6.0-8.0 sec,Pressure,Block,Bayer Leverkusen,Borussia Dortmund,E,Opponent sustained possession with 4+ actions; genuinely unlinked within 5.0s,5,invalid,False
3895139_p10_a1a68f56,3895139,1. Bundesliga,7.53,6.0-8.0 sec,Duel,Ball Receipt*,Union Berlin,Union Berlin,C,Multiple contested events (duels/50-50s) delayed clear possession establishment,12,invalid,False
3895139_p13_f1f53f34,3895139,1. Bundesliga,7.686,6.0-8.0 sec,Pass,Ball Receipt*,Bayer Leverkusen,Bayer Leverkusen,D,Ambiguous timestamp/simultaneous event sequence,11,invalid,False
3895139_p51_13a63b53,3895139,1. Bundesliga,7.212,6.0-8.0 sec,Interception,Ball Receipt*,Union Berlin,Union Berlin,D,Ambiguous timestamp/simultaneous event sequence,8,invalid,False
3895139_p75_d55a455f,3895139,1. Bundesliga,7.126,6.0-8.0 sec,Pass,Pass,Union Berlin,Union Berlin,D,Ambiguous timestamp/simultaneous event sequence,9,invalid,False
3895139_p109_09cd0246,3895139,1. Bundesliga,6.754,6.0-8.0 sec,Duel,Pass,Bayer Leverkusen,Bayer Leverkusen,C,Multiple contested events (duels/50-50s) delayed clear possession establishment,8,invalid,False
3895074_p37_630bb15d,3895074,1. Bundesliga,5.024,5.0-6.0 sec,Duel,Pass,Bayer Leverkusen,Bayer Leverkusen,C,Multiple contested events (duels/50-50s) delayed clear possession establishment,8,ambiguous,False
3895074_p57_30c1c69f,3895074,1. Bundesliga,7.16,6.0-8.0 sec,Interception,Ball Receipt*,Bayer Leverkusen,Bayer Leverkusen,D,Ambiguous timestamp/simultaneous event sequence,8,invalid,False
3895074_p64_5a212df7,3895074,1. Bundesliga,5.187,5.0-6.0 sec,Pass,Pass,Bayer Leverkusen,Bayer Leverkusen,D,Ambiguous timestamp/simultaneous event sequence,9,invalid,False
3895074_p69_ee3174ba,3895074,1. Bundesliga,7.557,6.0-8.0 sec,Pressure,Block,Bayer Leverkusen,Bayer Leverkusen,E,Opponent sustained possession with 4+ actions; genuinely unlinked within 5.0s,5,invalid,False
3895074_p74_6daf5191,3895074,1. Bundesliga,5.55,5.0-6.0 sec,Pressure,Block,Bayern Munich,Bayer Leverkusen,E,Opponent sustained possession with 4+ actions; genuinely unlinked within 5.0s,5,ambiguous,False
3895074_p79_7f9057a1,3895074,1. Bundesliga,7.829,6.0-8.0 sec,Duel,Ball Receipt*,Bayern Munich,Bayern Munich,C,Multiple contested events (duels/50-50s) delayed clear possession establishment,13,invalid,False
3895074_p82_8d285174,3895074,1. Bundesliga,7.21,6.0-8.0 sec,Pass,Pass,Bayer Leverkusen,Bayer Leverkusen,D,Ambiguous timestamp/simultaneous event sequence,11,invalid,False
3895074_p98_8af7c452,3895074,1. Bundesliga,6.637,6.0-8.0 sec,Pass,Pass,Bayern Munich,Bayern Munich,D,Ambiguous timestamp/simultaneous event sequence,8,invalid,False
3895074_p105_30d94ae7,3895074,1. Bundesliga,5.659,5.0-6.0 sec,Pass,Pass,Bayern Munich,Bayern Munich,D,Ambiguous timestamp/simultaneous event sequence,9,ambiguous,False
3895074_p108_a872feba,3895074,1. Bundesliga,7.596,6.0-8.0 sec,Duel,Ball Receipt*,Bayern Munich,Bayern Munich,C,Multiple contested events (duels/50-50s) delayed clear possession establishment,10,invalid,False
3895074_p111_c1714b22,3895074,1. Bundesliga,5.783,5.0-6.0 sec,Pass,Pass,Bayer Leverkusen,Bayer Leverkusen,D,Ambiguous timestamp/simultaneous event sequence,5,invalid,False
3895074_p149_658a05c7,3895074,1. Bundesliga,5.851,5.0-6.0 sec,Duel,Pass,Bayer Leverkusen,Bayer Leverkusen,C,Multiple contested events (duels/50-50s) delayed clear possession establishment,9,invalid,False
3895074_p153_e8eeeb2f,3895074,1. Bundesliga,6.431,6.0-8.0 sec,Pressure,Duel,Bayern Munich,Bayer Leverkusen,C,Multiple contested events (duels/50-50s) delayed clear possession establishment,5,invalid,False
3895074_p155_a53b336b,3895074,1. Bundesliga,5.038,5.0-6.0 sec,Pressure,Block,Bayern Munich,Bayer Leverkusen,E,Opponent sustained possession with 4+ actions; genuinely unlinked within 5.0s,5,ambiguous,False
3895194_p55_9783cceb,3895194,1. Bundesliga,6.537,6.0-8.0 sec,Pressure,Ball Recovery,Bayer Leverkusen,Bayer Leverkusen,E,Opponent sustained possession with 4+ actions; genuinely unlinked within 5.0s,6,invalid,False
3895194_p91_0d01b8f7,3895194,1. Bundesliga,7.595,6.0-8.0 sec,Interception,Pass,Augsburg,Augsburg,D,Ambiguous timestamp/simultaneous event sequence,15,invalid,False
3895194_p140_a1639494,3895194,1. Bundesliga,7.689,6.0-8.0 sec,Interception,Pass,Augsburg,Augsburg,D,Ambiguous timestamp/simultaneous event sequence,12,invalid,False
3895095_p37_117716d3,3895095,1. Bundesliga,5.032,5.0-6.0 sec,Pass,Block,Bayer Leverkusen,Bayer Leverkusen,D,Ambiguous timestamp/simultaneous event sequence,6,ambiguous,False
3895095_p55_dd7f7e2d,3895095,1. Bundesliga,7.726,6.0-8.0 sec,Interception,Ball Receipt*,FSV Mainz 05,FSV Mainz 05,D,Ambiguous timestamp/simultaneous event sequence,8,invalid,False
3895095_p59_1e6b8f46,3895095,1. Bundesliga,7.692,6.0-8.0 sec,Interception,Pass,FSV Mainz 05,FSV Mainz 05,D,Ambiguous timestamp/simultaneous event sequence,9,invalid,False
3895095_p120_f415ef10,3895095,1. Bundesliga,5.307,5.0-6.0 sec,Interception,Pass,Bayer Leverkusen,Bayer Leverkusen,D,Ambiguous timestamp/simultaneous event sequence,9,ambiguous,False
3895167_p57_d4a594dc,3895167,1. Bundesliga,7.677,6.0-8.0 sec,Interception,Pass,Bayer Leverkusen,Bayer Leverkusen,D,Ambiguous timestamp/simultaneous event sequence,12,invalid,False
3895167_p59_7764e543,3895167,1. Bundesliga,6.44,6.0-8.0 sec,Duel,Pass,Bayer Leverkusen,Bayer Leverkusen,C,Multiple contested events (duels/50-50s) delayed clear possession establishment,8,invalid,False
3895167_p63_2762e5df,3895167,1. Bundesliga,7.769,6.0-8.0 sec,Interception,Pass,VfB Stuttgart,VfB Stuttgart,D,Ambiguous timestamp/simultaneous event sequence,9,invalid,False
3895167_p86_3ec87947,3895167,1. Bundesliga,6.96,6.0-8.0 sec,Pass,Ball Receipt*,VfB Stuttgart,VfB Stuttgart,D,Ambiguous timestamp/simultaneous event sequence,13,invalid,False
3895167_p88_fd8afde6,3895167,1. Bundesliga,6.162,6.0-8.0 sec,Interception,Ball Receipt*,VfB Stuttgart,VfB Stuttgart,D,Ambiguous timestamp/simultaneous event sequence,8,invalid,False
3895167_p105_7a2a25af,3895167,1. Bundesliga,7.301,6.0-8.0 sec,Pass,Pass,VfB Stuttgart,VfB Stuttgart,D,Ambiguous timestamp/simultaneous event sequence,8,invalid,False
3895167_p111_9fb6b99a,3895167,1. Bundesliga,5.521,5.0-6.0 sec,Pressure,Clearance,Bayer Leverkusen,VfB Stuttgart,E,Opponent sustained possession with 4+ actions; genuinely unlinked within 5.0s,8,ambiguous,False
3895167_p148_0136242b,3895167,1. Bundesliga,6.537,6.0-8.0 sec,Pressure,Ball Recovery,VfB Stuttgart,VfB Stuttgart,E,Opponent sustained possession with 4+ actions; genuinely unlinked within 5.0s,6,invalid,False
3895202_p15_e84f7e59,3895202,1. Bundesliga,7.403,6.0-8.0 sec,Interception,Ball Receipt*,RB Leipzig,RB Leipzig,D,Ambiguous timestamp/simultaneous event sequence,11,invalid,False
3895202_p50_6239933c,3895202,1. Bundesliga,7.706,6.0-8.0 sec,Interception,Pass,RB Leipzig,RB Leipzig,D,Ambiguous timestamp/simultaneous event sequence,10,invalid,False
3895202_p57_38116434,3895202,1. Bundesliga,6.463,6.0-8.0 sec,Interception,Ball Receipt*,Bayer Leverkusen,Bayer Leverkusen,D,Ambiguous timestamp/simultaneous event sequence,11,invalid,False
3895202_p150_c367cb26,3895202,1. Bundesliga,5.14,5.0-6.0 sec,Pressure,Clearance,RB Leipzig,RB Leipzig,A,Turnover detector linked to earlier action in chain or pass flight boundary,4,ambiguous,False
3857296_p19_2e1d02d3,3857296,FIFA World Cup,5.229,5.0-6.0 sec,Pressure,Block,Belgium,Croatia,E,Opponent sustained possession with 4+ actions; genuinely unlinked within 5.0s,6,ambiguous,False
3857296_p58_fd202c66,3857296,FIFA World Cup,7.178,6.0-8.0 sec,Interception,Pass,Belgium,Belgium,D,Ambiguous timestamp/simultaneous event sequence,13,invalid,False
3857296_p74_64d82d50,3857296,FIFA World Cup,7.557,6.0-8.0 sec,Pressure,Clearance,Belgium,Belgium,E,Opponent sustained possession with 4+ actions; genuinely unlinked within 5.0s,7,invalid,False
3857296_p94_c9e6f418,3857296,FIFA World Cup,6.707,6.0-8.0 sec,Pressure,Ball Recovery,Croatia,Croatia,E,Opponent sustained possession with 4+ actions; genuinely unlinked within 5.0s,6,invalid,False
3857296_p127_13486874,3857296,FIFA World Cup,7.67,6.0-8.0 sec,Interception,Pass,Belgium,Belgium,D,Ambiguous timestamp/simultaneous event sequence,11,invalid,False
3895113_p11_c20ec538,3895113,1. Bundesliga,6.3,6.0-8.0 sec,Interception,Pass,Bayer Leverkusen,Bayer Leverkusen,D,Ambiguous timestamp/simultaneous event sequence,9,invalid,False
3895113_p59_c898da1f,3895113,1. Bundesliga,7.456,6.0-8.0 sec,Interception,Ball Recovery,Bayer Leverkusen,Bayer Leverkusen,D,Ambiguous timestamp/simultaneous event sequence,11,invalid,False
3895113_p64_9cba6183,3895113,1. Bundesliga,7.669,6.0-8.0 sec,Interception,Pass,Wolfsburg,Wolfsburg,D,Ambiguous timestamp/simultaneous event sequence,12,invalid,False
3895113_p66_4543b653,3895113,1. Bundesliga,6.001,6.0-8.0 sec,Pass,Pass,Bayer Leverkusen,Bayer Leverkusen,D,Ambiguous timestamp/simultaneous event sequence,10,invalid,False
3895113_p72_4a2fd5dd,3895113,1. Bundesliga,6.042,6.0-8.0 sec,Duel,Ball Receipt*,Wolfsburg,Wolfsburg,C,Multiple contested events (duels/50-50s) delayed clear possession establishment,13,invalid,False
3895113_p74_4812fa24,3895113,1. Bundesliga,5.091,5.0-6.0 sec,Pressure,Interception,Bayer Leverkusen,Wolfsburg,E,Opponent sustained possession with 4+ actions; genuinely unlinked within 5.0s,5,ambiguous,False
3895113_p82_d6534454,3895113,1. Bundesliga,6.686,6.0-8.0 sec,Interception,Ball Recovery,Wolfsburg,Wolfsburg,D,Ambiguous timestamp/simultaneous event sequence,11,invalid,False
3895113_p111_581c0c37,3895113,1. Bundesliga,6.914,6.0-8.0 sec,Pass,Ball Receipt*,Wolfsburg,Wolfsburg,D,Ambiguous timestamp/simultaneous event sequence,12,invalid,False
3895113_p123_5ff4bed2,3895113,1. Bundesliga,5.607,5.0-6.0 sec,Pressure,Clearance,Bayer Leverkusen,Wolfsburg,A,Turnover detector linked to earlier action in chain or pass flight boundary,3,ambiguous,False
3895113_p135_f27bbce4,3895113,1. Bundesliga,6.082,6.0-8.0 sec,Interception,Ball Receipt*,Bayer Leverkusen,Bayer Leverkusen,D,Ambiguous timestamp/simultaneous event sequence,7,invalid,False
3895210_p8_0b16f552,3895210,1. Bundesliga,6.893,6.0-8.0 sec,Pressure,Block,Borussia Mönchengladbach,Bayer Leverkusen,A,Turnover detector linked to earlier action in chain or pass flight boundary,4,invalid,False
3895210_p121_133b6c6d,3895210,1. Bundesliga,6.22,6.0-8.0 sec,Interception,Ball Receipt*,Bayer Leverkusen,Bayer Leverkusen,D,Ambiguous timestamp/simultaneous event sequence,9,invalid,False
3895210_p139_e8c9fa36,3895210,1. Bundesliga,7.119,6.0-8.0 sec,Interception,Ball Receipt*,Borussia Mönchengladbach,Borussia Mönchengladbach,D,Ambiguous timestamp/simultaneous event sequence,11,invalid,False
3895258_p9_55aa862c,3895258,1. Bundesliga,6.063,6.0-8.0 sec,Interception,Ball Receipt*,Bayer Leverkusen,Bayer Leverkusen,D,Ambiguous timestamp/simultaneous event sequence,8,invalid,False
3895258_p25_639446da,3895258,1. Bundesliga,7.601,6.0-8.0 sec,Interception,Ball Receipt*,FC Köln,FC Köln,D,Ambiguous timestamp/simultaneous event sequence,10,invalid,False
3895258_p42_86bbd18b,3895258,1. Bundesliga,5.537,5.0-6.0 sec,Interception,Pass,Bayer Leverkusen,Bayer Leverkusen,D,Ambiguous timestamp/simultaneous event sequence,9,invalid,False
3895258_p97_cbf6627f,3895258,1. Bundesliga,5.094,5.0-6.0 sec,Pass,Goal Keeper,Bayer Leverkusen,Bayer Leverkusen,D,Ambiguous timestamp/simultaneous event sequence,6,ambiguous,False
3895258_p111_869b2243,3895258,1. Bundesliga,5.814,5.0-6.0 sec,Interception,Pass,FC Köln,FC Köln,D,Ambiguous timestamp/simultaneous event sequence,11,ambiguous,False
3895232_p22_d6868c22,3895232,1. Bundesliga,6.786,6.0-8.0 sec,Pass,Pass,Bayer Leverkusen,Bayer Leverkusen,D,Ambiguous timestamp/simultaneous event sequence,9,invalid,False
3895232_p49_8ef312f0,3895232,1. Bundesliga,5.312,5.0-6.0 sec,Interception,Ball Recovery,Bayer Leverkusen,Bayer Leverkusen,D,Ambiguous timestamp/simultaneous event sequence,8,ambiguous,False
3895232_p96_bd81dc11,3895232,1. Bundesliga,6.401,6.0-8.0 sec,Interception,Ball Receipt*,Bayer Leverkusen,Bayer Leverkusen,D,Ambiguous timestamp/simultaneous event sequence,8,invalid,False
3895232_p99_6926a411,3895232,1. Bundesliga,7.021,6.0-8.0 sec,Pass,Ball Receipt*,Bayern Munich,Bayern Munich,D,Ambiguous timestamp/simultaneous event sequence,9,invalid,False
3895232_p170_1751e955,3895232,1. Bundesliga,5.252,5.0-6.0 sec,Pressure,Block,Bayern Munich,Bayer Leverkusen,E,Opponent sustained possession with 4+ actions; genuinely unlinked within 5.0s,9,ambiguous,False
3895067_p26_8619f04a,3895067,1. Bundesliga,6.701,6.0-8.0 sec,Interception,Ball Receipt*,Darmstadt 98,Darmstadt 98,D,Ambiguous timestamp/simultaneous event sequence,14,invalid,False
3895067_p27_f06960bb,3895067,1. Bundesliga,6.179,6.0-8.0 sec,Duel,Pass,Bayer Leverkusen,Bayer Leverkusen,C,Multiple contested events (duels/50-50s) delayed clear possession establishment,11,invalid,False
3895067_p35_a836da15,3895067,1. Bundesliga,6.021,6.0-8.0 sec,Interception,Pass,Darmstadt 98,Darmstadt 98,D,Ambiguous timestamp/simultaneous event sequence,9,invalid,False
3895067_p59_9c0774ba,3895067,1. Bundesliga,6.538,6.0-8.0 sec,Pass,Pass,Darmstadt 98,Darmstadt 98,D,Ambiguous timestamp/simultaneous event sequence,18,invalid,False
3895067_p71_6dd633d8,3895067,1. Bundesliga,5.384,5.0-6.0 sec,Interception,Ball Recovery,Darmstadt 98,Darmstadt 98,D,Ambiguous timestamp/simultaneous event sequence,8,ambiguous,False
3895067_p74_dfea9676,3895067,1. Bundesliga,5.456,5.0-6.0 sec,Interception,Ball Recovery,Bayer Leverkusen,Bayer Leverkusen,D,Ambiguous timestamp/simultaneous event sequence,8,ambiguous,False
3895067_p125_83618dd1,3895067,1. Bundesliga,6.342,6.0-8.0 sec,Interception,Pass,Bayer Leverkusen,Bayer Leverkusen,D,Ambiguous timestamp/simultaneous event sequence,8,invalid,False
3895067_p143_9a3411c7,3895067,1. Bundesliga,6.5,6.0-8.0 sec,Pressure,Ball Recovery,Bayer Leverkusen,Bayer Leverkusen,E,Opponent sustained possession with 4+ actions; genuinely unlinked within 5.0s,6,invalid,False
3857277_p48_df7dca7b,3857277,FIFA World Cup,5.269,5.0-6.0 sec,Pressure,Ball Recovery,Croatia,Croatia,E,Opponent sustained possession with 4+ actions; genuinely unlinked within 5.0s,6,ambiguous,False
3857277_p50_b534aaea,3857277,FIFA World Cup,5.008,5.0-6.0 sec,Pressure,Interception,Croatia,Morocco,E,Opponent sustained possession with 4+ actions; genuinely unlinked within 5.0s,8,ambiguous,False
3857277_p73_edcb934f,3857277,FIFA World Cup,5.857,5.0-6.0 sec,Pressure,Duel,Croatia,Morocco,C,Multiple contested events (duels/50-50s) delayed clear possession establishment,14,ambiguous,False
3857277_p153_ee2c2eb6,3857277,FIFA World Cup,5.283,5.0-6.0 sec,Pressure,Interception,Morocco,Croatia,E,Opponent sustained possession with 4+ actions; genuinely unlinked within 5.0s,7,ambiguous,False
3895153_p10_a5a153db,3895153,1. Bundesliga,5.566,5.0-6.0 sec,Pressure,Interception,Werder Bremen,Bayer Leverkusen,E,Opponent sustained possession with 4+ actions; genuinely unlinked within 5.0s,7,ambiguous,False
3895153_p35_5e6f5642,3895153,1. Bundesliga,7.408,6.0-8.0 sec,Interception,Ball Receipt*,Werder Bremen,Werder Bremen,D,Ambiguous timestamp/simultaneous event sequence,14,invalid,False
3895153_p74_fee9cbcb,3895153,1. Bundesliga,7.231,6.0-8.0 sec,Interception,Ball Receipt*,Werder Bremen,Werder Bremen,D,Ambiguous timestamp/simultaneous event sequence,8,invalid,False
3895153_p156_78f6c59e,3895153,1. Bundesliga,6.576,6.0-8.0 sec,Duel,Pass,Werder Bremen,Werder Bremen,C,Multiple contested events (duels/50-50s) delayed clear possession establishment,5,invalid,False
3895052_p15_97862e41,3895052,1. Bundesliga,6.13,6.0-8.0 sec,Pass,Ball Receipt*,Bayer Leverkusen,Bayer Leverkusen,D,Ambiguous timestamp/simultaneous event sequence,8,invalid,False
3895052_p18_32302554,3895052,1. Bundesliga,5.024,5.0-6.0 sec,Interception,Pass,RB Leipzig,RB Leipzig,D,Ambiguous timestamp/simultaneous event sequence,11,ambiguous,False
3895052_p44_ae3b8e23,3895052,1. Bundesliga,5.444,5.0-6.0 sec,Pressure,Block,RB Leipzig,Bayer Leverkusen,E,Opponent sustained possession with 4+ actions; genuinely unlinked within 5.0s,7,ambiguous,False
3895052_p46_b0bc9ab4,3895052,1. Bundesliga,6.738,6.0-8.0 sec,Pass,Pass,Bayer Leverkusen,Bayer Leverkusen,D,Ambiguous timestamp/simultaneous event sequence,6,invalid,False
3895052_p116_a39bf88b,3895052,1. Bundesliga,6.426,6.0-8.0 sec,Duel,Pass,Bayer Leverkusen,Bayer Leverkusen,C,Multiple contested events (duels/50-50s) delayed clear possession establishment,17,invalid,False
3895052_p147_ad316d93,3895052,1. Bundesliga,7.364,6.0-8.0 sec,Interception,Pass,RB Leipzig,RB Leipzig,D,Ambiguous timestamp/simultaneous event sequence,7,invalid,False
3895052_p175_221fdafc,3895052,1. Bundesliga,7.358,6.0-8.0 sec,Pressure,Clearance,Bayer Leverkusen,RB Leipzig,E,Opponent sustained possession with 4+ actions; genuinely unlinked within 5.0s,11,invalid,False
3895244_p67_662ec88b,3895244,1. Bundesliga,6.973,6.0-8.0 sec,Pressure,Clearance,FC Heidenheim,Bayer Leverkusen,E,Opponent sustained possession with 4+ actions; genuinely unlinked within 5.0s,6,invalid,False
3895244_p154_9d00b78b,3895244,1. Bundesliga,7.526,6.0-8.0 sec,Interception,Ball Receipt*,Bayer Leverkusen,Bayer Leverkusen,D,Ambiguous timestamp/simultaneous event sequence,8,invalid,False
3895244_p165_d6c2b31d,3895244,1. Bundesliga,7.369,6.0-8.0 sec,Pass,Ball Receipt*,FC Heidenheim,FC Heidenheim,D,Ambiguous timestamp/simultaneous event sequence,14,invalid,False
3895244_p177_c83abda2,3895244,1. Bundesliga,5.416,5.0-6.0 sec,Interception,Ball Receipt*,FC Heidenheim,FC Heidenheim,D,Ambiguous timestamp/simultaneous event sequence,9,invalid,False
3895060_p11_a8e17e26,3895060,1. Bundesliga,5.544,5.0-6.0 sec,Pass,Pass,Borussia Mönchengladbach,Borussia Mönchengladbach,D,Ambiguous timestamp/simultaneous event sequence,9,invalid,False
3895060_p26_816b1a3b,3895060,1. Bundesliga,6.626,6.0-8.0 sec,Pass,Ball Receipt*,Bayer Leverkusen,Bayer Leverkusen,D,Ambiguous timestamp/simultaneous event sequence,10,invalid,False
3895060_p73_5989b4e1,3895060,1. Bundesliga,7.809,6.0-8.0 sec,Interception,Pass,Bayer Leverkusen,Bayer Leverkusen,D,Ambiguous timestamp/simultaneous event sequence,12,invalid,False
3895060_p97_d9f9e47d,3895060,1. Bundesliga,7.094,6.0-8.0 sec,Pressure,Clearance,Borussia Mönchengladbach,Bayer Leverkusen,E,Opponent sustained possession with 4+ actions; genuinely unlinked within 5.0s,7,invalid,False
3895060_p99_3c03fd85,3895060,1. Bundesliga,6.775,6.0-8.0 sec,Block,Pass,Borussia Mönchengladbach,Borussia Mönchengladbach,E,Opponent sustained possession with 4+ actions; genuinely unlinked within 5.0s,13,invalid,False
3895060_p121_439ec6a7,3895060,1. Bundesliga,6.043,6.0-8.0 sec,Duel,Pass,Bayer Leverkusen,Bayer Leverkusen,C,Multiple contested events (duels/50-50s) delayed clear possession establishment,16,invalid,False
3895060_p151_f9795b62,3895060,1. Bundesliga,7.032,6.0-8.0 sec,Interception,Pass,Bayer Leverkusen,Bayer Leverkusen,D,Ambiguous timestamp/simultaneous event sequence,9,invalid,False
3895060_p164_d5c33967,3895060,1. Bundesliga,6.907,6.0-8.0 sec,Pressure,Block,Bayer Leverkusen,Borussia Mönchengladbach,E,Opponent sustained possession with 4+ actions; genuinely unlinked within 5.0s,8,invalid,False
3895060_p168_61ba4654,3895060,1. Bundesliga,5.79,5.0-6.0 sec,Pressure,Clearance,Bayer Leverkusen,Bayer Leverkusen,E,Opponent sustained possession with 4+ actions; genuinely unlinked within 5.0s,5,ambiguous,False
3857271_p27_a10689e7,3857271,FIFA World Cup,5.132,5.0-6.0 sec,Interception,Pass,England,England,D,Ambiguous timestamp/simultaneous event sequence,6,invalid,False
3857271_p61_70efb4db,3857271,FIFA World Cup,7.362,6.0-8.0 sec,Pass,Pass,Iran,Iran,D,Ambiguous timestamp/simultaneous event sequence,10,invalid,False
3857271_p85_160a3de4,3857271,FIFA World Cup,5.166,5.0-6.0 sec,Duel,Ball Recovery,England,England,C,Multiple contested events (duels/50-50s) delayed clear possession establishment,7,ambiguous,False
3857271_p94_3f439690,3857271,FIFA World Cup,7.239,6.0-8.0 sec,Interception,Pass,Iran,Iran,D,Ambiguous timestamp/simultaneous event sequence,9,invalid,False
3857274_p57_bda7b144,3857274,FIFA World Cup,6.519,6.0-8.0 sec,Pressure,Ball Recovery,Netherlands,Netherlands,E,Opponent sustained possession with 4+ actions; genuinely unlinked within 5.0s,6,invalid,False
3857274_p78_6a7b1848,3857274,FIFA World Cup,5.543,5.0-6.0 sec,Pressure,Block,Ecuador,Netherlands,E,Opponent sustained possession with 4+ actions; genuinely unlinked within 5.0s,5,ambiguous,False
3857274_p89_e71b862a,3857274,FIFA World Cup,7.792,6.0-8.0 sec,Pressure,Ball Receipt*,Netherlands,Netherlands,E,Opponent sustained possession with 4+ actions; genuinely unlinked within 5.0s,9,invalid,False
3857274_p98_d680a80a,3857274,FIFA World Cup,7.696,6.0-8.0 sec,Pressure,Clearance,Netherlands,Netherlands,E,Opponent sustained possession with 4+ actions; genuinely unlinked within 5.0s,7,invalid,False
3857274_p162_89f353fe,3857274,FIFA World Cup,6.582,6.0-8.0 sec,Pressure,Clearance,Netherlands,Ecuador,E,Opponent sustained possession with 4+ actions; genuinely unlinked within 5.0s,5,invalid,False
3895182_p11_d8c92623,3895182,1. Bundesliga,5.98,5.0-6.0 sec,Interception,Pass,Bochum,Bochum,D,Ambiguous timestamp/simultaneous event sequence,6,invalid,False
3895182_p16_187f7527,3895182,1. Bundesliga,5.764,5.0-6.0 sec,Pressure,Block,Bayer Leverkusen,Bochum,E,Opponent sustained possession with 4+ actions; genuinely unlinked within 5.0s,8,ambiguous,False
3895182_p129_edfd64c7,3895182,1. Bundesliga,7.295,6.0-8.0 sec,Pass,Ball Receipt*,Bochum,Bochum,D,Ambiguous timestamp/simultaneous event sequence,8,invalid,False
3895182_p150_8094008b,3895182,1. Bundesliga,7.668,6.0-8.0 sec,Duel,Ball Receipt*,Bayer Leverkusen,Bayer Leverkusen,C,Multiple contested events (duels/50-50s) delayed clear possession establishment,10,invalid,False
3895182_p151_1a2fb00b,3895182,1. Bundesliga,6.755,6.0-8.0 sec,Interception,Pass,Bochum,Bochum,D,Ambiguous timestamp/simultaneous event sequence,8,invalid,False
3895182_p165_86f5859a,3895182,1. Bundesliga,6.415,6.0-8.0 sec,Pressure,50/50,Bochum,Bayer Leverkusen,C,Multiple contested events (duels/50-50s) delayed clear possession establishment,7,invalid,False
3857276_p35_ea827771,3857276,FIFA World Cup,5.912,5.0-6.0 sec,Interception,Pass,Canada,Canada,D,Ambiguous timestamp/simultaneous event sequence,6,invalid,False
3857276_p59_180f36db,3857276,FIFA World Cup,7.044,6.0-8.0 sec,Interception,Ball Receipt*,Morocco,Morocco,D,Ambiguous timestamp/simultaneous event sequence,8,invalid,False
3857276_p63_25b3fc75,3857276,FIFA World Cup,7.093,6.0-8.0 sec,Interception,Pass,Morocco,Morocco,D,Ambiguous timestamp/simultaneous event sequence,10,invalid,False
3857255_p29_4d9661f9,3857255,FIFA World Cup,7.587,6.0-8.0 sec,Pass,Ball Receipt*,Japan,Japan,D,Ambiguous timestamp/simultaneous event sequence,8,invalid,False
3857255_p30_5d34fd98,3857255,FIFA World Cup,7.604,6.0-8.0 sec,Duel,Pass,Spain,Spain,C,Multiple contested events (duels/50-50s) delayed clear possession establishment,8,invalid,False
3857255_p101_6d077305,3857255,FIFA World Cup,7.112,6.0-8.0 sec,Duel,Ball Recovery,Japan,Japan,C,Multiple contested events (duels/50-50s) delayed clear possession establishment,10,invalid,False
3857275_p36_b525b912,3857275,FIFA World Cup,7.261,6.0-8.0 sec,50/50,Pass,France,France,C,Multiple contested events (duels/50-50s) delayed clear possession establishment,8,invalid,False
3857275_p73_7ee12000,3857275,FIFA World Cup,6.489,6.0-8.0 sec,Duel,Pass,Tunisia,Tunisia,C,Multiple contested events (duels/50-50s) delayed clear possession establishment,11,invalid,False
3857275_p139_c9134477,3857275,FIFA World Cup,6.415,6.0-8.0 sec,Duel,Ball Receipt*,Tunisia,Tunisia,C,Multiple contested events (duels/50-50s) delayed clear possession establishment,10,invalid,False
3857273_p5_af7a174a,3857273,FIFA World Cup,5.926,5.0-6.0 sec,Pressure,50/50,Iran,Wales,C,Multiple contested events (duels/50-50s) delayed clear possession establishment,7,ambiguous,False
3857273_p12_4fc9c8bb,3857273,FIFA World Cup,5.335,5.0-6.0 sec,Pressure,Ball Recovery,Wales,Wales,E,Opponent sustained possession with 4+ actions; genuinely unlinked within 5.0s,6,ambiguous,False
3857273_p49_8ff8f21c,3857273,FIFA World Cup,6.779,6.0-8.0 sec,Pressure,Interception,Wales,Wales,E,Opponent sustained possession with 4+ actions; genuinely unlinked within 5.0s,7,invalid,False
3857273_p99_13b8dcd9,3857273,FIFA World Cup,6.512,6.0-8.0 sec,Pass,Pressure,Wales,Wales,E,Opponent sustained possession with 4+ actions; genuinely unlinked within 5.0s,11,invalid,False
3857273_p116_9a923e4d,3857273,FIFA World Cup,6.759,6.0-8.0 sec,Pressure,Block,Wales,Iran,A,Turnover detector linked to earlier action in chain or pass flight boundary,4,invalid,False
3857273_p127_929c28ee,3857273,FIFA World Cup,6.693,6.0-8.0 sec,Interception,Ball Receipt*,Iran,Iran,D,Ambiguous timestamp/simultaneous event sequence,8,invalid,False
3857273_p144_3de489d1,3857273,FIFA World Cup,5.851,5.0-6.0 sec,Block,Pass,Wales,Wales,E,Opponent sustained possession with 4+ actions; genuinely unlinked within 5.0s,5,ambiguous,False
3857272_p77_5fc37ac2,3857272,FIFA World Cup,7.808,6.0-8.0 sec,Pressure,Block,England,United States,E,Opponent sustained possession with 4+ actions; genuinely unlinked within 5.0s,5,invalid,False
3857272_p80_66ed36f4,3857272,FIFA World Cup,6.896,6.0-8.0 sec,Interception,Pass,United States,United States,D,Ambiguous timestamp/simultaneous event sequence,9,invalid,False
3857272_p91_acd0d5cb,3857272,FIFA World Cup,7.067,6.0-8.0 sec,Pass,Ball Receipt*,England,England,D,Ambiguous timestamp/simultaneous event sequence,11,invalid,False
3857272_p95_0c5d607b,3857272,FIFA World Cup,7.66,6.0-8.0 sec,Pass,Ball Receipt*,United States,United States,C,Multiple contested events (duels/50-50s) delayed clear possession establishment,9,invalid,False
3857272_p135_271b1600,3857272,FIFA World Cup,7.932,6.0-8.0 sec,Interception,Ball Receipt*,England,England,D,Ambiguous timestamp/simultaneous event sequence,11,invalid,False
3857284_p6_cbbdd3a3,3857284,FIFA World Cup,5.998,5.0-6.0 sec,Pressure,Goal Keeper,Japan,Germany,E,Opponent sustained possession with 4+ actions; genuinely unlinked within 5.0s,7,ambiguous,False
3857284_p24_0f3cf2c4,3857284,FIFA World Cup,6.279,6.0-8.0 sec,Pressure,Duel,Japan,Germany,C,Multiple contested events (duels/50-50s) delayed clear possession establishment,5,invalid,False
3857284_p38_cd831409,3857284,FIFA World Cup,5.827,5.0-6.0 sec,Pressure,Block,Japan,Germany,E,Opponent sustained possession with 4+ actions; genuinely unlinked within 5.0s,10,ambiguous,False
3857278_p19_8426324e,3857278,FIFA World Cup,5.605,5.0-6.0 sec,Pass,Pass,United States,United States,D,Ambiguous timestamp/simultaneous event sequence,6,invalid,False
3857278_p29_298e084d,3857278,FIFA World Cup,6.243,6.0-8.0 sec,Pass,Pass,Iran,Iran,D,Ambiguous timestamp/simultaneous event sequence,9,invalid,False
3857278_p30_92e4694f,3857278,FIFA World Cup,5.289,5.0-6.0 sec,Interception,Duel,United States,United States,C,Multiple contested events (duels/50-50s) delayed clear possession establishment,7,ambiguous,False
3857278_p69_d1a2c6f6,3857278,FIFA World Cup,7.374,6.0-8.0 sec,Duel,Ball Receipt*,Iran,Iran,C,Multiple contested events (duels/50-50s) delayed clear possession establishment,6,invalid,False
3857278_p86_9295ebf3,3857278,FIFA World Cup,7.654,6.0-8.0 sec,Interception,Ball Receipt*,United States,United States,D,Ambiguous timestamp/simultaneous event sequence,13,invalid,False
3857278_p95_77574be3,3857278,FIFA World Cup,5.149,5.0-6.0 sec,Pressure,Clearance,United States,United States,A,Turnover detector linked to earlier action in chain or pass flight boundary,4,ambiguous,False
3857278_p113_f038f930,3857278,FIFA World Cup,6.405,6.0-8.0 sec,Interception,Pass,United States,United States,D,Ambiguous timestamp/simultaneous event sequence,9,invalid,False
3857278_p118_fa28f2ac,3857278,FIFA World Cup,5.918,5.0-6.0 sec,Pressure,Clearance,Iran,United States,A,Turnover detector linked to earlier action in chain or pass flight boundary,4,ambiguous,False
3857278_p123_fd385a37,3857278,FIFA World Cup,6.544,6.0-8.0 sec,Pressure,Ball Receipt*,United States,United States,E,Opponent sustained possession with 4+ actions; genuinely unlinked within 5.0s,7,invalid,False
3857297_p56_c8cabbfa,3857297,FIFA World Cup,6.154,6.0-8.0 sec,Pass,Ball Receipt*,Saudi Arabia,Saudi Arabia,D,Ambiguous timestamp/simultaneous event sequence,13,invalid,False
3857297_p57_025c8cda,3857297,FIFA World Cup,7.022,6.0-8.0 sec,Pass,Ball Receipt*,Poland,Poland,D,Ambiguous timestamp/simultaneous event sequence,8,invalid,False
3857261_p49_7d8766e8,3857261,FIFA World Cup,7.535,6.0-8.0 sec,Interception,Pass,England,England,D,Ambiguous timestamp/simultaneous event sequence,11,invalid,False
3857261_p112_be475240,3857261,FIFA World Cup,6.962,6.0-8.0 sec,Duel,Ball Receipt*,England,England,C,Multiple contested events (duels/50-50s) delayed clear possession establishment,7,invalid,False
3857261_p124_b5318c96,3857261,FIFA World Cup,5.566,5.0-6.0 sec,Interception,Pass,England,England,D,Ambiguous timestamp/simultaneous event sequence,9,invalid,False
3857290_p22_379d5832,3857290,FIFA World Cup,6.73,6.0-8.0 sec,Interception,Pass,Switzerland,Switzerland,E,Opponent sustained possession with 4+ actions; genuinely unlinked within 5.0s,12,invalid,False
3857290_p24_ea20f5b9,3857290,FIFA World Cup,5.471,5.0-6.0 sec,Pressure,Block,Cameroon,Switzerland,E,Opponent sustained possession with 4+ actions; genuinely unlinked within 5.0s,6,ambiguous,False
3857290_p41_15718e08,3857290,FIFA World Cup,7.297,6.0-8.0 sec,Pressure,Duel,Cameroon,Switzerland,C,Multiple contested events (duels/50-50s) delayed clear possession establishment,7,invalid,False
3857290_p43_daebabc2,3857290,FIFA World Cup,7.356,6.0-8.0 sec,Pressure,Clearance,Cameroon,Cameroon,E,Opponent sustained possession with 4+ actions; genuinely unlinked within 5.0s,7,invalid,False
3857290_p102_90da6020,3857290,FIFA World Cup,6.276,6.0-8.0 sec,Pressure,Clearance,Cameroon,Cameroon,A,Turnover detector linked to earlier action in chain or pass flight boundary,4,invalid,False
3857290_p104_cd85a2f4,3857290,FIFA World Cup,5.687,5.0-6.0 sec,Pressure,Block,Switzerland,Cameroon,E,Opponent sustained possession with 4+ actions; genuinely unlinked within 5.0s,5,ambiguous,False
3857290_p130_888c3b97,3857290,FIFA World Cup,5.544,5.0-6.0 sec,Pressure,Duel,Cameroon,Switzerland,C,Multiple contested events (duels/50-50s) delayed clear possession establishment,4,ambiguous,False
3857290_p140_a2dd0ab9,3857290,FIFA World Cup,6.699,6.0-8.0 sec,Interception,Pass,Cameroon,Cameroon,D,Ambiguous timestamp/simultaneous event sequence,8,invalid,False
3857282_p53_87457b9d,3857282,FIFA World Cup,6.975,6.0-8.0 sec,Pressure,Clearance,United States,Wales,E,Opponent sustained possession with 4+ actions; genuinely unlinked within 5.0s,8,invalid,False
3857282_p102_f551ea4a,3857282,FIFA World Cup,5.756,5.0-6.0 sec,Pass,Ball Recovery,United States,United States,D,Ambiguous timestamp/simultaneous event sequence,9,ambiguous,False
3857282_p109_77b93041,3857282,FIFA World Cup,6.966,6.0-8.0 sec,Pressure,Clearance,Wales,Wales,E,Opponent sustained possession with 4+ actions; genuinely unlinked within 5.0s,8,invalid,False
3857282_p113_7a36cb78,3857282,FIFA World Cup,7.754,6.0-8.0 sec,Pass,Ball Receipt*,United States,United States,D,Ambiguous timestamp/simultaneous event sequence,10,invalid,False
3857282_p122_5f769d14,3857282,FIFA World Cup,6.115,6.0-8.0 sec,Pressure,Block,Wales,United States,E,Opponent sustained possession with 4+ actions; genuinely unlinked within 5.0s,5,invalid,False
3857282_p128_bb073848,3857282,FIFA World Cup,5.385,5.0-6.0 sec,Interception,Ball Recovery,United States,United States,D,Ambiguous timestamp/simultaneous event sequence,16,ambiguous,False
3857265_p26_4684b247,3857265,FIFA World Cup,6.933,6.0-8.0 sec,Pass,Ball Receipt*,Mexico,Mexico,D,Ambiguous timestamp/simultaneous event sequence,8,invalid,False
3857265_p40_cfcc8799,3857265,FIFA World Cup,7.775,6.0-8.0 sec,Interception,Pass,Mexico,Mexico,D,Ambiguous timestamp/simultaneous event sequence,9,invalid,False
3857265_p47_e7ca1887,3857265,FIFA World Cup,5.163,5.0-6.0 sec,Interception,Pass,Mexico,Mexico,D,Ambiguous timestamp/simultaneous event sequence,6,invalid,False
3857265_p110_14c745b3,3857265,FIFA World Cup,5.2,5.0-6.0 sec,Pressure,Pass,Poland,Poland,A,Turnover detector linked to earlier action in chain or pass flight boundary,4,invalid,False
3857265_p130_3484542e,3857265,FIFA World Cup,7.453,6.0-8.0 sec,Interception,Ball Receipt*,Poland,Poland,D,Ambiguous timestamp/simultaneous event sequence,8,invalid,False
3857265_p169_426044f5,3857265,FIFA World Cup,7.105,6.0-8.0 sec,Interception,Ball Receipt*,Poland,Poland,D,Ambiguous timestamp/simultaneous event sequence,8,invalid,False
3857285_p59_590c1985,3857285,FIFA World Cup,6.668,6.0-8.0 sec,Pressure,Clearance,Netherlands,Senegal,E,Opponent sustained possession with 4+ actions; genuinely unlinked within 5.0s,5,invalid,False
3857268_p4_b98f00e5,3857268,FIFA World Cup,6.768,6.0-8.0 sec,Pass,Ball Receipt*,Belgium,Belgium,D,Ambiguous timestamp/simultaneous event sequence,8,invalid,False
3857268_p82_01953481,3857268,FIFA World Cup,5.408,5.0-6.0 sec,Interception,Ball Recovery,Canada,Canada,D,Ambiguous timestamp/simultaneous event sequence,11,ambiguous,False
3857268_p110_ea085053,3857268,FIFA World Cup,7.809,6.0-8.0 sec,Interception,Ball Receipt*,Canada,Canada,D,Ambiguous timestamp/simultaneous event sequence,8,invalid,False
3857268_p123_1dd89125,3857268,FIFA World Cup,5.108,5.0-6.0 sec,Interception,Pass,Canada,Canada,D,Ambiguous timestamp/simultaneous event sequence,6,ambiguous,False
3857268_p136_eb643451,3857268,FIFA World Cup,6.462,6.0-8.0 sec,Pass,Pass,Canada,Canada,D,Ambiguous timestamp/simultaneous event sequence,6,invalid,False
3857268_p139_7cb7b4d1,3857268,FIFA World Cup,5.41,5.0-6.0 sec,Interception,Ball Receipt*,Belgium,Belgium,D,Ambiguous timestamp/simultaneous event sequence,10,ambiguous,False
3857268_p159_41bd2d96,3857268,FIFA World Cup,7.764,6.0-8.0 sec,Pass,Ball Recovery,Canada,Canada,D,Ambiguous timestamp/simultaneous event sequence,8,invalid,False
3857266_p22_8f773425,3857266,FIFA World Cup,6.565,6.0-8.0 sec,Interception,Pass,France,France,D,Ambiguous timestamp/simultaneous event sequence,12,invalid,False
3857266_p25_916bb129,3857266,FIFA World Cup,7.506,6.0-8.0 sec,Interception,Ball Receipt*,Denmark,Denmark,D,Ambiguous timestamp/simultaneous event sequence,11,invalid,False
3857266_p67_e34648bd,3857266,FIFA World Cup,5.958,5.0-6.0 sec,Interception,Pass,France,France,D,Ambiguous timestamp/simultaneous event sequence,6,invalid,False
3857266_p78_efe13ed3,3857266,FIFA World Cup,7.8,6.0-8.0 sec,Pressure,Clearance,France,France,E,Opponent sustained possession with 4+ actions; genuinely unlinked within 5.0s,5,invalid,False
3857266_p100_2df858cd,3857266,FIFA World Cup,5.439,5.0-6.0 sec,Interception,Pass,France,France,D,Ambiguous timestamp/simultaneous event sequence,8,ambiguous,False
3857266_p107_597849e1,3857266,FIFA World Cup,7.494,6.0-8.0 sec,Block,Pass,Denmark,Denmark,E,Opponent sustained possession with 4+ actions; genuinely unlinked within 5.0s,10,invalid,False
3857254_p6_0822bbab,3857254,FIFA World Cup,7.077,6.0-8.0 sec,Pressure,Block,Tunisia,Denmark,E,Opponent sustained possession with 4+ actions; genuinely unlinked within 5.0s,7,invalid,False
3857254_p73_fcfcb831,3857254,FIFA World Cup,7.413,6.0-8.0 sec,Duel,Pass,Tunisia,Tunisia,C,Multiple contested events (duels/50-50s) delayed clear possession establishment,11,invalid,False
3857254_p114_df9e59a8,3857254,FIFA World Cup,5.214,5.0-6.0 sec,Pressure,Ball Recovery,Denmark,Denmark,E,Opponent sustained possession with 4+ actions; genuinely unlinked within 5.0s,6,ambiguous,False
3857254_p126_74555e58,3857254,FIFA World Cup,6.717,6.0-8.0 sec,Pass,Pass,Denmark,Denmark,D,Ambiguous timestamp/simultaneous event sequence,10,invalid,False
3857254_p135_598f7e2e,3857254,FIFA World Cup,5.104,5.0-6.0 sec,Pressure,Clearance,Denmark,Tunisia,E,Opponent sustained possession with 4+ actions; genuinely unlinked within 5.0s,5,invalid,False
3857254_p168_34cacc47,3857254,FIFA World Cup,6.305,6.0-8.0 sec,Pass,Ball Receipt*,Denmark,Denmark,D,Ambiguous timestamp/simultaneous event sequence,7,invalid,False
3857301_p160_0edbc61f,3857301,FIFA World Cup,7.61,6.0-8.0 sec,Pass,Ball Receipt*,Senegal,Senegal,D,Ambiguous timestamp/simultaneous event sequence,11,invalid,False
3857301_p177_2e4289be,3857301,FIFA World Cup,5.295,5.0-6.0 sec,Pressure,Interception,Senegal,Qatar,E,Opponent sustained possession with 4+ actions; genuinely unlinked within 5.0s,5,ambiguous,False
3869321_p59_8fafac91,3869321,FIFA World Cup,5.048,5.0-6.0 sec,Pressure,Interception,Netherlands,Argentina,E,Opponent sustained possession with 4+ actions; genuinely unlinked within 5.0s,7,ambiguous,False
3869321_p90_f6b590ba,3869321,FIFA World Cup,6.461,6.0-8.0 sec,Duel,Ball Receipt*,Argentina,Argentina,C,Multiple contested events (duels/50-50s) delayed clear possession establishment,10,invalid,False
3869321_p91_1a17b2e2,3869321,FIFA World Cup,5.959,5.0-6.0 sec,Duel,Clearance,Argentina,Netherlands,C,Multiple contested events (duels/50-50s) delayed clear possession establishment,6,ambiguous,False
3869321_p102_68c1865c,3869321,FIFA World Cup,7.878,6.0-8.0 sec,Pass,Ball Receipt*,Netherlands,Netherlands,D,Ambiguous timestamp/simultaneous event sequence,10,invalid,False
3857258_p14_4bcaa59d,3857258,FIFA World Cup,5.547,5.0-6.0 sec,Pressure,Interception,Brazil,Brazil,E,Opponent sustained possession with 4+ actions; genuinely unlinked within 5.0s,6,ambiguous,False
3857258_p16_8aafd3d6,3857258,FIFA World Cup,6.484,6.0-8.0 sec,Duel,Pass,Brazil,Brazil,C,Multiple contested events (duels/50-50s) delayed clear possession establishment,5,invalid,False
3857258_p49_9ca82fe4,3857258,FIFA World Cup,7.253,6.0-8.0 sec,Interception,Pass,Serbia,Serbia,D,Ambiguous timestamp/simultaneous event sequence,9,invalid,False
3857258_p132_3b32c2ea,3857258,FIFA World Cup,6.482,6.0-8.0 sec,Pass,Interception,Serbia,Serbia,D,Ambiguous timestamp/simultaneous event sequence,6,invalid,False
3857258_p145_a3bf4cb0,3857258,FIFA World Cup,6.383,6.0-8.0 sec,Pass,Ball Receipt*,Brazil,Brazil,D,Ambiguous timestamp/simultaneous event sequence,11,invalid,False
3857298_p75_410c8e5a,3857298,FIFA World Cup,5.889,5.0-6.0 sec,Pressure,Block,Portugal,Ghana,E,Opponent sustained possession with 4+ actions; genuinely unlinked within 5.0s,7,ambiguous,False
3857298_p129_ee9aec3e,3857298,FIFA World Cup,7.694,6.0-8.0 sec,Pass,Pass,Ghana,Ghana,D,Ambiguous timestamp/simultaneous event sequence,11,invalid,False
3857298_p136_c0ee69a6,3857298,FIFA World Cup,7.986,6.0-8.0 sec,Pass,Pass,Portugal,Portugal,D,Ambiguous timestamp/simultaneous event sequence,14,invalid,False
3857298_p152_21c3ea6e,3857298,FIFA World Cup,7.264,6.0-8.0 sec,Pass,Ball Receipt*,Portugal,Portugal,D,Ambiguous timestamp/simultaneous event sequence,8,invalid,False
3857298_p153_597ab498,3857298,FIFA World Cup,7.402,6.0-8.0 sec,Duel,Pass,Ghana,Ghana,C,Multiple contested events (duels/50-50s) delayed clear possession establishment,10,invalid,False
3857298_p156_c1280f86,3857298,FIFA World Cup,6.294,6.0-8.0 sec,Interception,Pass,Portugal,Portugal,D,Ambiguous timestamp/simultaneous event sequence,12,invalid,False
3857298_p180_1d064ceb,3857298,FIFA World Cup,6.868,6.0-8.0 sec,Pressure,Goal Keeper,Portugal,Ghana,E,Opponent sustained possession with 4+ actions; genuinely unlinked within 5.0s,8,invalid,False
3857256_p120_738d7a80,3857256,FIFA World Cup,7.331,6.0-8.0 sec,Interception,Pass,Serbia,Serbia,D,Ambiguous timestamp/simultaneous event sequence,9,invalid,False
3857256_p121_bfeaac1f,3857256,FIFA World Cup,7.832,6.0-8.0 sec,Interception,Pass,Switzerland,Switzerland,D,Ambiguous timestamp/simultaneous event sequence,9,invalid,False
3857256_p124_7dd0b276,3857256,FIFA World Cup,7.891,6.0-8.0 sec,Pressure,Block,Switzerland,Switzerland,E,Opponent sustained possession with 4+ actions; genuinely unlinked within 5.0s,7,invalid,False
3857256_p141_87bfbf45,3857256,FIFA World Cup,6.327,6.0-8.0 sec,Pressure,Block,Serbia,Switzerland,E,Opponent sustained possession with 4+ actions; genuinely unlinked within 5.0s,6,invalid,False
3857256_p143_797ba5d2,3857256,FIFA World Cup,6.661,6.0-8.0 sec,Interception,Pass,Switzerland,Switzerland,D,Ambiguous timestamp/simultaneous event sequence,8,invalid,False
3857256_p169_ce9721cf,3857256,FIFA World Cup,5.475,5.0-6.0 sec,Pressure,Interception,Serbia,Switzerland,E,Opponent sustained possession with 4+ actions; genuinely unlinked within 5.0s,7,ambiguous,False
3857256_p171_324d2fa5,3857256,FIFA World Cup,5.407,5.0-6.0 sec,Interception,Ball Receipt*,Switzerland,Switzerland,D,Ambiguous timestamp/simultaneous event sequence,8,ambiguous,False
3857292_p22_3f138da1,3857292,FIFA World Cup,6.691,6.0-8.0 sec,Pass,Ball Receipt*,Germany,Germany,D,Ambiguous timestamp/simultaneous event sequence,10,invalid,False
3857292_p27_fff1490c,3857292,FIFA World Cup,7.147,6.0-8.0 sec,Interception,Pass,Costa Rica,Costa Rica,D,Ambiguous timestamp/simultaneous event sequence,9,invalid,False
3857292_p97_24a75967,3857292,FIFA World Cup,7.485,6.0-8.0 sec,Duel,Pass,Costa Rica,Costa Rica,C,Multiple contested events (duels/50-50s) delayed clear possession establishment,11,invalid,False
3857292_p140_25a4488c,3857292,FIFA World Cup,6.485,6.0-8.0 sec,Foul Committed,Clearance,Costa Rica,Germany,E,Opponent sustained possession with 4+ actions; genuinely unlinked within 5.0s,7,invalid,False
3857292_p160_9b02dd45,3857292,FIFA World Cup,7.16,6.0-8.0 sec,Pass,Ball Receipt*,Germany,Germany,D,Ambiguous timestamp/simultaneous event sequence,8,invalid,False
3857292_p168_b33550ee,3857292,FIFA World Cup,5.33,5.0-6.0 sec,Pressure,Interception,Costa Rica,Costa Rica,B,StatsBomb possession indexing retained pressing team despite brief contestation,3,ambiguous,False
3857292_p174_d0ba7035,3857292,FIFA World Cup,5.742,5.0-6.0 sec,Interception,Pass,Germany,Germany,D,Ambiguous timestamp/simultaneous event sequence,9,invalid,False
3857292_p178_99ed5900,3857292,FIFA World Cup,7.614,6.0-8.0 sec,Pressure,Block,Germany,Costa Rica,E,Opponent sustained possession with 4+ actions; genuinely unlinked within 5.0s,6,invalid,False
3857295_p122_a804937e,3857295,FIFA World Cup,7.828,6.0-8.0 sec,Pass,Pass,Costa Rica,Costa Rica,D,Ambiguous timestamp/simultaneous event sequence,12,invalid,False
3857269_p40_6f2053ad,3857269,FIFA World Cup,5.777,5.0-6.0 sec,Pressure,Ball Recovery,Switzerland,Switzerland,A,Turnover detector linked to earlier action in chain or pass flight boundary,4,ambiguous,False
3857269_p46_6cb5ba67,3857269,FIFA World Cup,7.711,6.0-8.0 sec,Interception,Ball Receipt*,Switzerland,Switzerland,D,Ambiguous timestamp/simultaneous event sequence,14,invalid,False
3857269_p71_c1c37c00,3857269,FIFA World Cup,5.883,5.0-6.0 sec,Pass,Pass,Switzerland,Switzerland,D,Ambiguous timestamp/simultaneous event sequence,6,invalid,False
3857269_p75_3c1151c2,3857269,FIFA World Cup,7.436,6.0-8.0 sec,Pass,Pass,Switzerland,Switzerland,D,Ambiguous timestamp/simultaneous event sequence,12,invalid,False
3857269_p104_4d2bb300,3857269,FIFA World Cup,6.925,6.0-8.0 sec,Interception,Ball Receipt*,Brazil,Brazil,D,Ambiguous timestamp/simultaneous event sequence,11,invalid,False
3857269_p145_70ffc8c3,3857269,FIFA World Cup,6.512,6.0-8.0 sec,Block,Pass,Switzerland,Switzerland,E,Opponent sustained possession with 4+ actions; genuinely unlinked within 5.0s,10,invalid,False
3857269_p158_fc7f2f9a,3857269,FIFA World Cup,7.985,6.0-8.0 sec,Pass,Ball Receipt*,Switzerland,Switzerland,D,Ambiguous timestamp/simultaneous event sequence,17,invalid,False
3869486_p28_9286c748,3869486,FIFA World Cup,7.08,6.0-8.0 sec,Interception,Pass,Portugal,Portugal,D,Ambiguous timestamp/simultaneous event sequence,9,invalid,False
3869486_p67_0d0d2ec2,3869486,FIFA World Cup,7.27,6.0-8.0 sec,Interception,Pass,Morocco,Portugal,D,Ambiguous timestamp/simultaneous event sequence,6,invalid,False
3869486_p84_0696e240,3869486,FIFA World Cup,5.217,5.0-6.0 sec,Duel,Pass,Morocco,Morocco,C,Multiple contested events (duels/50-50s) delayed clear possession establishment,5,ambiguous,False
3869486_p88_a469205a,3869486,FIFA World Cup,5.324,5.0-6.0 sec,Pressure,Clearance,Portugal,Portugal,A,Turnover detector linked to earlier action in chain or pass flight boundary,4,ambiguous,False
3869486_p119_1284a72e,3869486,FIFA World Cup,6.471,6.0-8.0 sec,Pressure,Ball Recovery,Portugal,Portugal,E,Opponent sustained possession with 4+ actions; genuinely unlinked within 5.0s,6,invalid,False
3869486_p145_3fe25401,3869486,FIFA World Cup,6.618,6.0-8.0 sec,Pass,Ball Receipt*,Morocco,Morocco,D,Ambiguous timestamp/simultaneous event sequence,8,invalid,False
3857294_p8_7a842555,3857294,FIFA World Cup,7.449,6.0-8.0 sec,Interception,Pass,Qatar,Qatar,D,Ambiguous timestamp/simultaneous event sequence,7,invalid,False
3857294_p46_9702ae8f,3857294,FIFA World Cup,5.282,5.0-6.0 sec,Pressure,Pass,Netherlands,Netherlands,A,Turnover detector linked to earlier action in chain or pass flight boundary,4,invalid,False
3857294_p49_364e9998,3857294,FIFA World Cup,5.46,5.0-6.0 sec,Block,Block,Netherlands,Qatar,D,Ambiguous timestamp/simultaneous event sequence,10,ambiguous,False
3857294_p63_44beab76,3857294,FIFA World Cup,7.921,6.0-8.0 sec,Pass,Pass,Qatar,Qatar,D,Ambiguous timestamp/simultaneous event sequence,12,invalid,False
3857294_p99_7ae1d833,3857294,FIFA World Cup,7.18,6.0-8.0 sec,Interception,Ball Receipt*,Qatar,Qatar,D,Ambiguous timestamp/simultaneous event sequence,16,invalid,False
3857294_p143_202daeef,3857294,FIFA World Cup,7.129,6.0-8.0 sec,Pass,Ball Receipt*,Qatar,Qatar,D,Ambiguous timestamp/simultaneous event sequence,11,invalid,False
3857257_p35_ca2c1bae,3857257,FIFA World Cup,7.334,6.0-8.0 sec,Pass,Pass,Australia,Australia,D,Ambiguous timestamp/simultaneous event sequence,9,invalid,False
3857257_p64_1f9757cc,3857257,FIFA World Cup,7.745,6.0-8.0 sec,Interception,Ball Receipt*,Australia,Australia,D,Ambiguous timestamp/simultaneous event sequence,10,invalid,False
3857257_p91_23671197,3857257,FIFA World Cup,6.119,6.0-8.0 sec,Duel,Pass,Denmark,Denmark,C,Multiple contested events (duels/50-50s) delayed clear possession establishment,8,invalid,False
3857257_p93_5de35293,3857257,FIFA World Cup,6.222,6.0-8.0 sec,Pressure,Interception,Australia,Australia,E,Opponent sustained possession with 4+ actions; genuinely unlinked within 5.0s,5,invalid,False
3857257_p144_19bf1190,3857257,FIFA World Cup,6.55,6.0-8.0 sec,Pass,Pass,Australia,Australia,D,Ambiguous timestamp/simultaneous event sequence,6,invalid,False
3857267_p54_f07d3dbb,3857267,FIFA World Cup,7.63,6.0-8.0 sec,Pressure,Clearance,Ecuador,Ecuador,E,Opponent sustained possession with 4+ actions; genuinely unlinked within 5.0s,5,invalid,False
3857267_p140_8ffedc52,3857267,FIFA World Cup,7.229,6.0-8.0 sec,Duel,Ball Receipt*,Ecuador,Ecuador,C,Multiple contested events (duels/50-50s) delayed clear possession establishment,7,invalid,False
3857267_p142_b7d28701,3857267,FIFA World Cup,5.898,5.0-6.0 sec,Duel,Pass,Ecuador,Ecuador,C,Multiple contested events (duels/50-50s) delayed clear possession establishment,5,ambiguous,False
3857287_p20_5ec7d8f3,3857287,FIFA World Cup,7.973,6.0-8.0 sec,Pressure,Clearance,South Korea,Uruguay,E,Opponent sustained possession with 4+ actions; genuinely unlinked within 5.0s,6,invalid,False
3857287_p35_eb35e3ea,3857287,FIFA World Cup,5.32,5.0-6.0 sec,Duel,Duel,South Korea,South Korea,C,Multiple contested events (duels/50-50s) delayed clear possession establishment,4,ambiguous,False
3857287_p70_4f640d9c,3857287,FIFA World Cup,7.928,6.0-8.0 sec,Interception,Pass,Uruguay,Uruguay,D,Ambiguous timestamp/simultaneous event sequence,12,invalid,False
3857287_p78_5f179317,3857287,FIFA World Cup,7.528,6.0-8.0 sec,Interception,Ball Receipt*,South Korea,South Korea,D,Ambiguous timestamp/simultaneous event sequence,8,invalid,False
3857287_p84_aa5770ae,3857287,FIFA World Cup,7.868,6.0-8.0 sec,Pass,Ball Receipt*,Uruguay,Uruguay,D,Ambiguous timestamp/simultaneous event sequence,17,invalid,False
3857287_p101_c61a46e7,3857287,FIFA World Cup,7.584,6.0-8.0 sec,Interception,Pass,Uruguay,Uruguay,D,Ambiguous timestamp/simultaneous event sequence,9,invalid,False
3857289_p42_c1e07a57,3857289,FIFA World Cup,6.656,6.0-8.0 sec,Pass,Ball Receipt*,Argentina,Argentina,D,Ambiguous timestamp/simultaneous event sequence,11,invalid,False
3857289_p87_964e725b,3857289,FIFA World Cup,6.614,6.0-8.0 sec,Pass,Ball Receipt*,Mexico,Mexico,D,Ambiguous timestamp/simultaneous event sequence,8,invalid,False
3857289_p127_44966f79,3857289,FIFA World Cup,6.455,6.0-8.0 sec,Duel,Duel,Argentina,Argentina,C,Multiple contested events (duels/50-50s) delayed clear possession establishment,6,invalid,False
3869684_p24_fa0daf0e,3869684,FIFA World Cup,5.936,5.0-6.0 sec,Pressure,Interception,Croatia,Morocco,E,Opponent sustained possession with 4+ actions; genuinely unlinked within 5.0s,7,ambiguous,False
3869684_p37_05a4df65,3869684,FIFA World Cup,5.541,5.0-6.0 sec,Pass,Pass,Croatia,Croatia,D,Ambiguous timestamp/simultaneous event sequence,6,ambiguous,False
3869684_p39_42891480,3869684,FIFA World Cup,7.977,6.0-8.0 sec,Duel,Ball Receipt*,Croatia,Croatia,C,Multiple contested events (duels/50-50s) delayed clear possession establishment,10,invalid,False
3869684_p40_0bea5b54,3869684,FIFA World Cup,5.435,5.0-6.0 sec,Block,Goal Keeper,Croatia,Croatia,E,Opponent sustained possession with 4+ actions; genuinely unlinked within 5.0s,9,ambiguous,False
3869684_p117_829465a6,3869684,FIFA World Cup,5.337,5.0-6.0 sec,Pass,Pass,Croatia,Croatia,D,Ambiguous timestamp/simultaneous event sequence,9,invalid,False
3869684_p141_3c7c8117,3869684,FIFA World Cup,6.181,6.0-8.0 sec,Pressure,Interception,Croatia,Morocco,E,Opponent sustained possession with 4+ actions; genuinely unlinked within 5.0s,11,invalid,False
3857264_p46_04ff468e,3857264,FIFA World Cup,7.22,6.0-8.0 sec,Interception,Pass,Poland,Poland,D,Ambiguous timestamp/simultaneous event sequence,9,invalid,False
3857264_p56_d838223c,3857264,FIFA World Cup,6.989,6.0-8.0 sec,Pressure,Clearance,Argentina,Argentina,E,Opponent sustained possession with 4+ actions; genuinely unlinked within 5.0s,5,invalid,False
3857264_p66_faac3d8a,3857264,FIFA World Cup,6.16,6.0-8.0 sec,Duel,Pass,Poland,Poland,C,Multiple contested events (duels/50-50s) delayed clear possession establishment,8,invalid,False
3857264_p122_e72991e0,3857264,FIFA World Cup,6.984,6.0-8.0 sec,Interception,Ball Receipt*,Poland,Poland,D,Ambiguous timestamp/simultaneous event sequence,11,invalid,False
3869118_p5_a8818138,3869118,FIFA World Cup,6.592,6.0-8.0 sec,Interception,Ball Receipt*,England,England,D,Ambiguous timestamp/simultaneous event sequence,7,invalid,False
3869118_p7_98c1d06d,3869118,FIFA World Cup,6.245,6.0-8.0 sec,Interception,Pass,Senegal,Senegal,D,Ambiguous timestamp/simultaneous event sequence,9,invalid,False
3869118_p50_3f181d79,3869118,FIFA World Cup,5.405,5.0-6.0 sec,Pressure,Goal Keeper,Senegal,England,E,Opponent sustained possession with 4+ actions; genuinely unlinked within 5.0s,5,ambiguous,False
3869118_p58_de2677d0,3869118,FIFA World Cup,7.857,6.0-8.0 sec,Pass,Ball Receipt*,Senegal,Senegal,D,Ambiguous timestamp/simultaneous event sequence,11,invalid,False
3869118_p67_78f8fc75,3869118,FIFA World Cup,5.429,5.0-6.0 sec,Pressure,Block,England,England,A,Turnover detector linked to earlier action in chain or pass flight boundary,4,ambiguous,False
3869118_p80_403dbe9d,3869118,FIFA World Cup,6.861,6.0-8.0 sec,Duel,Pass,Senegal,Senegal,C,Multiple contested events (duels/50-50s) delayed clear possession establishment,5,invalid,False
3869118_p133_ee5a1a38,3869118,FIFA World Cup,6.956,6.0-8.0 sec,Duel,Ball Receipt*,Senegal,Senegal,C,Multiple contested events (duels/50-50s) delayed clear possession establishment,7,invalid,False
3869354_p30_112ffc03,3869354,FIFA World Cup,6.42,6.0-8.0 sec,Pressure,Ball Receipt*,France,England,E,Opponent sustained possession with 4+ actions; genuinely unlinked within 5.0s,12,invalid,False
3869354_p42_22779537,3869354,FIFA World Cup,7.687,6.0-8.0 sec,Interception,Ball Receipt*,France,France,D,Ambiguous timestamp/simultaneous event sequence,11,invalid,False
3869354_p84_74b5705d,3869354,FIFA World Cup,7.85,6.0-8.0 sec,Pass,Ball Receipt*,England,England,D,Ambiguous timestamp/simultaneous event sequence,10,invalid,False
3869354_p161_e823cb14,3869354,FIFA World Cup,5.699,5.0-6.0 sec,Pressure,Clearance,England,England,A,Turnover detector linked to earlier action in chain or pass flight boundary,4,ambiguous,False
3869254_p106_eb258abc,3869254,FIFA World Cup,6.979,6.0-8.0 sec,Pass,Pass,Portugal,Portugal,D,Ambiguous timestamp/simultaneous event sequence,10,invalid,False
3869685_p44_aea8f633,3869685,FIFA World Cup,5.14,5.0-6.0 sec,Pass,Pass,Argentina,Argentina,D,Ambiguous timestamp/simultaneous event sequence,8,invalid,False
3869685_p57_07a06513,3869685,FIFA World Cup,5.806,5.0-6.0 sec,Pressure,Duel,France,France,C,Multiple contested events (duels/50-50s) delayed clear possession establishment,6,ambiguous,False
3869685_p84_0bdbee29,3869685,FIFA World Cup,6.029,6.0-8.0 sec,Pass,Pass,Argentina,Argentina,D,Ambiguous timestamp/simultaneous event sequence,6,invalid,False
3869685_p89_ed3d0958,3869685,FIFA World Cup,7.81,6.0-8.0 sec,Dribbled Past,Goal Keeper,Argentina,France,E,Opponent sustained possession with 4+ actions; genuinely unlinked within 5.0s,7,invalid,False
3869685_p92_63e52166,3869685,FIFA World Cup,7.821,6.0-8.0 sec,Pressure,Interception,France,France,A,Turnover detector linked to earlier action in chain or pass flight boundary,4,invalid,False
3869685_p106_e5669f42,3869685,FIFA World Cup,6.607,6.0-8.0 sec,Duel,Ball Receipt*,Argentina,Argentina,C,Multiple contested events (duels/50-50s) delayed clear possession establishment,10,invalid,False
3869685_p137_3793fd52,3869685,FIFA World Cup,6.763,6.0-8.0 sec,Pass,Ball Receipt*,Argentina,Argentina,D,Ambiguous timestamp/simultaneous event sequence,8,invalid,False
3869685_p147_0ab94142,3869685,FIFA World Cup,7.045,6.0-8.0 sec,Pressure,Pass,Argentina,France,E,Opponent sustained possession with 4+ actions; genuinely unlinked within 5.0s,5,invalid,False
3869685_p170_fd589560,3869685,FIFA World Cup,6.104,6.0-8.0 sec,Pressure,Block,Argentina,France,A,Turnover detector linked to earlier action in chain or pass flight boundary,4,invalid,False
3869685_p189_a9e60a52,3869685,FIFA World Cup,6.161,6.0-8.0 sec,Interception,Ball Receipt*,France,France,E,Opponent sustained possession with 4+ actions; genuinely unlinked within 5.0s,6,invalid,False
3869685_p215_6510d101,3869685,FIFA World Cup,7.452,6.0-8.0 sec,Pressure,Block,Argentina,Argentina,E,Opponent sustained possession with 4+ actions; genuinely unlinked within 5.0s,7,invalid,False
3869685_p246_29e57cc0,3869685,FIFA World Cup,5.019,5.0-6.0 sec,Pressure,Goal Keeper,France,Argentina,E,Opponent sustained possession with 4+ actions; genuinely unlinked within 5.0s,7,ambiguous,False
3869151_p94_9711c35f,3869151,FIFA World Cup,5.192,5.0-6.0 sec,Pressure,Clearance,Australia,Argentina,A,Turnover detector linked to earlier action in chain or pass flight boundary,4,ambiguous,False
3869151_p140_de7ab7df,3869151,FIFA World Cup,7.087,6.0-8.0 sec,Dribbled Past,Interception,Australia,Argentina,A,Turnover detector linked to earlier action in chain or pass flight boundary,4,invalid,False
3869151_p146_7ef3eeaf,3869151,FIFA World Cup,6.087,6.0-8.0 sec,Interception,Ball Receipt*,Argentina,Argentina,D,Ambiguous timestamp/simultaneous event sequence,8,invalid,False
3869552_p13_e7be2938,3869552,FIFA World Cup,7.077,6.0-8.0 sec,Pass,Ball Receipt*,Morocco,Morocco,D,Ambiguous timestamp/simultaneous event sequence,10,invalid,False
3869552_p21_e293ba2c,3869552,FIFA World Cup,5.07,5.0-6.0 sec,Pressure,Clearance,Morocco,France,A,Turnover detector linked to earlier action in chain or pass flight boundary,4,ambiguous,False
3869552_p44_cb9ca1a6,3869552,FIFA World Cup,7.446,6.0-8.0 sec,Interception,Ball Receipt*,France,France,D,Ambiguous timestamp/simultaneous event sequence,8,invalid,False
3869552_p83_c1ba4403,3869552,FIFA World Cup,5.399,5.0-6.0 sec,Block,Interception,Morocco,Morocco,E,Opponent sustained possession with 4+ actions; genuinely unlinked within 5.0s,7,ambiguous,False
3869552_p94_005c32f4,3869552,FIFA World Cup,6.684,6.0-8.0 sec,Interception,Ball Receipt*,France,France,D,Ambiguous timestamp/simultaneous event sequence,8,invalid,False
3869552_p135_3e23dc8e,3869552,FIFA World Cup,6.478,6.0-8.0 sec,Pressure,Duel,France,Morocco,C,Multiple contested events (duels/50-50s) delayed clear possession establishment,5,invalid,False
3857260_p8_b875f010,3857260,FIFA World Cup,6.915,6.0-8.0 sec,Pressure,Goal Keeper,Mexico,Mexico,A,Turnover detector linked to earlier action in chain or pass flight boundary,4,invalid,False
3857260_p69_10f48d0e,3857260,FIFA World Cup,6.248,6.0-8.0 sec,Interception,Pass,Saudi Arabia,Saudi Arabia,D,Ambiguous timestamp/simultaneous event sequence,9,invalid,False
3857260_p110_f8a43ab9,3857260,FIFA World Cup,5.45,5.0-6.0 sec,Pass,Pass,Saudi Arabia,Saudi Arabia,D,Ambiguous timestamp/simultaneous event sequence,6,invalid,False
3857260_p117_c0d1dce8,3857260,FIFA World Cup,5.935,5.0-6.0 sec,Interception,Ball Recovery,Mexico,Mexico,D,Ambiguous timestamp/simultaneous event sequence,8,ambiguous,False
3857260_p160_936cec88,3857260,FIFA World Cup,5.732,5.0-6.0 sec,Pass,Ball Receipt*,Mexico,Mexico,D,Ambiguous timestamp/simultaneous event sequence,8,invalid,False
3857288_p21_fe94ac90,3857288,FIFA World Cup,5.908,5.0-6.0 sec,Interception,Ball Recovery,Tunisia,Tunisia,D,Ambiguous timestamp/simultaneous event sequence,8,ambiguous,False
3857288_p105_8a973b15,3857288,FIFA World Cup,7.404,6.0-8.0 sec,Interception,Ball Recovery,Tunisia,Tunisia,D,Ambiguous timestamp/simultaneous event sequence,11,invalid,False
3857288_p121_da53676d,3857288,FIFA World Cup,5.033,5.0-6.0 sec,Interception,Block,Australia,Tunisia,D,Ambiguous timestamp/simultaneous event sequence,6,ambiguous,False
3857288_p153_33aec303,3857288,FIFA World Cup,5.319,5.0-6.0 sec,Block,50/50,Australia,Tunisia,C,Multiple contested events (duels/50-50s) delayed clear possession establishment,11,ambiguous,False
3857288_p171_523051a1,3857288,FIFA World Cup,5.143,5.0-6.0 sec,Pressure,Block,Tunisia,Australia,E,Opponent sustained possession with 4+ actions; genuinely unlinked within 5.0s,5,ambiguous,False
3857288_p180_2ac8b88f,3857288,FIFA World Cup,7.102,6.0-8.0 sec,Interception,Ball Receipt*,Australia,Australia,D,Ambiguous timestamp/simultaneous event sequence,8,invalid,False
3857288_p184_140128ec,3857288,FIFA World Cup,6.467,6.0-8.0 sec,Pressure,Block,Tunisia,Australia,E,Opponent sustained possession with 4+ actions; genuinely unlinked within 5.0s,5,invalid,False
3857259_p14_f8df6e85,3857259,FIFA World Cup,5.846,5.0-6.0 sec,Duel,Pass,Serbia,Serbia,C,Multiple contested events (duels/50-50s) delayed clear possession establishment,5,invalid,False
3857259_p20_9d2dfe62,3857259,FIFA World Cup,5.292,5.0-6.0 sec,Pressure,Clearance,Serbia,Cameroon,A,Turnover detector linked to earlier action in chain or pass flight boundary,4,ambiguous,False
3857259_p55_ac7b7601,3857259,FIFA World Cup,5.109,5.0-6.0 sec,Pass,Pass,Serbia,Serbia,D,Ambiguous timestamp/simultaneous event sequence,12,ambiguous,False
3857259_p62_4dbd2623,3857259,FIFA World Cup,6.098,6.0-8.0 sec,Pressure,Clearance,Cameroon,Serbia,E,Opponent sustained possession with 4+ actions; genuinely unlinked within 5.0s,5,invalid,False
3857259_p101_60e068fa,3857259,FIFA World Cup,6.505,6.0-8.0 sec,Pass,Interception,Cameroon,Cameroon,D,Ambiguous timestamp/simultaneous event sequence,9,invalid,False
3857259_p117_2526d526,3857259,FIFA World Cup,5.275,5.0-6.0 sec,Pressure,Block,Serbia,Cameroon,E,Opponent sustained possession with 4+ actions; genuinely unlinked within 5.0s,5,ambiguous,False
3857259_p128_6ce3f228,3857259,FIFA World Cup,6.251,6.0-8.0 sec,Interception,Pass,Cameroon,Cameroon,D,Ambiguous timestamp/simultaneous event sequence,12,invalid,False
3857259_p147_5cae4cb8,3857259,FIFA World Cup,5.399,5.0-6.0 sec,Pressure,Duel,Cameroon,Cameroon,C,Multiple contested events (duels/50-50s) delayed clear possession establishment,5,ambiguous,False
3857259_p160_a986f86d,3857259,FIFA World Cup,5.796,5.0-6.0 sec,Pressure,Goal Keeper,Cameroon,Serbia,E,Opponent sustained possession with 4+ actions; genuinely unlinked within 5.0s,6,ambiguous,False
3857259_p174_e4f9b521,3857259,FIFA World Cup,7.486,6.0-8.0 sec,Interception,Goal Keeper,Cameroon,Serbia,D,Ambiguous timestamp/simultaneous event sequence,7,invalid,False
3869152_p27_37b7ddd6,3869152,FIFA World Cup,5.468,5.0-6.0 sec,Pressure,Duel,France,France,C,Multiple contested events (duels/50-50s) delayed clear possession establishment,4,ambiguous,False
3869152_p40_fa4eab0b,3869152,FIFA World Cup,7.207,6.0-8.0 sec,Pass,Ball Receipt*,Poland,Poland,D,Ambiguous timestamp/simultaneous event sequence,8,invalid,False
3869152_p43_c9150a5b,3869152,FIFA World Cup,7.196,6.0-8.0 sec,Pass,Ball Receipt*,France,France,D,Ambiguous timestamp/simultaneous event sequence,10,invalid,False
3869152_p57_b188eac1,3869152,FIFA World Cup,5.328,5.0-6.0 sec,Interception,Pass,Poland,Poland,D,Ambiguous timestamp/simultaneous event sequence,9,invalid,False
3869152_p107_c3bf2135,3869152,FIFA World Cup,7.423,6.0-8.0 sec,Pressure,Clearance,Poland,France,E,Opponent sustained possession with 4+ actions; genuinely unlinked within 5.0s,6,invalid,False
3869152_p129_bf904a67,3869152,FIFA World Cup,6.77,6.0-8.0 sec,Pressure,Ball Recovery,France,France,E,Opponent sustained possession with 4+ actions; genuinely unlinked within 5.0s,6,invalid,False
3869152_p139_631705dd,3869152,FIFA World Cup,6.517,6.0-8.0 sec,Pass,Pass,France,France,E,Opponent sustained possession with 4+ actions; genuinely unlinked within 5.0s,5,invalid,False
3869420_p11_09229e95,3869420,FIFA World Cup,7.74,6.0-8.0 sec,Pass,Ball Receipt*,Brazil,Croatia,D,Ambiguous timestamp/simultaneous event sequence,4,invalid,False
3869420_p31_41042f26,3869420,FIFA World Cup,6.092,6.0-8.0 sec,Pressure,Clearance,Croatia,Brazil,E,Opponent sustained possession with 4+ actions; genuinely unlinked within 5.0s,5,invalid,False
3869420_p64_a450be40,3869420,FIFA World Cup,6.168,6.0-8.0 sec,Pressure,Ball Recovery,Croatia,Croatia,E,Opponent sustained possession with 4+ actions; genuinely unlinked within 5.0s,6,invalid,False
3869420_p65_9055b830,3869420,FIFA World Cup,7.417,6.0-8.0 sec,Pass,Ball Receipt*,Brazil,Brazil,D,Ambiguous timestamp/simultaneous event sequence,11,invalid,False
3869420_p81_38006fdb,3869420,FIFA World Cup,6.846,6.0-8.0 sec,Pressure,Ball Receipt*,Brazil,Croatia,E,Opponent sustained possession with 4+ actions; genuinely unlinked within 5.0s,9,invalid,False
3869420_p99_e69392ac,3869420,FIFA World Cup,6.56,6.0-8.0 sec,Pressure,Duel,Croatia,Brazil,C,Multiple contested events (duels/50-50s) delayed clear possession establishment,3,invalid,False
3869420_p108_13a83c4c,3869420,FIFA World Cup,6.124,6.0-8.0 sec,Pass,Ball Receipt*,Brazil,Brazil,D,Ambiguous timestamp/simultaneous event sequence,8,invalid,False
3869420_p109_cd46b9fe,3869420,FIFA World Cup,6.416,6.0-8.0 sec,Duel,Interception,Brazil,Brazil,C,Multiple contested events (duels/50-50s) delayed clear possession establishment,7,invalid,False
3869420_p126_b436c9a4,3869420,FIFA World Cup,5.245,5.0-6.0 sec,Pressure,Block,Brazil,Brazil,E,Opponent sustained possession with 4+ actions; genuinely unlinked within 5.0s,6,ambiguous,False
3869420_p153_11bdf050,3869420,FIFA World Cup,7.486,6.0-8.0 sec,Pressure,Pass,Brazil,Croatia,E,Opponent sustained possession with 4+ actions; genuinely unlinked within 5.0s,6,invalid,False
3869420_p156_ba609ebb,3869420,FIFA World Cup,7.56,6.0-8.0 sec,Pressure,Ball Receipt*,Brazil,Croatia,E,Opponent sustained possession with 4+ actions; genuinely unlinked within 5.0s,6,invalid,False
3869420_p173_69c19cc2,3869420,FIFA World Cup,7.226,6.0-8.0 sec,Duel,Ball Receipt*,Croatia,Croatia,C,Multiple contested events (duels/50-50s) delayed clear possession establishment,10,invalid,False
3869420_p180_9bc041bf,3869420,FIFA World Cup,7.623,6.0-8.0 sec,Interception,Ball Receipt*,Croatia,Croatia,D,Ambiguous timestamp/simultaneous event sequence,8,invalid,False
3869420_p182_40ad90a8,3869420,FIFA World Cup,7.205,6.0-8.0 sec,Pressure,Block,Croatia,Brazil,E,Opponent sustained possession with 4+ actions; genuinely unlinked within 5.0s,6,invalid,False
3869420_p212_b0f1c8ee,3869420,FIFA World Cup,7.939,6.0-8.0 sec,Pressure,Ball Receipt*,Brazil,Croatia,E,Opponent sustained possession with 4+ actions; genuinely unlinked within 5.0s,6,invalid,False
3869420_p216_c1e0bc6a,3869420,FIFA World Cup,6.22,6.0-8.0 sec,Pressure,Pass,Brazil,Croatia,E,Opponent sustained possession with 4+ actions; genuinely unlinked within 5.0s,13,invalid,False
3869420_p220_750697ea,3869420,FIFA World Cup,7.752,6.0-8.0 sec,Block,Ball Receipt*,Brazil,Croatia,E,Opponent sustained possession with 4+ actions; genuinely unlinked within 5.0s,10,invalid,False
3869420_p234_a82e1284,3869420,FIFA World Cup,5.062,5.0-6.0 sec,Pressure,Duel,Croatia,Croatia,C,Multiple contested events (duels/50-50s) delayed clear possession establishment,5,ambiguous,False
3869420_p247_aa245e0e,3869420,FIFA World Cup,5.333,5.0-6.0 sec,Block,Pass,Brazil,Brazil,E,Opponent sustained possession with 4+ actions; genuinely unlinked within 5.0s,7,invalid,False
3857270_p46_c6b3cafc,3857270,FIFA World Cup,7.22,6.0-8.0 sec,Pass,Pass,Uruguay,Uruguay,E,Opponent sustained possession with 4+ actions; genuinely unlinked within 5.0s,12,invalid,False
3857270_p53_bca96610,3857270,FIFA World Cup,5.482,5.0-6.0 sec,Pass,Pass,Uruguay,Uruguay,E,Opponent sustained possession with 4+ actions; genuinely unlinked within 5.0s,8,invalid,False
3857270_p68_fdae0c17,3857270,FIFA World Cup,7.894,6.0-8.0 sec,Pass,Pass,Uruguay,Uruguay,E,Opponent sustained possession with 4+ actions; genuinely unlinked within 5.0s,8,invalid,False
3857270_p93_7be11d34,3857270,FIFA World Cup,6.058,6.0-8.0 sec,Interception,Pass,Uruguay,Uruguay,D,Ambiguous timestamp/simultaneous event sequence,12,invalid,False
3857270_p103_57d1db6a,3857270,FIFA World Cup,7.529,6.0-8.0 sec,Pass,Pass,Uruguay,Uruguay,D,Ambiguous timestamp/simultaneous event sequence,10,invalid,False
3857270_p163_a7cceaf3,3857270,FIFA World Cup,6.719,6.0-8.0 sec,Duel,Pass,Portugal,Portugal,C,Multiple contested events (duels/50-50s) delayed clear possession establishment,11,invalid,False
3857270_p173_537cd275,3857270,FIFA World Cup,5.002,5.0-6.0 sec,Interception,Pass,Portugal,Portugal,D,Ambiguous timestamp/simultaneous event sequence,5,invalid,False
3869253_p11_3ee92749,3869253,FIFA World Cup,7.456,6.0-8.0 sec,Interception,Pass,South Korea,South Korea,D,Ambiguous timestamp/simultaneous event sequence,12,invalid,False
3869253_p57_f34a87b6,3869253,FIFA World Cup,6.181,6.0-8.0 sec,Duel,Pass,Brazil,Brazil,C,Multiple contested events (duels/50-50s) delayed clear possession establishment,8,invalid,False
3869253_p91_78811429,3869253,FIFA World Cup,7.596,6.0-8.0 sec,Pressure,Ball Receipt*,Brazil,South Korea,E,Opponent sustained possession with 4+ actions; genuinely unlinked within 5.0s,10,invalid,False
3869253_p97_88b71f01,3869253,FIFA World Cup,6.386,6.0-8.0 sec,Interception,Ball Receipt*,Brazil,Brazil,D,Ambiguous timestamp/simultaneous event sequence,8,invalid,False
3869253_p106_9c4eab8b,3869253,FIFA World Cup,6.584,6.0-8.0 sec,Pressure,Block,South Korea,Brazil,E,Opponent sustained possession with 4+ actions; genuinely unlinked within 5.0s,5,invalid,False
3869253_p109_736dd4e6,3869253,FIFA World Cup,7.292,6.0-8.0 sec,Pressure,Block,Brazil,South Korea,E,Opponent sustained possession with 4+ actions; genuinely unlinked within 5.0s,9,invalid,False
3869253_p120_83dcb2fd,3869253,FIFA World Cup,7.934,6.0-8.0 sec,Pass,Ball Receipt*,Brazil,Brazil,D,Ambiguous timestamp/simultaneous event sequence,12,invalid,False
3869253_p122_ca5f4c01,3869253,FIFA World Cup,5.434,5.0-6.0 sec,Pressure,Pass,South Korea,South Korea,A,Turnover detector linked to earlier action in chain or pass flight boundary,4,ambiguous,False
3869253_p163_87b554af,3869253,FIFA World Cup,7.485,6.0-8.0 sec,Pass,Pass,Brazil,Brazil,D,Ambiguous timestamp/simultaneous event sequence,11,invalid,False
3869219_p32_a629ac54,3869219,FIFA World Cup,6.153,6.0-8.0 sec,Pressure,Block,Japan,Croatia,E,Opponent sustained possession with 4+ actions; genuinely unlinked within 5.0s,6,invalid,False
3869219_p44_9f39f71e,3869219,FIFA World Cup,7.525,6.0-8.0 sec,Pass,Ball Receipt*,Croatia,Croatia,D,Ambiguous timestamp/simultaneous event sequence,8,invalid,False
3869219_p48_5703dd2e,3869219,FIFA World Cup,7.519,6.0-8.0 sec,Pass,Pass,Japan,Japan,E,Opponent sustained possession with 4+ actions; genuinely unlinked within 5.0s,9,invalid,False
3869219_p127_38207786,3869219,FIFA World Cup,5.997,5.0-6.0 sec,Block,Duel,Japan,Japan,C,Multiple contested events (duels/50-50s) delayed clear possession establishment,5,ambiguous,False
3869219_p133_6b26e65d,3869219,FIFA World Cup,5.381,5.0-6.0 sec,Interception,Pass,Croatia,Croatia,D,Ambiguous timestamp/simultaneous event sequence,6,ambiguous,False
3869219_p145_cd77b321,3869219,FIFA World Cup,5.133,5.0-6.0 sec,Pressure,Clearance,Japan,Croatia,E,Opponent sustained possession with 4+ actions; genuinely unlinked within 5.0s,12,ambiguous,False
3869219_p163_7e007690,3869219,FIFA World Cup,6.16,6.0-8.0 sec,Pass,Pass,Croatia,Croatia,D,Ambiguous timestamp/simultaneous event sequence,6,invalid,False
3869219_p190_2ffebe2c,3869219,FIFA World Cup,6.313,6.0-8.0 sec,Pass,Pass,Croatia,Croatia,D,Ambiguous timestamp/simultaneous event sequence,9,invalid,False
3869219_p205_a4032033,3869219,FIFA World Cup,6.681,6.0-8.0 sec,Pressure,Goal Keeper,Croatia,Japan,E,Opponent sustained possession with 4+ actions; genuinely unlinked within 5.0s,5,invalid,False
3869219_p213_f19df977,3869219,FIFA World Cup,7.247,6.0-8.0 sec,Pressure,Ball Receipt*,Croatia,Japan,E,Opponent sustained possession with 4+ actions; genuinely unlinked within 5.0s,12,invalid,False
3869519_p32_626167ab,3869519,FIFA World Cup,5.009,5.0-6.0 sec,Interception,Pass,Argentina,Argentina,D,Ambiguous timestamp/simultaneous event sequence,9,ambiguous,False
3869519_p138_3cbeb7ea,3869519,FIFA World Cup,5.552,5.0-6.0 sec,Interception,Pass,Croatia,Croatia,D,Ambiguous timestamp/simultaneous event sequence,9,ambiguous,False
3869519_p168_9f693f53,3869519,FIFA World Cup,7.464,6.0-8.0 sec,Pressure,Ball Receipt*,Croatia,Argentina,E,Opponent sustained possession with 4+ actions; genuinely unlinked within 5.0s,14,invalid,False
3869519_p171_05035614,3869519,FIFA World Cup,5.307,5.0-6.0 sec,Pressure,Foul Won,Croatia,Argentina,E,Opponent sustained possession with 4+ actions; genuinely unlinked within 5.0s,10,ambiguous,False
3869220_p32_afa51098,3869220,FIFA World Cup,5.087,5.0-6.0 sec,Pass,Pass,Spain,Spain,D,Ambiguous timestamp/simultaneous event sequence,6,ambiguous,False
3869220_p68_107c5454,3869220,FIFA World Cup,7.012,6.0-8.0 sec,Pass,Ball Receipt*,Morocco,Morocco,D,Ambiguous timestamp/simultaneous event sequence,11,invalid,False
3869220_p79_329f381c,3869220,FIFA World Cup,5.148,5.0-6.0 sec,Pressure,Interception,Spain,Morocco,E,Opponent sustained possession with 4+ actions; genuinely unlinked within 5.0s,12,ambiguous,False
3869220_p114_769ec5c9,3869220,FIFA World Cup,6.334,6.0-8.0 sec,Pressure,Clearance,Spain,Morocco,E,Opponent sustained possession with 4+ actions; genuinely unlinked within 5.0s,5,invalid,False
3869220_p125_afc96e5e,3869220,FIFA World Cup,6.269,6.0-8.0 sec,Pressure,Duel,Morocco,Morocco,C,Multiple contested events (duels/50-50s) delayed clear possession establishment,7,invalid,False
3869220_p128_b78a2559,3869220,FIFA World Cup,5.807,5.0-6.0 sec,Interception,Pass,Spain,Spain,E,Opponent sustained possession with 4+ actions; genuinely unlinked within 5.0s,8,ambiguous,False
3869220_p130_9c3984af,3869220,FIFA World Cup,6.112,6.0-8.0 sec,Pass,Pass,Spain,Spain,D,Ambiguous timestamp/simultaneous event sequence,9,invalid,False
3869220_p162_565e42ef,3869220,FIFA World Cup,7.28,6.0-8.0 sec,Interception,Pass,Morocco,Morocco,D,Ambiguous timestamp/simultaneous event sequence,9,invalid,False
3869220_p175_9ad9955a,3869220,FIFA World Cup,5.684,5.0-6.0 sec,Duel,Pass,Morocco,Morocco,C,Multiple contested events (duels/50-50s) delayed clear possession establishment,8,invalid,False
3869220_p180_4a8bfcf9,3869220,FIFA World Cup,5.159,5.0-6.0 sec,Interception,Pass,Morocco,Morocco,D,Ambiguous timestamp/simultaneous event sequence,8,invalid,False
3857286_p22_20d9ddb9,3857286,FIFA World Cup,6.738,6.0-8.0 sec,Pass,Ball Receipt*,Ecuador,Ecuador,D,Ambiguous timestamp/simultaneous event sequence,8,invalid,False
3857286_p24_9dd4b725,3857286,FIFA World Cup,6.816,6.0-8.0 sec,Pass,Ball Receipt*,Ecuador,Ecuador,D,Ambiguous timestamp/simultaneous event sequence,8,invalid,False
3857286_p88_b1dd5470,3857286,FIFA World Cup,6.048,6.0-8.0 sec,Interception,Foul Won,Qatar,Qatar,D,Ambiguous timestamp/simultaneous event sequence,8,invalid,False
3857286_p125_4c9769fd,3857286,FIFA World Cup,7.197,6.0-8.0 sec,Pressure,Block,Ecuador,Qatar,E,Opponent sustained possession with 4+ actions; genuinely unlinked within 5.0s,7,invalid,False
3857293_p105_86488b0b,3857293,FIFA World Cup,7.451,6.0-8.0 sec,Duel,Pass,Uruguay,Uruguay,C,Multiple contested events (duels/50-50s) delayed clear possession establishment,8,invalid,False
3857293_p133_8f4010a0,3857293,FIFA World Cup,5.153,5.0-6.0 sec,Pressure,Pass,Ghana,Ghana,B,StatsBomb possession indexing retained pressing team despite brief contestation,3,invalid,False
3857293_p180_a0528fc6,3857293,FIFA World Cup,6.059,6.0-8.0 sec,Interception,Interception,Uruguay,Uruguay,D,Ambiguous timestamp/simultaneous event sequence,11,invalid,False
3857283_p20_16c01294,3857283,FIFA World Cup,6.076,6.0-8.0 sec,Pass,Pass,Belgium,Belgium,D,Ambiguous timestamp/simultaneous event sequence,12,invalid,False
3857283_p32_008929f4,3857283,FIFA World Cup,5.414,5.0-6.0 sec,Duel,Pass,Belgium,Belgium,C,Multiple contested events (duels/50-50s) delayed clear possession establishment,5,invalid,False
3857283_p52_acb51e7b,3857283,FIFA World Cup,7.444,6.0-8.0 sec,Pass,Ball Receipt*,Belgium,Belgium,D,Ambiguous timestamp/simultaneous event sequence,14,invalid,False
3857283_p86_497c0cfe,3857283,FIFA World Cup,7.391,6.0-8.0 sec,Interception,Pass,Morocco,Morocco,D,Ambiguous timestamp/simultaneous event sequence,9,invalid,False
3857283_p93_a2ef4aaf,3857283,FIFA World Cup,6.318,6.0-8.0 sec,Pass,Pass,Belgium,Belgium,D,Ambiguous timestamp/simultaneous event sequence,8,invalid,False
3857283_p97_da894dbd,3857283,FIFA World Cup,5.577,5.0-6.0 sec,Pressure,Block,Belgium,Morocco,E,Opponent sustained possession with 4+ actions; genuinely unlinked within 5.0s,6,ambiguous,False
3857283_p122_0e67ef08,3857283,FIFA World Cup,5.326,5.0-6.0 sec,Pressure,Interception,Belgium,Morocco,E,Opponent sustained possession with 4+ actions; genuinely unlinked within 5.0s,6,ambiguous,False
3857263_p14_9d37f89b,3857263,FIFA World Cup,5.753,5.0-6.0 sec,Pressure,Clearance,Spain,Germany,A,Turnover detector linked to earlier action in chain or pass flight boundary,4,ambiguous,False
3857263_p23_f03bc636,3857263,FIFA World Cup,7.382,6.0-8.0 sec,Duel,Pass,Germany,Germany,C,Multiple contested events (duels/50-50s) delayed clear possession establishment,8,invalid,False
3857263_p59_ded159d4,3857263,FIFA World Cup,5.372,5.0-6.0 sec,Interception,Pass,Germany,Germany,D,Ambiguous timestamp/simultaneous event sequence,6,invalid,False
3857263_p99_c5596d22,3857263,FIFA World Cup,6.697,6.0-8.0 sec,Pass,Pass,Germany,Germany,D,Ambiguous timestamp/simultaneous event sequence,9,invalid,False
3857263_p149_82afe530,3857263,FIFA World Cup,7.841,6.0-8.0 sec,Pass,Ball Receipt*,Germany,Germany,D,Ambiguous timestamp/simultaneous event sequence,14,invalid,False
3857263_p151_a329fecf,3857263,FIFA World Cup,7.08,6.0-8.0 sec,Pass,Pass,Germany,Germany,E,Opponent sustained possession with 4+ actions; genuinely unlinked within 5.0s,10,invalid,False
3857263_p157_bfd09d85,3857263,FIFA World Cup,5.834,5.0-6.0 sec,Duel,Pass,Spain,Spain,C,Multiple contested events (duels/50-50s) delayed clear possession establishment,11,invalid,False
3869117_p35_2fe20620,3869117,FIFA World Cup,7.803,6.0-8.0 sec,Interception,Ball Recovery,United States,United States,D,Ambiguous timestamp/simultaneous event sequence,8,invalid,False
3869117_p88_03b2ac5a,3869117,FIFA World Cup,5.74,5.0-6.0 sec,Pressure,Clearance,Netherlands,Netherlands,E,Opponent sustained possession with 4+ actions; genuinely unlinked within 5.0s,5,ambiguous,False
3869117_p93_642bb1d4,3869117,FIFA World Cup,5.42,5.0-6.0 sec,Pass,Dribble,United States,United States,D,Ambiguous timestamp/simultaneous event sequence,8,ambiguous,False
3869117_p99_ae8557ea,3869117,FIFA World Cup,5.285,5.0-6.0 sec,Duel,Clearance,United States,Netherlands,C,Multiple contested events (duels/50-50s) delayed clear possession establishment,5,ambiguous,False
3773565_p16_003d2a20,3773565,La Liga,5.967,5.0-6.0 sec,Pass,Pass,Granada,Granada,D,Ambiguous timestamp/simultaneous event sequence,6,invalid,False
3773565_p41_d917d569,3773565,La Liga,5.612,5.0-6.0 sec,Duel,Pass,Granada,Granada,C,Multiple contested events (duels/50-50s) delayed clear possession establishment,5,invalid,False
3773565_p55_c65cc0b5,3773565,La Liga,7.356,6.0-8.0 sec,Pass,Pass,Granada,Granada,D,Ambiguous timestamp/simultaneous event sequence,12,invalid,False
3773565_p83_85871bf5,3773565,La Liga,5.582,5.0-6.0 sec,Interception,Pass,Granada,Granada,D,Ambiguous timestamp/simultaneous event sequence,11,invalid,False
3773565_p109_a27690e4,3773565,La Liga,6.225,6.0-8.0 sec,Pressure,Interception,Granada,Barcelona,E,Opponent sustained possession with 4+ actions; genuinely unlinked within 5.0s,10,invalid,False
3773565_p120_f38245e0,3773565,La Liga,5.178,5.0-6.0 sec,Pass,Interception,Barcelona,Barcelona,D,Ambiguous timestamp/simultaneous event sequence,6,ambiguous,False
3857300_p12_b507749b,3857300,FIFA World Cup,6.397,6.0-8.0 sec,Interception,Pass,Argentina,Argentina,D,Ambiguous timestamp/simultaneous event sequence,6,invalid,False
3857300_p24_3294b7de,3857300,FIFA World Cup,5.488,5.0-6.0 sec,Interception,Pass,Saudi Arabia,Saudi Arabia,E,Opponent sustained possession with 4+ actions; genuinely unlinked within 5.0s,5,ambiguous,False
3857300_p53_81f557ef,3857300,FIFA World Cup,7.922,6.0-8.0 sec,Pass,Pass,Argentina,Argentina,D,Ambiguous timestamp/simultaneous event sequence,12,invalid,False
3857300_p72_fd963b03,3857300,FIFA World Cup,5.53,5.0-6.0 sec,Pressure,Block,Saudi Arabia,Argentina,E,Opponent sustained possession with 4+ actions; genuinely unlinked within 5.0s,10,ambiguous,False
3857300_p73_8a967e95,3857300,FIFA World Cup,7.688,6.0-8.0 sec,Interception,Ball Receipt*,Saudi Arabia,Saudi Arabia,D,Ambiguous timestamp/simultaneous event sequence,10,invalid,False
3857291_p58_0e09bcad,3857291,FIFA World Cup,6.023,6.0-8.0 sec,Pressure,Clearance,Spain,Costa Rica,A,Turnover detector linked to earlier action in chain or pass flight boundary,4,invalid,False
3857291_p99_547461c2,3857291,FIFA World Cup,7.512,6.0-8.0 sec,Pass,Ball Receipt*,Costa Rica,Costa Rica,D,Ambiguous timestamp/simultaneous event sequence,11,invalid,False
3857291_p103_bdee9077,3857291,FIFA World Cup,7.78,6.0-8.0 sec,Pressure,Goal Keeper,Spain,Costa Rica,E,Opponent sustained possession with 4+ actions; genuinely unlinked within 5.0s,5,invalid,False
3857291_p109_6229b4f0,3857291,FIFA World Cup,6.702,6.0-8.0 sec,Interception,Ball Receipt*,Costa Rica,Costa Rica,D,Ambiguous timestamp/simultaneous event sequence,8,invalid,False
3857291_p110_fb971634,3857291,FIFA World Cup,6.841,6.0-8.0 sec,Duel,Pass,Spain,Spain,C,Multiple contested events (duels/50-50s) delayed clear possession establishment,8,invalid,False
3857291_p117_84dd946d,3857291,FIFA World Cup,5.464,5.0-6.0 sec,Pressure,Clearance,Spain,Costa Rica,A,Turnover detector linked to earlier action in chain or pass flight boundary,3,ambiguous,False
3857280_p17_06238f57,3857280,FIFA World Cup,6.62,6.0-8.0 sec,Interception,Ball Receipt*,Brazil,Brazil,D,Ambiguous timestamp/simultaneous event sequence,8,invalid,False
3857280_p31_8d5cdff1,3857280,FIFA World Cup,7.517,6.0-8.0 sec,Pressure,Goal Keeper,Cameroon,Cameroon,A,Turnover detector linked to earlier action in chain or pass flight boundary,4,invalid,False
3857280_p105_9936c2c0,3857280,FIFA World Cup,7.375,6.0-8.0 sec,Pressure,Block,Cameroon,Cameroon,E,Opponent sustained possession with 4+ actions; genuinely unlinked within 5.0s,7,invalid,False
3857280_p113_f9bbf9b9,3857280,FIFA World Cup,5.39,5.0-6.0 sec,Pressure,Clearance,Cameroon,Brazil,A,Turnover detector linked to earlier action in chain or pass flight boundary,4,ambiguous,False
3857280_p116_ac9ec134,3857280,FIFA World Cup,7.615,6.0-8.0 sec,Duel,Pass,Brazil,Brazil,C,Multiple contested events (duels/50-50s) delayed clear possession establishment,8,invalid,False
3857262_p83_5524a191,3857262,FIFA World Cup,7.363,6.0-8.0 sec,Pressure,Pass,Portugal,Portugal,E,Opponent sustained possession with 4+ actions; genuinely unlinked within 5.0s,11,invalid,False
3857262_p85_3034c964,3857262,FIFA World Cup,7.131,6.0-8.0 sec,Interception,Ball Receipt*,South Korea,South Korea,D,Ambiguous timestamp/simultaneous event sequence,7,invalid,False
3857262_p100_b64f8ce5,3857262,FIFA World Cup,7.635,6.0-8.0 sec,Pressure,Duel,South Korea,Portugal,C,Multiple contested events (duels/50-50s) delayed clear possession establishment,7,invalid,False
3857262_p124_8a538935,3857262,FIFA World Cup,6.085,6.0-8.0 sec,Pressure,Block,Portugal,South Korea,E,Opponent sustained possession with 4+ actions; genuinely unlinked within 5.0s,6,invalid,False
3773386_p13_c17ac04f,3773386,La Liga,5.774,5.0-6.0 sec,Pressure,Pass,Barcelona,Barcelona,B,StatsBomb possession indexing retained pressing team despite brief contestation,3,invalid,False
3773386_p24_66f5fe0d,3773386,La Liga,7.937,6.0-8.0 sec,Duel,Pass,Deportivo Alavés,Deportivo Alavés,C,Multiple contested events (duels/50-50s) delayed clear possession establishment,10,invalid,False
3773386_p71_d0176810,3773386,La Liga,7.734,6.0-8.0 sec,Interception,Pass,Deportivo Alavés,Deportivo Alavés,D,Ambiguous timestamp/simultaneous event sequence,14,invalid,False
3857279_p32_693cac0e,3857279,FIFA World Cup,5.8,5.0-6.0 sec,Block,Ball Recovery,France,France,E,Opponent sustained possession with 4+ actions; genuinely unlinked within 5.0s,7,ambiguous,False
3857279_p71_60f0ae4a,3857279,FIFA World Cup,5.814,5.0-6.0 sec,Pressure,Pass,Australia,Australia,B,StatsBomb possession indexing retained pressing team despite brief contestation,2,ambiguous,False
3857279_p110_f534694d,3857279,FIFA World Cup,6.084,6.0-8.0 sec,Block,Pass,France,France,E,Opponent sustained possession with 4+ actions; genuinely unlinked within 5.0s,5,invalid,False
3857279_p135_c89f8d35,3857279,FIFA World Cup,6.146,6.0-8.0 sec,Interception,Interception,France,France,D,Ambiguous timestamp/simultaneous event sequence,7,invalid,False
3773457_p9_69857601,3773457,La Liga,7.418,6.0-8.0 sec,Pass,Pass,Celta Vigo,Celta Vigo,D,Ambiguous timestamp/simultaneous event sequence,10,invalid,False
3773457_p53_f23194e2,3773457,La Liga,7.387,6.0-8.0 sec,Interception,Pass,Celta Vigo,Celta Vigo,D,Ambiguous timestamp/simultaneous event sequence,9,invalid,False
3773457_p119_a9916add,3773457,La Liga,7.038,6.0-8.0 sec,Duel,Pass,Celta Vigo,Celta Vigo,C,Multiple contested events (duels/50-50s) delayed clear possession establishment,10,invalid,False
3773457_p135_0f0b47dd,3773457,La Liga,7.015,6.0-8.0 sec,Pass,Ball Receipt*,Barcelona,Barcelona,D,Ambiguous timestamp/simultaneous event sequence,10,invalid,False
3773457_p142_ea2ff6c9,3773457,La Liga,5.832,5.0-6.0 sec,Pass,Pass,Celta Vigo,Celta Vigo,D,Ambiguous timestamp/simultaneous event sequence,6,ambiguous,False
3773457_p150_8cafc59d,3773457,La Liga,7.7,6.0-8.0 sec,Pressure,Pass,Celta Vigo,Barcelona,E,Opponent sustained possession with 4+ actions; genuinely unlinked within 5.0s,12,invalid,False
3773457_p166_320bc3c2,3773457,La Liga,6.87,6.0-8.0 sec,Pass,Ball Receipt*,Celta Vigo,Celta Vigo,D,Ambiguous timestamp/simultaneous event sequence,8,invalid,False
3773457_p176_788d7f5c,3773457,La Liga,7.845,6.0-8.0 sec,Block,Pass,Barcelona,Celta Vigo,D,Ambiguous timestamp/simultaneous event sequence,13,invalid,False
3773457_p189_484e5ef4,3773457,La Liga,7.821,6.0-8.0 sec,Pressure,Pass,Celta Vigo,Barcelona,E,Opponent sustained possession with 4+ actions; genuinely unlinked within 5.0s,11,invalid,False
3773631_p17_2feeb880,3773631,La Liga,5.327,5.0-6.0 sec,Pressure,Clearance,Real Betis,Barcelona,E,Opponent sustained possession with 4+ actions; genuinely unlinked within 5.0s,5,ambiguous,False
3773631_p24_487a3f9f,3773631,La Liga,7.342,6.0-8.0 sec,Interception,Pass,Barcelona,Barcelona,D,Ambiguous timestamp/simultaneous event sequence,9,invalid,False
3773631_p29_09775b9e,3773631,La Liga,6.595,6.0-8.0 sec,Interception,Ball Receipt*,Barcelona,Barcelona,D,Ambiguous timestamp/simultaneous event sequence,10,invalid,False
3773631_p36_76d1ef32,3773631,La Liga,7.696,6.0-8.0 sec,Interception,Pass,Real Betis,Real Betis,D,Ambiguous timestamp/simultaneous event sequence,9,invalid,False
3773631_p48_a55790e3,3773631,La Liga,5.752,5.0-6.0 sec,Pressure,Clearance,Barcelona,Real Betis,E,Opponent sustained possession with 4+ actions; genuinely unlinked within 5.0s,7,ambiguous,False
3773631_p52_f6739ca2,3773631,La Liga,5.595,5.0-6.0 sec,Pressure,Duel,Barcelona,Barcelona,C,Multiple contested events (duels/50-50s) delayed clear possession establishment,4,ambiguous,False
3773631_p79_171059b5,3773631,La Liga,7.034,6.0-8.0 sec,Interception,Ball Receipt*,Real Betis,Real Betis,D,Ambiguous timestamp/simultaneous event sequence,11,invalid,False
3773631_p96_624dd9c4,3773631,La Liga,7.874,6.0-8.0 sec,Pressure,Duel,Barcelona,Barcelona,C,Multiple contested events (duels/50-50s) delayed clear possession establishment,6,invalid,False
3773631_p125_f709b10f,3773631,La Liga,5.355,5.0-6.0 sec,Interception,Block,Real Betis,Real Betis,D,Ambiguous timestamp/simultaneous event sequence,9,ambiguous,False
3773631_p134_77bceee3,3773631,La Liga,5.543,5.0-6.0 sec,Interception,Dribble,Barcelona,Barcelona,D,Ambiguous timestamp/simultaneous event sequence,8,ambiguous,False
3773631_p138_6f1f9291,3773631,La Liga,7.581,6.0-8.0 sec,Interception,Ball Receipt*,Barcelona,Barcelona,D,Ambiguous timestamp/simultaneous event sequence,11,invalid,False
3857281_p22_26bf9a04,3857281,FIFA World Cup,5.882,5.0-6.0 sec,Pressure,Clearance,Croatia,Croatia,E,Opponent sustained possession with 4+ actions; genuinely unlinked within 5.0s,5,ambiguous,False
3857281_p77_b08cedfe,3857281,FIFA World Cup,5.417,5.0-6.0 sec,Pass,Pass,Canada,Canada,D,Ambiguous timestamp/simultaneous event sequence,6,ambiguous,False
3857281_p105_ec311348,3857281,FIFA World Cup,6.928,6.0-8.0 sec,Pressure,Block,Croatia,Canada,E,Opponent sustained possession with 4+ actions; genuinely unlinked within 5.0s,5,invalid,False
3857281_p114_e3cfd386,3857281,FIFA World Cup,7.361,6.0-8.0 sec,Duel,Ball Receipt*,Croatia,Croatia,C,Multiple contested events (duels/50-50s) delayed clear possession establishment,10,invalid,False
3773585_p79_de0b1240,3773585,La Liga,7.849,6.0-8.0 sec,Interception,Ball Receipt*,Real Madrid,Real Madrid,D,Ambiguous timestamp/simultaneous event sequence,17,invalid,False
3773585_p82_c4e14239,3773585,La Liga,5.952,5.0-6.0 sec,Pressure,Duel,Real Madrid,Real Madrid,C,Multiple contested events (duels/50-50s) delayed clear possession establishment,4,ambiguous,False
3773585_p86_97e714de,3773585,La Liga,5.819,5.0-6.0 sec,Pass,Ball Recovery,Barcelona,Barcelona,D,Ambiguous timestamp/simultaneous event sequence,8,ambiguous,False
3773585_p159_f0627caa,3773585,La Liga,7.658,6.0-8.0 sec,Interception,Ball Receipt*,Real Madrid,Real Madrid,D,Ambiguous timestamp/simultaneous event sequence,11,invalid,False
3773585_p163_6b27c2fd,3773585,La Liga,7.993,6.0-8.0 sec,Pressure,Block,Barcelona,Real Madrid,E,Opponent sustained possession with 4+ actions; genuinely unlinked within 5.0s,10,invalid,False
3773497_p16_6e03ee5d,3773497,La Liga,5.43,5.0-6.0 sec,Pressure,Block,Barcelona,Real Madrid,E,Opponent sustained possession with 4+ actions; genuinely unlinked within 5.0s,6,ambiguous,False
3773497_p81_ff0a08ca,3773497,La Liga,7.571,6.0-8.0 sec,Interception,Pass,Real Madrid,Real Madrid,D,Ambiguous timestamp/simultaneous event sequence,10,invalid,False
3773497_p87_21ffafca,3773497,La Liga,7.103,6.0-8.0 sec,Pass,Pass,Real Madrid,Real Madrid,D,Ambiguous timestamp/simultaneous event sequence,9,invalid,False
3773497_p129_cee1358f,3773497,La Liga,5.327,5.0-6.0 sec,Pressure,Goal Keeper,Barcelona,Real Madrid,A,Turnover detector linked to earlier action in chain or pass flight boundary,4,ambiguous,False
3773665_p14_a282db53,3773665,La Liga,7.445,6.0-8.0 sec,Pressure,Ball Receipt*,Osasuna,Barcelona,E,Opponent sustained possession with 4+ actions; genuinely unlinked within 5.0s,16,invalid,False
3773665_p20_b47e3e58,3773665,La Liga,5.191,5.0-6.0 sec,Pass,Pass,Osasuna,Osasuna,D,Ambiguous timestamp/simultaneous event sequence,8,ambiguous,False
3773665_p21_cb5980e1,3773665,La Liga,7.603,6.0-8.0 sec,Pass,Pass,Barcelona,Barcelona,D,Ambiguous timestamp/simultaneous event sequence,6,invalid,False
3773665_p29_e4f767e3,3773665,La Liga,6.236,6.0-8.0 sec,Interception,Dribble,Barcelona,Barcelona,D,Ambiguous timestamp/simultaneous event sequence,8,invalid,False
3773665_p38_002f8679,3773665,La Liga,6.369,6.0-8.0 sec,Pass,Pass,Osasuna,Osasuna,D,Ambiguous timestamp/simultaneous event sequence,12,invalid,False
3773665_p92_8c97e712,3773665,La Liga,5.572,5.0-6.0 sec,Pressure,Block,Barcelona,Osasuna,E,Opponent sustained possession with 4+ actions; genuinely unlinked within 5.0s,8,ambiguous,False
3773665_p119_1a81c4a6,3773665,La Liga,7.323,6.0-8.0 sec,Pressure,Clearance,Barcelona,Osasuna,E,Opponent sustained possession with 4+ actions; genuinely unlinked within 5.0s,8,invalid,False
3773665_p140_8aef5328,3773665,La Liga,6.248,6.0-8.0 sec,Pressure,Goal Keeper,Barcelona,Osasuna,E,Opponent sustained possession with 4+ actions; genuinely unlinked within 5.0s,7,invalid,False
3773665_p164_5c8a9e95,3773665,La Liga,5.693,5.0-6.0 sec,Pass,Clearance,Osasuna,Osasuna,D,Ambiguous timestamp/simultaneous event sequence,7,ambiguous,False
3773466_p37_0a9eee27,3773466,La Liga,7.99,6.0-8.0 sec,Interception,Ball Receipt*,Celta Vigo,Celta Vigo,D,Ambiguous timestamp/simultaneous event sequence,13,invalid,False
3773466_p121_ae626cf6,3773466,La Liga,5.678,5.0-6.0 sec,Pressure,Block,Celta Vigo,Barcelona,E,Opponent sustained possession with 4+ actions; genuinely unlinked within 5.0s,5,ambiguous,False
3773466_p128_9e4579c2,3773466,La Liga,6.875,6.0-8.0 sec,Pressure,Ball Recovery,Celta Vigo,Celta Vigo,E,Opponent sustained possession with 4+ actions; genuinely unlinked within 5.0s,6,invalid,False
3773372_p35_7a804d5e,3773372,La Liga,7.785,6.0-8.0 sec,Pressure,Ball Receipt*,Atlético Madrid,Barcelona,E,Opponent sustained possession with 4+ actions; genuinely unlinked within 5.0s,9,invalid,False
3773372_p58_95d93bf3,3773372,La Liga,7.811,6.0-8.0 sec,Interception,Ball Receipt*,Atlético Madrid,Barcelona,D,Ambiguous timestamp/simultaneous event sequence,8,invalid,False
3773372_p72_a9f9c6a0,3773372,La Liga,5.441,5.0-6.0 sec,Pressure,Interception,Barcelona,Atlético Madrid,E,Opponent sustained possession with 4+ actions; genuinely unlinked within 5.0s,5,ambiguous,False
3773372_p99_8e95e3f5,3773372,La Liga,7.705,6.0-8.0 sec,Interception,Pass,Atlético Madrid,Atlético Madrid,E,Opponent sustained possession with 4+ actions; genuinely unlinked within 5.0s,10,invalid,False
3773372_p107_7781472e,3773372,La Liga,5.416,5.0-6.0 sec,Pass,Pass,Barcelona,Barcelona,D,Ambiguous timestamp/simultaneous event sequence,7,invalid,False
3773372_p108_b6ede079,3773372,La Liga,5.344,5.0-6.0 sec,Interception,Pass,Atlético Madrid,Atlético Madrid,D,Ambiguous timestamp/simultaneous event sequence,8,invalid,False
3773372_p122_23f590ac,3773372,La Liga,7.809,6.0-8.0 sec,Interception,Pass,Barcelona,Atlético Madrid,D,Ambiguous timestamp/simultaneous event sequence,13,invalid,False
3773372_p169_a2e34e09,3773372,La Liga,7.267,6.0-8.0 sec,Pressure,Pass,Barcelona,Atlético Madrid,E,Opponent sustained possession with 4+ actions; genuinely unlinked within 5.0s,7,invalid,False
3773372_p187_e5daad8c,3773372,La Liga,7.739,6.0-8.0 sec,Duel,Pass,Barcelona,Barcelona,C,Multiple contested events (duels/50-50s) delayed clear possession establishment,7,invalid,False
3773660_p33_fe967d57,3773660,La Liga,7.846,6.0-8.0 sec,Interception,Ball Receipt*,Levante UD,Levante UD,D,Ambiguous timestamp/simultaneous event sequence,11,invalid,False
3773660_p46_001c488e,3773660,La Liga,7.955,6.0-8.0 sec,Pressure,Ball Receipt*,Barcelona,Levante UD,E,Opponent sustained possession with 4+ actions; genuinely unlinked within 5.0s,10,invalid,False
3773660_p52_981dad39,3773660,La Liga,5.383,5.0-6.0 sec,Pressure,Pass,Barcelona,Levante UD,E,Opponent sustained possession with 4+ actions; genuinely unlinked within 5.0s,8,invalid,False
3773660_p65_fc2899ff,3773660,La Liga,6.614,6.0-8.0 sec,Pressure,Goal Keeper,Levante UD,Barcelona,E,Opponent sustained possession with 4+ actions; genuinely unlinked within 5.0s,5,invalid,False
3773660_p71_ea5676ae,3773660,La Liga,5.509,5.0-6.0 sec,Pass,Pass,Barcelona,Barcelona,D,Ambiguous timestamp/simultaneous event sequence,8,ambiguous,False
3773660_p72_5ad892a9,3773660,La Liga,5.39,5.0-6.0 sec,Pressure,Clearance,Barcelona,Barcelona,E,Opponent sustained possession with 4+ actions; genuinely unlinked within 5.0s,5,ambiguous,False
3773660_p90_a1a6d943,3773660,La Liga,6.267,6.0-8.0 sec,Pressure,Ball Receipt*,Barcelona,Levante UD,E,Opponent sustained possession with 4+ actions; genuinely unlinked within 5.0s,9,invalid,False
3773660_p106_2d25cf7f,3773660,La Liga,7.163,6.0-8.0 sec,Interception,Pass,Levante UD,Levante UD,D,Ambiguous timestamp/simultaneous event sequence,11,invalid,False
3773660_p136_42e88624,3773660,La Liga,7.304,6.0-8.0 sec,Pressure,Pass,Barcelona,Levante UD,E,Opponent sustained possession with 4+ actions; genuinely unlinked within 5.0s,8,invalid,False
3773660_p152_d45df6d8,3773660,La Liga,5.161,5.0-6.0 sec,Duel,Ball Receipt*,Barcelona,Barcelona,C,Multiple contested events (duels/50-50s) delayed clear possession establishment,6,ambiguous,False
3773660_p177_0bd2c502,3773660,La Liga,7.039,6.0-8.0 sec,Interception,Dribble,Levante UD,Levante UD,D,Ambiguous timestamp/simultaneous event sequence,10,invalid,False
3773660_p181_6ad97a52,3773660,La Liga,5.624,5.0-6.0 sec,Pressure,Clearance,Barcelona,Levante UD,E,Opponent sustained possession with 4+ actions; genuinely unlinked within 5.0s,5,ambiguous,False
3773593_p7_e13570de,3773593,La Liga,7.777,6.0-8.0 sec,Interception,Pass,Barcelona,Barcelona,D,Ambiguous timestamp/simultaneous event sequence,11,invalid,False
3773593_p22_c76eef0b,3773593,La Liga,5.07,5.0-6.0 sec,Block,Pass,Villarreal,Villarreal,D,Ambiguous timestamp/simultaneous event sequence,6,invalid,False
3773593_p29_7d0be883,3773593,La Liga,5.714,5.0-6.0 sec,Interception,Ball Recovery,Barcelona,Barcelona,D,Ambiguous timestamp/simultaneous event sequence,9,ambiguous,False
3773593_p39_0e3be788,3773593,La Liga,6.886,6.0-8.0 sec,Interception,Pass,Villarreal,Villarreal,D,Ambiguous timestamp/simultaneous event sequence,9,invalid,False
3773593_p45_1bd0961d,3773593,La Liga,6.588,6.0-8.0 sec,Interception,Pass,Villarreal,Villarreal,D,Ambiguous timestamp/simultaneous event sequence,9,invalid,False
3773593_p56_be46f37c,3773593,La Liga,6.225,6.0-8.0 sec,Pressure,Ball Recovery,Barcelona,Barcelona,E,Opponent sustained possession with 4+ actions; genuinely unlinked within 5.0s,6,invalid,False
3773593_p99_a3bcfd4d,3773593,La Liga,6.307,6.0-8.0 sec,Pass,Ball Receipt*,Villarreal,Villarreal,D,Ambiguous timestamp/simultaneous event sequence,7,invalid,False
3773593_p149_a54e982a,3773593,La Liga,5.531,5.0-6.0 sec,Pressure,Clearance,Villarreal,Villarreal,A,Turnover detector linked to earlier action in chain or pass flight boundary,4,ambiguous,False
3773695_p50_af83b132,3773695,La Liga,7.765,6.0-8.0 sec,Pressure,Ball Receipt*,Valencia,Barcelona,E,Opponent sustained possession with 4+ actions; genuinely unlinked within 5.0s,10,invalid,False
3773695_p67_28198746,3773695,La Liga,6.844,6.0-8.0 sec,Pass,Pass,Valencia,Valencia,D,Ambiguous timestamp/simultaneous event sequence,9,invalid,False
3773695_p76_469db183,3773695,La Liga,7.645,6.0-8.0 sec,Interception,Pass,Barcelona,Barcelona,D,Ambiguous timestamp/simultaneous event sequence,14,invalid,False
3773695_p117_bb334244,3773695,La Liga,5.301,5.0-6.0 sec,Pressure,Interception,Valencia,Barcelona,E,Opponent sustained possession with 4+ actions; genuinely unlinked within 5.0s,9,ambiguous,False
3773695_p143_e48e4344,3773695,La Liga,7.474,6.0-8.0 sec,Pass,Pass,Barcelona,Barcelona,E,Opponent sustained possession with 4+ actions; genuinely unlinked within 5.0s,11,invalid,False
3773695_p156_343792e6,3773695,La Liga,7.258,6.0-8.0 sec,Interception,Ball Receipt*,Valencia,Valencia,D,Ambiguous timestamp/simultaneous event sequence,16,invalid,False
3773695_p157_b54015fe,3773695,La Liga,7.276,6.0-8.0 sec,Interception,Ball Receipt*,Barcelona,Barcelona,D,Ambiguous timestamp/simultaneous event sequence,10,invalid,False
3773586_p44_d7272e3b,3773586,La Liga,5.754,5.0-6.0 sec,Duel,Ball Recovery,Barcelona,Barcelona,C,Multiple contested events (duels/50-50s) delayed clear possession establishment,6,ambiguous,False
3773586_p59_7e555979,3773586,La Liga,5.845,5.0-6.0 sec,Block,Clearance,Granada,Barcelona,D,Ambiguous timestamp/simultaneous event sequence,12,ambiguous,False
3773586_p76_34167aa5,3773586,La Liga,5.059,5.0-6.0 sec,Pressure,Duel,Barcelona,Barcelona,C,Multiple contested events (duels/50-50s) delayed clear possession establishment,4,ambiguous,False
3773586_p86_e5fa35c7,3773586,La Liga,6.916,6.0-8.0 sec,Pass,Ball Receipt*,Granada,Granada,D,Ambiguous timestamp/simultaneous event sequence,10,invalid,False
3773586_p89_35be0c02,3773586,La Liga,5.152,5.0-6.0 sec,Pass,Pass,Barcelona,Barcelona,D,Ambiguous timestamp/simultaneous event sequence,10,ambiguous,False
3773586_p93_2e5ba836,3773586,La Liga,7.053,6.0-8.0 sec,Pass,Ball Receipt*,Granada,Granada,D,Ambiguous timestamp/simultaneous event sequence,15,invalid,False
3773586_p119_fa01ba51,3773586,La Liga,5.543,5.0-6.0 sec,Pressure,Interception,Barcelona,Granada,A,Turnover detector linked to earlier action in chain or pass flight boundary,4,ambiguous,False
3773586_p119_979969c7,3773586,La Liga,6.579,6.0-8.0 sec,Pressure,Interception,Granada,Granada,E,Opponent sustained possession with 4+ actions; genuinely unlinked within 5.0s,7,invalid,False
3773661_p29_901cdef5,3773661,La Liga,5.87,5.0-6.0 sec,Pressure,Interception,Barcelona,Getafe,A,Turnover detector linked to earlier action in chain or pass flight boundary,4,ambiguous,False
3773661_p32_4c6d21c2,3773661,La Liga,5.951,5.0-6.0 sec,Pass,Ball Receipt*,Barcelona,Barcelona,D,Ambiguous timestamp/simultaneous event sequence,10,ambiguous,False
3773661_p79_bf220d00,3773661,La Liga,6.144,6.0-8.0 sec,Pressure,Block,Barcelona,Getafe,E,Opponent sustained possession with 4+ actions; genuinely unlinked within 5.0s,7,invalid,False
3773661_p106_f672e763,3773661,La Liga,6.482,6.0-8.0 sec,Pass,Pass,Getafe,Getafe,D,Ambiguous timestamp/simultaneous event sequence,9,invalid,False
3773571_p13_a00c4e16,3773571,La Liga,6.563,6.0-8.0 sec,Pass,Interception,Real Valladolid,Barcelona,D,Ambiguous timestamp/simultaneous event sequence,9,invalid,False
3773571_p17_401f5b5e,3773571,La Liga,7.105,6.0-8.0 sec,Pressure,Pass,Real Valladolid,Barcelona,E,Opponent sustained possession with 4+ actions; genuinely unlinked within 5.0s,5,invalid,False
3773571_p18_fd8583cd,3773571,La Liga,5.85,5.0-6.0 sec,Pressure,Ball Receipt*,Real Valladolid,Barcelona,E,Opponent sustained possession with 4+ actions; genuinely unlinked within 5.0s,6,ambiguous,False
3773571_p65_b36f9bca,3773571,La Liga,5.13,5.0-6.0 sec,Interception,Pass,Barcelona,Barcelona,D,Ambiguous timestamp/simultaneous event sequence,8,ambiguous,False
3773571_p78_de606946,3773571,La Liga,5.096,5.0-6.0 sec,Pass,Pass,Real Valladolid,Real Valladolid,D,Ambiguous timestamp/simultaneous event sequence,9,invalid,False
3773571_p83_b827b491,3773571,La Liga,6.879,6.0-8.0 sec,Duel,Ball Recovery,Real Valladolid,Real Valladolid,C,Multiple contested events (duels/50-50s) delayed clear possession establishment,7,invalid,False
3773571_p104_278d7552,3773571,La Liga,7.457,6.0-8.0 sec,Pressure,Ball Receipt*,Barcelona,Real Valladolid,E,Opponent sustained possession with 4+ actions; genuinely unlinked within 5.0s,9,invalid,False
3773571_p120_4cdd93f2,3773571,La Liga,7.717,6.0-8.0 sec,Interception,Pass,Real Valladolid,Barcelona,D,Ambiguous timestamp/simultaneous event sequence,6,invalid,False
3773571_p123_a4150744,3773571,La Liga,7.887,6.0-8.0 sec,Pass,Pass,Barcelona,Barcelona,D,Ambiguous timestamp/simultaneous event sequence,9,invalid,False
3773571_p162_09b01d64,3773571,La Liga,7.704,6.0-8.0 sec,Pressure,Goal Keeper,Barcelona,Real Valladolid,E,Opponent sustained possession with 4+ actions; genuinely unlinked within 5.0s,5,invalid,False
3773571_p165_d88a6f77,3773571,La Liga,6.075,6.0-8.0 sec,Pressure,Pass,Barcelona,Real Valladolid,E,Opponent sustained possession with 4+ actions; genuinely unlinked within 5.0s,7,invalid,False
3773571_p175_cc131344,3773571,La Liga,6.879,6.0-8.0 sec,Pressure,Ball Receipt*,Real Valladolid,Barcelona,E,Opponent sustained possession with 4+ actions; genuinely unlinked within 5.0s,8,invalid,False
3773571_p188_a801c6a0,3773571,La Liga,7.889,6.0-8.0 sec,Interception,Pass,Real Valladolid,Real Valladolid,D,Ambiguous timestamp/simultaneous event sequence,19,invalid,False
3773571_p193_3fce9af9,3773571,La Liga,7.355,6.0-8.0 sec,Pass,Pass,Barcelona,Barcelona,D,Ambiguous timestamp/simultaneous event sequence,9,invalid,False
3773571_p215_50abd5f4,3773571,La Liga,6.357,6.0-8.0 sec,Pass,Pass,Barcelona,Barcelona,D,Ambiguous timestamp/simultaneous event sequence,9,invalid,False
3773587_p16_eca14f8e,3773587,La Liga,7.227,6.0-8.0 sec,Duel,Ball Receipt*,Getafe,Getafe,C,Multiple contested events (duels/50-50s) delayed clear possession establishment,10,invalid,False
3773587_p34_f9717600,3773587,La Liga,7.54,6.0-8.0 sec,Interception,Pass,Getafe,Getafe,D,Ambiguous timestamp/simultaneous event sequence,14,invalid,False
3773587_p58_e7c1b15d,3773587,La Liga,5.512,5.0-6.0 sec,Interception,Block,Barcelona,Barcelona,D,Ambiguous timestamp/simultaneous event sequence,6,ambiguous,False
3773587_p131_a24e60a9,3773587,La Liga,6.766,6.0-8.0 sec,Interception,Pass,Getafe,Getafe,D,Ambiguous timestamp/simultaneous event sequence,9,invalid,False
3773587_p150_81170d45,3773587,La Liga,5.579,5.0-6.0 sec,Duel,Pass,Getafe,Getafe,C,Multiple contested events (duels/50-50s) delayed clear possession establishment,5,invalid,False
3773672_p53_bad839b5,3773672,La Liga,5.192,5.0-6.0 sec,Interception,Pass,Sevilla,Sevilla,D,Ambiguous timestamp/simultaneous event sequence,6,ambiguous,False
3773672_p118_8632df9f,3773672,La Liga,6.021,6.0-8.0 sec,Pressure,Clearance,Sevilla,Barcelona,A,Turnover detector linked to earlier action in chain or pass flight boundary,4,invalid,False
3773672_p163_96c7a08d,3773672,La Liga,6.447,6.0-8.0 sec,Duel,Pass,Sevilla,Sevilla,C,Multiple contested events (duels/50-50s) delayed clear possession establishment,5,invalid,False
3773387_p87_33a29959,3773387,La Liga,5.169,5.0-6.0 sec,Pressure,Block,Barcelona,Levante UD,E,Opponent sustained possession with 4+ actions; genuinely unlinked within 5.0s,7,ambiguous,False
3773387_p89_71cb73a2,3773387,La Liga,6.938,6.0-8.0 sec,Interception,Ball Receipt*,Levante UD,Levante UD,D,Ambiguous timestamp/simultaneous event sequence,8,invalid,False
3773387_p92_27a09ca5,3773387,La Liga,5.209,5.0-6.0 sec,Interception,Ball Receipt*,Barcelona,Barcelona,D,Ambiguous timestamp/simultaneous event sequence,10,ambiguous,False
3773387_p121_77aeb217,3773387,La Liga,6.044,6.0-8.0 sec,Pass,Pass,Barcelona,Barcelona,D,Ambiguous timestamp/simultaneous event sequence,8,invalid,False
3773387_p126_bb029e71,3773387,La Liga,6.893,6.0-8.0 sec,Interception,Ball Receipt*,Levante UD,Levante UD,D,Ambiguous timestamp/simultaneous event sequence,16,invalid,False
3773552_p33_90fffd48,3773552,La Liga,6.596,6.0-8.0 sec,Pass,Ball Receipt*,Barcelona,Barcelona,D,Ambiguous timestamp/simultaneous event sequence,8,invalid,False
3773552_p50_1ea1566b,3773552,La Liga,7.174,6.0-8.0 sec,Pass,Pass,Huesca,Huesca,D,Ambiguous timestamp/simultaneous event sequence,9,invalid,False
3773552_p127_953e0545,3773552,La Liga,5.869,5.0-6.0 sec,Pressure,Pass,Huesca,Barcelona,E,Opponent sustained possession with 4+ actions; genuinely unlinked within 5.0s,10,ambiguous,False
3773552_p135_8cac1d0b,3773552,La Liga,7.117,6.0-8.0 sec,Interception,Pass,Huesca,Barcelona,D,Ambiguous timestamp/simultaneous event sequence,13,invalid,False
3773552_p142_4922962f,3773552,La Liga,7.922,6.0-8.0 sec,Pass,Pass,Huesca,Huesca,D,Ambiguous timestamp/simultaneous event sequence,11,invalid,False
3773552_p173_78469636,3773552,La Liga,6.549,6.0-8.0 sec,Interception,Duel,Huesca,Huesca,C,Multiple contested events (duels/50-50s) delayed clear possession establishment,11,invalid,False
3773552_p190_df1eff17,3773552,La Liga,7.37,6.0-8.0 sec,Pressure,Pass,Huesca,Barcelona,E,Opponent sustained possession with 4+ actions; genuinely unlinked within 5.0s,6,invalid,False
3773526_p20_32ae079c,3773526,La Liga,5.223,5.0-6.0 sec,Pressure,Clearance,Deportivo Alavés,Deportivo Alavés,E,Opponent sustained possession with 4+ actions; genuinely unlinked within 5.0s,5,ambiguous,False
3773526_p44_26d787f5,3773526,La Liga,7.868,6.0-8.0 sec,Block,Ball Receipt*,Deportivo Alavés,Deportivo Alavés,E,Opponent sustained possession with 4+ actions; genuinely unlinked within 5.0s,9,invalid,False
3773526_p80_5ce62d65,3773526,La Liga,6.181,6.0-8.0 sec,Pass,Foul Won,Barcelona,Barcelona,D,Ambiguous timestamp/simultaneous event sequence,10,invalid,False
3773526_p126_c84ed479,3773526,La Liga,7.561,6.0-8.0 sec,Pass,Ball Recovery,Barcelona,Barcelona,D,Ambiguous timestamp/simultaneous event sequence,8,invalid,False
3773377_p33_af0dcfe4,3773377,La Liga,6.904,6.0-8.0 sec,Duel,Foul Won,Valencia,Valencia,C,Multiple contested events (duels/50-50s) delayed clear possession establishment,6,invalid,False
3773377_p47_f97d7ab7,3773377,La Liga,7.331,6.0-8.0 sec,Interception,Pass,Valencia,Valencia,D,Ambiguous timestamp/simultaneous event sequence,12,invalid,False
3773377_p63_7c530541,3773377,La Liga,5.23,5.0-6.0 sec,Interception,Pass,Barcelona,Barcelona,D,Ambiguous timestamp/simultaneous event sequence,9,invalid,False
3773377_p87_07310a5a,3773377,La Liga,7.973,6.0-8.0 sec,Duel,Pass,Valencia,Valencia,C,Multiple contested events (duels/50-50s) delayed clear possession establishment,14,invalid,False
3773377_p119_5b141e27,3773377,La Liga,5.645,5.0-6.0 sec,Pressure,Clearance,Valencia,Valencia,E,Opponent sustained possession with 4+ actions; genuinely unlinked within 5.0s,7,ambiguous,False
3773377_p148_7ceab987,3773377,La Liga,5.804,5.0-6.0 sec,Duel,Pass,Barcelona,Barcelona,C,Multiple contested events (duels/50-50s) delayed clear possession establishment,5,invalid,False
3773377_p149_0642fa54,3773377,La Liga,6.289,6.0-8.0 sec,Duel,Pass,Barcelona,Barcelona,C,Multiple contested events (duels/50-50s) delayed clear possession establishment,5,invalid,False
3773377_p151_90cac8d3,3773377,La Liga,5.737,5.0-6.0 sec,Pressure,Clearance,Valencia,Barcelona,A,Turnover detector linked to earlier action in chain or pass flight boundary,4,ambiguous,False
3773369_p9_a15c974d,3773369,La Liga,5.29,5.0-6.0 sec,Pressure,Pass,Huesca,Barcelona,E,Opponent sustained possession with 4+ actions; genuinely unlinked within 5.0s,7,ambiguous,False
3773369_p16_5b6381bd,3773369,La Liga,6.887,6.0-8.0 sec,Pressure,Pass,Huesca,Barcelona,E,Opponent sustained possession with 4+ actions; genuinely unlinked within 5.0s,8,invalid,False
3773369_p53_56fb979f,3773369,La Liga,7.622,6.0-8.0 sec,Pressure,Ball Receipt*,Huesca,Barcelona,E,Opponent sustained possession with 4+ actions; genuinely unlinked within 5.0s,6,invalid,False
3773369_p56_c711288f,3773369,La Liga,7.108,6.0-8.0 sec,Pressure,Pass,Huesca,Barcelona,E,Opponent sustained possession with 4+ actions; genuinely unlinked within 5.0s,8,invalid,False
3773369_p70_572bf6b2,3773369,La Liga,7.194,6.0-8.0 sec,Pressure,Duel,Barcelona,Barcelona,C,Multiple contested events (duels/50-50s) delayed clear possession establishment,6,invalid,False
3773369_p141_2ef94aeb,3773369,La Liga,6.918,6.0-8.0 sec,Pressure,Ball Receipt*,Huesca,Barcelona,E,Opponent sustained possession with 4+ actions; genuinely unlinked within 5.0s,9,invalid,False
3773369_p143_756c3c9a,3773369,La Liga,7.807,6.0-8.0 sec,Pressure,Pass,Huesca,Barcelona,E,Opponent sustained possession with 4+ actions; genuinely unlinked within 5.0s,7,invalid,False
3773369_p166_7c3fa1f4,3773369,La Liga,7.865,6.0-8.0 sec,Pressure,Ball Receipt*,Huesca,Barcelona,E,Opponent sustained possession with 4+ actions; genuinely unlinked within 5.0s,12,invalid,False
3773369_p178_6f98c93b,3773369,La Liga,6.841,6.0-8.0 sec,Pass,Ball Receipt*,Huesca,Huesca,D,Ambiguous timestamp/simultaneous event sequence,11,invalid,False
3773656_p45_da090f4c,3773656,La Liga,7.784,6.0-8.0 sec,Pass,Pass,Atlético Madrid,Atlético Madrid,D,Ambiguous timestamp/simultaneous event sequence,9,invalid,False
3773656_p54_77ec43c5,3773656,La Liga,7.541,6.0-8.0 sec,Interception,Pass,Atlético Madrid,Atlético Madrid,D,Ambiguous timestamp/simultaneous event sequence,9,invalid,False
3773656_p95_607db347,3773656,La Liga,7.25,6.0-8.0 sec,Pass,Pass,Barcelona,Barcelona,D,Ambiguous timestamp/simultaneous event sequence,6,invalid,False
3773656_p103_57991c7c,3773656,La Liga,7.641,6.0-8.0 sec,Pressure,Pass,Barcelona,Barcelona,E,Opponent sustained possession with 4+ actions; genuinely unlinked within 5.0s,12,invalid,False
3773656_p129_1fb58db6,3773656,La Liga,7.122,6.0-8.0 sec,Interception,Pass,Atlético Madrid,Atlético Madrid,D,Ambiguous timestamp/simultaneous event sequence,13,invalid,False
3764661_p31_e15cede6,3764661,La Liga,7.922,6.0-8.0 sec,Pressure,Pass,Athletic Club,Barcelona,E,Opponent sustained possession with 4+ actions; genuinely unlinked within 5.0s,10,invalid,False
3764661_p77_8b6cd3f7,3764661,La Liga,6.576,6.0-8.0 sec,Pressure,Pass,Barcelona,Athletic Club,E,Opponent sustained possession with 4+ actions; genuinely unlinked within 5.0s,8,invalid,False
3764661_p115_90ce847c,3764661,La Liga,6.08,6.0-8.0 sec,Interception,Duel,Barcelona,Barcelona,C,Multiple contested events (duels/50-50s) delayed clear possession establishment,8,invalid,False
3764661_p120_844e66e5,3764661,La Liga,7.605,6.0-8.0 sec,Interception,Ball Receipt*,Athletic Club,Athletic Club,D,Ambiguous timestamp/simultaneous event sequence,11,invalid,False
3764661_p147_6851a0a1,3764661,La Liga,5.344,5.0-6.0 sec,Interception,Pass,Athletic Club,Athletic Club,D,Ambiguous timestamp/simultaneous event sequence,9,invalid,False
3764661_p150_97620954,3764661,La Liga,7.371,6.0-8.0 sec,Interception,Pass,Barcelona,Barcelona,D,Ambiguous timestamp/simultaneous event sequence,9,invalid,False
3764661_p186_dc890f64,3764661,La Liga,5.261,5.0-6.0 sec,Interception,Ball Receipt*,Athletic Club,Athletic Club,E,Opponent sustained possession with 4+ actions; genuinely unlinked within 5.0s,7,ambiguous,False
3773597_p27_03bbe371,3773597,La Liga,6.073,6.0-8.0 sec,Pressure,Block,Barcelona,Real Sociedad,E,Opponent sustained possession with 4+ actions; genuinely unlinked within 5.0s,8,invalid,False
3773597_p42_f38be002,3773597,La Liga,5.854,5.0-6.0 sec,Pressure,Clearance,Real Sociedad,Barcelona,A,Turnover detector linked to earlier action in chain or pass flight boundary,4,ambiguous,False
3773597_p68_6d2ff01e,3773597,La Liga,6.649,6.0-8.0 sec,Pass,Ball Receipt*,Real Sociedad,Real Sociedad,D,Ambiguous timestamp/simultaneous event sequence,8,invalid,False
3773597_p85_a496087c,3773597,La Liga,7.199,6.0-8.0 sec,Interception,Ball Receipt*,Real Sociedad,Real Sociedad,D,Ambiguous timestamp/simultaneous event sequence,14,invalid,False
3773597_p90_cc8def16,3773597,La Liga,7.563,6.0-8.0 sec,Pass,Ball Receipt*,Barcelona,Barcelona,D,Ambiguous timestamp/simultaneous event sequence,8,invalid,False
3773597_p114_87b4df7e,3773597,La Liga,5.144,5.0-6.0 sec,Pressure,Pass,Barcelona,Real Sociedad,E,Opponent sustained possession with 4+ actions; genuinely unlinked within 5.0s,10,invalid,False
3773597_p119_8d301ac3,3773597,La Liga,7.908,6.0-8.0 sec,Pass,Pass,Barcelona,Barcelona,D,Ambiguous timestamp/simultaneous event sequence,9,invalid,False
3773597_p120_b6ce65dc,3773597,La Liga,5.952,5.0-6.0 sec,Pass,Dribble,Real Sociedad,Real Sociedad,D,Ambiguous timestamp/simultaneous event sequence,8,ambiguous,False
3773597_p122_9b10c73c,3773597,La Liga,7.532,6.0-8.0 sec,Interception,Ball Receipt*,Real Sociedad,Real Sociedad,D,Ambiguous timestamp/simultaneous event sequence,13,invalid,False
3773597_p141_80e4d52e,3773597,La Liga,6.587,6.0-8.0 sec,Pressure,Pass,Real Sociedad,Barcelona,E,Opponent sustained possession with 4+ actions; genuinely unlinked within 5.0s,7,invalid,False
3773597_p149_ef6e8631,3773597,La Liga,7.395,6.0-8.0 sec,Pressure,Ball Receipt*,Real Sociedad,Barcelona,E,Opponent sustained possession with 4+ actions; genuinely unlinked within 5.0s,12,invalid,False
3773597_p178_c97ebfc4,3773597,La Liga,6.896,6.0-8.0 sec,Duel,Dribble,Real Sociedad,Real Sociedad,C,Multiple contested events (duels/50-50s) delayed clear possession establishment,10,invalid,False
3773597_p192_af2b9d67,3773597,La Liga,7.165,6.0-8.0 sec,Pressure,Pass,Real Sociedad,Barcelona,E,Opponent sustained possession with 4+ actions; genuinely unlinked within 5.0s,10,invalid,False
3773597_p194_f4b4b253,3773597,La Liga,5.173,5.0-6.0 sec,Pressure,Pass,Real Sociedad,Barcelona,E,Opponent sustained possession with 4+ actions; genuinely unlinked within 5.0s,7,ambiguous,False
3773428_p18_75fa89f4,3773428,La Liga,6.11,6.0-8.0 sec,Pressure,Pass,Barcelona,Barcelona,A,Turnover detector linked to earlier action in chain or pass flight boundary,4,invalid,False
3773428_p35_6e430a1d,3773428,La Liga,7.756,6.0-8.0 sec,Interception,Pass,Cádiz,Cádiz,D,Ambiguous timestamp/simultaneous event sequence,12,invalid,False
3773428_p65_b4690f11,3773428,La Liga,7.806,6.0-8.0 sec,Interception,Clearance,Barcelona,Barcelona,D,Ambiguous timestamp/simultaneous event sequence,6,invalid,False
3773428_p76_8950f72d,3773428,La Liga,6.11,6.0-8.0 sec,Pass,Pass,Cádiz,Cádiz,D,Ambiguous timestamp/simultaneous event sequence,9,invalid,False
3773428_p154_2280be29,3773428,La Liga,5.28,5.0-6.0 sec,Pressure,Clearance,Cádiz,Barcelona,E,Opponent sustained possession with 4+ actions; genuinely unlinked within 5.0s,8,ambiguous,False
3773428_p159_0e63ce76,3773428,La Liga,7.014,6.0-8.0 sec,Pressure,Block,Barcelona,Barcelona,A,Turnover detector linked to earlier action in chain or pass flight boundary,4,invalid,False
3773474_p19_9f6cd9a4,3773474,La Liga,6.689,6.0-8.0 sec,Pressure,Clearance,Real Valladolid,Real Valladolid,B,StatsBomb possession indexing retained pressing team despite brief contestation,3,invalid,False
3773474_p34_47551edf,3773474,La Liga,6.617,6.0-8.0 sec,Pressure,Ball Receipt*,Barcelona,Real Valladolid,E,Opponent sustained possession with 4+ actions; genuinely unlinked within 5.0s,7,invalid,False
3773474_p38_f89489cb,3773474,La Liga,7.48,6.0-8.0 sec,Pressure,Pass,Barcelona,Real Valladolid,E,Opponent sustained possession with 4+ actions; genuinely unlinked within 5.0s,10,invalid,False
3773474_p45_e7413a3c,3773474,La Liga,5.975,5.0-6.0 sec,Duel,Pass,Barcelona,Barcelona,C,Multiple contested events (duels/50-50s) delayed clear possession establishment,8,invalid,False
3773474_p58_891f480d,3773474,La Liga,5.617,5.0-6.0 sec,Pressure,Duel,Real Valladolid,Barcelona,C,Multiple contested events (duels/50-50s) delayed clear possession establishment,4,ambiguous,False
3773474_p63_42cbe025,3773474,La Liga,5.526,5.0-6.0 sec,Interception,Pass,Real Valladolid,Real Valladolid,D,Ambiguous timestamp/simultaneous event sequence,6,invalid,False
3773474_p81_a5cceab4,3773474,La Liga,5.83,5.0-6.0 sec,Interception,Ball Receipt*,Barcelona,Barcelona,D,Ambiguous timestamp/simultaneous event sequence,9,invalid,False
3773474_p97_e7da7ca5,3773474,La Liga,5.477,5.0-6.0 sec,Foul Committed,Block,Barcelona,Real Valladolid,E,Opponent sustained possession with 4+ actions; genuinely unlinked within 5.0s,7,ambiguous,False
3773474_p102_4dd32e10,3773474,La Liga,7.134,6.0-8.0 sec,Interception,Pass,Real Valladolid,Real Valladolid,D,Ambiguous timestamp/simultaneous event sequence,9,invalid,False
3773474_p120_d64f6e42,3773474,La Liga,7.726,6.0-8.0 sec,Pass,Ball Receipt*,Real Valladolid,Real Valladolid,D,Ambiguous timestamp/simultaneous event sequence,11,invalid,False
3773474_p155_93e981ef,3773474,La Liga,7.689,6.0-8.0 sec,Interception,Pass,Real Valladolid,Real Valladolid,D,Ambiguous timestamp/simultaneous event sequence,15,invalid,False
3773474_p175_3ec6c161,3773474,La Liga,5.69,5.0-6.0 sec,Interception,Pass,Real Valladolid,Real Valladolid,D,Ambiguous timestamp/simultaneous event sequence,6,invalid,False
3773474_p177_dcce9e4f,3773474,La Liga,5.737,5.0-6.0 sec,Pressure,Clearance,Barcelona,Real Valladolid,E,Opponent sustained possession with 4+ actions; genuinely unlinked within 5.0s,5,ambiguous,False
3773474_p193_ca194f0a,3773474,La Liga,5.438,5.0-6.0 sec,Pressure,Goal Keeper,Barcelona,Real Valladolid,A,Turnover detector linked to earlier action in chain or pass flight boundary,3,ambiguous,False
3773415_p13_5f7d5a73,3773415,La Liga,7.536,6.0-8.0 sec,Pressure,Pass,Barcelona,Barcelona,A,Turnover detector linked to earlier action in chain or pass flight boundary,4,invalid,False
3773415_p106_44b45836,3773415,La Liga,7.397,6.0-8.0 sec,Interception,Ball Receipt*,Cádiz,Cádiz,D,Ambiguous timestamp/simultaneous event sequence,8,invalid,False
3773415_p130_9e69bb3d,3773415,La Liga,5.008,5.0-6.0 sec,Pass,Pass,Barcelona,Barcelona,C,Multiple contested events (duels/50-50s) delayed clear possession establishment,6,ambiguous,False
3773403_p33_4feb34b3,3773403,La Liga,7.843,6.0-8.0 sec,Interception,Pass,Athletic Club,Athletic Club,D,Ambiguous timestamp/simultaneous event sequence,13,invalid,False
3773403_p69_124d4800,3773403,La Liga,6.762,6.0-8.0 sec,Pass,Ball Receipt*,Athletic Club,Athletic Club,D,Ambiguous timestamp/simultaneous event sequence,8,invalid,False
3773403_p76_2301d4ec,3773403,La Liga,7.977,6.0-8.0 sec,Pass,Ball Receipt*,Athletic Club,Athletic Club,D,Ambiguous timestamp/simultaneous event sequence,11,invalid,False
3773403_p94_524643fb,3773403,La Liga,7.436,6.0-8.0 sec,Interception,Ball Receipt*,Athletic Club,Athletic Club,D,Ambiguous timestamp/simultaneous event sequence,14,invalid,False
3773403_p96_3b905eec,3773403,La Liga,6.868,6.0-8.0 sec,Interception,Pass,Barcelona,Barcelona,D,Ambiguous timestamp/simultaneous event sequence,18,invalid,False
3773403_p106_fefd1bab,3773403,La Liga,7.288,6.0-8.0 sec,Pass,Ball Receipt*,Athletic Club,Athletic Club,D,Ambiguous timestamp/simultaneous event sequence,11,invalid,False
3773403_p131_dc077db9,3773403,La Liga,7.286,6.0-8.0 sec,Pass,Pass,Athletic Club,Athletic Club,E,Opponent sustained possession with 4+ actions; genuinely unlinked within 5.0s,7,invalid,False
3773403_p146_097d72f5,3773403,La Liga,6.846,6.0-8.0 sec,Interception,Ball Receipt*,Athletic Club,Athletic Club,D,Ambiguous timestamp/simultaneous event sequence,14,invalid,False
3773403_p170_f9104a4c,3773403,La Liga,5.43,5.0-6.0 sec,Pressure,Block,Athletic Club,Barcelona,E,Opponent sustained possession with 4+ actions; genuinely unlinked within 5.0s,6,ambiguous,False
3773477_p3_d8628c5b,3773477,La Liga,5.128,5.0-6.0 sec,Interception,Half Start,Barcelona,Barcelona,E,Opponent sustained possession with 4+ actions; genuinely unlinked within 5.0s,6,ambiguous,False
3773477_p77_b1579258,3773477,La Liga,7.774,6.0-8.0 sec,Interception,Ball Receipt*,Barcelona,Barcelona,D,Ambiguous timestamp/simultaneous event sequence,11,invalid,False
3837987_p14_e51d8714,3837987,Ligue 1,7.252,6.0-8.0 sec,Pressure,Clearance,Paris Saint-Germain,AC Ajaccio,E,Opponent sustained possession with 4+ actions; genuinely unlinked within 5.0s,5,invalid,False
3837987_p26_f9e0c220,3837987,Ligue 1,6.956,6.0-8.0 sec,Pressure,Pass,AC Ajaccio,Paris Saint-Germain,E,Opponent sustained possession with 4+ actions; genuinely unlinked within 5.0s,7,invalid,False
3837987_p35_b498b95e,3837987,Ligue 1,6.523,6.0-8.0 sec,Pressure,Pass,AC Ajaccio,Paris Saint-Germain,E,Opponent sustained possession with 4+ actions; genuinely unlinked within 5.0s,6,invalid,False
3837987_p66_d6a78eac,3837987,Ligue 1,7.74,6.0-8.0 sec,Interception,Pass,Paris Saint-Germain,Paris Saint-Germain,D,Ambiguous timestamp/simultaneous event sequence,8,invalid,False
3837987_p119_4a9fbf7e,3837987,Ligue 1,5.407,5.0-6.0 sec,Pressure,Block,Paris Saint-Germain,AC Ajaccio,E,Opponent sustained possession with 4+ actions; genuinely unlinked within 5.0s,10,ambiguous,False
3773547_p11_c75e9419,3773547,La Liga,7.639,6.0-8.0 sec,Pass,Ball Receipt*,Barcelona,Barcelona,D,Ambiguous timestamp/simultaneous event sequence,7,invalid,False
3773547_p29_93b5bd48,3773547,La Liga,7.365,6.0-8.0 sec,Interception,Block,Barcelona,Barcelona,D,Ambiguous timestamp/simultaneous event sequence,7,invalid,False
3773547_p60_85550609,3773547,La Liga,7.504,6.0-8.0 sec,Duel,Ball Receipt*,Osasuna,Osasuna,C,Multiple contested events (duels/50-50s) delayed clear possession establishment,7,invalid,False
3773547_p63_667bcc5f,3773547,La Liga,6.808,6.0-8.0 sec,Duel,Block,Barcelona,Osasuna,C,Multiple contested events (duels/50-50s) delayed clear possession establishment,6,invalid,False
3773547_p100_1c6f2b3f,3773547,La Liga,5.169,5.0-6.0 sec,Pressure,Pass,Osasuna,Barcelona,E,Opponent sustained possession with 4+ actions; genuinely unlinked within 5.0s,6,invalid,False
3773547_p116_68d416e2,3773547,La Liga,7.979,6.0-8.0 sec,Pressure,Ball Receipt*,Osasuna,Barcelona,E,Opponent sustained possession with 4+ actions; genuinely unlinked within 5.0s,12,invalid,False
3773547_p123_7978608c,3773547,La Liga,7.682,6.0-8.0 sec,Pressure,Pass,Osasuna,Barcelona,E,Opponent sustained possession with 4+ actions; genuinely unlinked within 5.0s,10,invalid,False
3773547_p175_aa6e213a,3773547,La Liga,7.972,6.0-8.0 sec,Interception,Ball Receipt*,Barcelona,Barcelona,D,Ambiguous timestamp/simultaneous event sequence,8,invalid,False
3773547_p185_72f796eb,3773547,La Liga,6.656,6.0-8.0 sec,Pressure,Block,Osasuna,Barcelona,E,Opponent sustained possession with 4+ actions; genuinely unlinked within 5.0s,7,invalid,False
3773547_p215_852711da,3773547,La Liga,6.576,6.0-8.0 sec,Interception,Ball Receipt*,Barcelona,Barcelona,D,Ambiguous timestamp/simultaneous event sequence,8,invalid,False
3773547_p219_2b157550,3773547,La Liga,7.5,6.0-8.0 sec,Interception,Ball Receipt*,Barcelona,Barcelona,D,Ambiguous timestamp/simultaneous event sequence,10,invalid,False
3773547_p224_0f8d0269,3773547,La Liga,7.043,6.0-8.0 sec,Duel,Pass,Osasuna,Osasuna,C,Multiple contested events (duels/50-50s) delayed clear possession establishment,14,invalid,False
3838017_p16_f1265085,3838017,Ligue 1,5.432,5.0-6.0 sec,Pressure,Interception,Paris Saint-Germain,Clermont Foot,E,Opponent sustained possession with 4+ actions; genuinely unlinked within 5.0s,8,ambiguous,False
3838017_p33_4abd925b,3838017,Ligue 1,5.747,5.0-6.0 sec,Pressure,Block,Paris Saint-Germain,Clermont Foot,E,Opponent sustained possession with 4+ actions; genuinely unlinked within 5.0s,10,ambiguous,False
3838017_p38_87a62f63,3838017,Ligue 1,5.341,5.0-6.0 sec,Interception,Pass,Clermont Foot,Paris Saint-Germain,D,Ambiguous timestamp/simultaneous event sequence,5,invalid,False
3838017_p48_e9dfa78b,3838017,Ligue 1,6.142,6.0-8.0 sec,Interception,Pass,Paris Saint-Germain,Paris Saint-Germain,D,Ambiguous timestamp/simultaneous event sequence,9,invalid,False
3838017_p53_4ce104ae,3838017,Ligue 1,7.857,6.0-8.0 sec,Interception,Ball Receipt*,Clermont Foot,Clermont Foot,D,Ambiguous timestamp/simultaneous event sequence,14,invalid,False
3838017_p63_a899414b,3838017,Ligue 1,6.94,6.0-8.0 sec,Pass,Pass,Clermont Foot,Clermont Foot,D,Ambiguous timestamp/simultaneous event sequence,9,invalid,False
3838017_p110_e9f649c3,3838017,Ligue 1,6.153,6.0-8.0 sec,Pass,Ball Receipt*,Paris Saint-Germain,Paris Saint-Germain,D,Ambiguous timestamp/simultaneous event sequence,8,invalid,False
3838017_p111_48c38a32,3838017,Ligue 1,7.646,6.0-8.0 sec,Pass,Ball Receipt*,Clermont Foot,Clermont Foot,D,Ambiguous timestamp/simultaneous event sequence,8,invalid,False
3773689_p19_797b6a81,3773689,La Liga,6.164,6.0-8.0 sec,Pass,Dribble,Barcelona,Barcelona,D,Ambiguous timestamp/simultaneous event sequence,8,invalid,False
3773689_p36_100b51c8,3773689,La Liga,7.758,6.0-8.0 sec,Pressure,Pass,Barcelona,Villarreal,E,Opponent sustained possession with 4+ actions; genuinely unlinked within 5.0s,9,invalid,False
3773689_p58_75ddf915,3773689,La Liga,5.57,5.0-6.0 sec,Pressure,Pass,Barcelona,Barcelona,A,Turnover detector linked to earlier action in chain or pass flight boundary,4,invalid,False
3773689_p96_f709f712,3773689,La Liga,7.273,6.0-8.0 sec,Pressure,Ball Receipt*,Villarreal,Barcelona,E,Opponent sustained possession with 4+ actions; genuinely unlinked within 5.0s,10,invalid,False
3773689_p142_ebb200f6,3773689,La Liga,5.726,5.0-6.0 sec,Pressure,Block,Barcelona,Villarreal,E,Opponent sustained possession with 4+ actions; genuinely unlinked within 5.0s,7,ambiguous,False
3773689_p163_8aaafcf3,3773689,La Liga,6.214,6.0-8.0 sec,Pressure,Ball Recovery,Barcelona,Barcelona,E,Opponent sustained possession with 4+ actions; genuinely unlinked within 5.0s,6,invalid,False
3773689_p179_11490cd0,3773689,La Liga,5.001,5.0-6.0 sec,Pressure,Clearance,Barcelona,Villarreal,E,Opponent sustained possession with 4+ actions; genuinely unlinked within 5.0s,5,ambiguous,False
3837918_p57_ad3b683b,3837918,Ligue 1,5.103,5.0-6.0 sec,Interception,Pass,Paris Saint-Germain,Rennes,D,Ambiguous timestamp/simultaneous event sequence,5,invalid,False
3837918_p64_0dcb1038,3837918,Ligue 1,6.982,6.0-8.0 sec,Pass,Clearance,Rennes,Rennes,D,Ambiguous timestamp/simultaneous event sequence,9,invalid,False
3837918_p69_ab3766b4,3837918,Ligue 1,7.699,6.0-8.0 sec,Pressure,Interception,Paris Saint-Germain,Paris Saint-Germain,E,Opponent sustained possession with 4+ actions; genuinely unlinked within 5.0s,7,invalid,False
3837918_p150_9ef69827,3837918,Ligue 1,7.11,6.0-8.0 sec,Interception,Pass,Paris Saint-Germain,Paris Saint-Germain,D,Ambiguous timestamp/simultaneous event sequence,11,invalid,False
3764440_p9_3e02d0c2,3764440,La Liga,7.718,6.0-8.0 sec,Pass,Pass,Elche,Elche,D,Ambiguous timestamp/simultaneous event sequence,9,invalid,False
3764440_p18_2c6a5aba,3764440,La Liga,6.812,6.0-8.0 sec,Interception,Ball Receipt*,Barcelona,Barcelona,D,Ambiguous timestamp/simultaneous event sequence,7,invalid,False
3764440_p34_4312b742,3764440,La Liga,6.552,6.0-8.0 sec,Pass,Duel,Barcelona,Barcelona,C,Multiple contested events (duels/50-50s) delayed clear possession establishment,11,invalid,False
3764440_p74_01cb61e3,3764440,La Liga,5.378,5.0-6.0 sec,Pressure,Block,Barcelona,Barcelona,E,Opponent sustained possession with 4+ actions; genuinely unlinked within 5.0s,6,ambiguous,False
3764440_p89_274c310f,3764440,La Liga,6.227,6.0-8.0 sec,Duel,Pass,Elche,Elche,C,Multiple contested events (duels/50-50s) delayed clear possession establishment,8,invalid,False
3764440_p136_b64041a8,3764440,La Liga,5.422,5.0-6.0 sec,Interception,Pass,Elche,Elche,D,Ambiguous timestamp/simultaneous event sequence,6,invalid,False
3837876_p123_aae5f929,3837876,Ligue 1,7.436,6.0-8.0 sec,Pressure,Clearance,Lille,Paris Saint-Germain,E,Opponent sustained possession with 4+ actions; genuinely unlinked within 5.0s,10,invalid,False
3837876_p138_ba7b1149,3837876,Ligue 1,6.755,6.0-8.0 sec,Pressure,Pass,Paris Saint-Germain,Lille,E,Opponent sustained possession with 4+ actions; genuinely unlinked within 5.0s,9,invalid,False
3837876_p142_a71c9995,3837876,Ligue 1,5.557,5.0-6.0 sec,Pressure,Pass,Paris Saint-Germain,Lille,E,Opponent sustained possession with 4+ actions; genuinely unlinked within 5.0s,8,ambiguous,False
3837876_p151_a50fc6d4,3837876,Ligue 1,6.924,6.0-8.0 sec,Pass,Ball Receipt*,Lille,Lille,D,Ambiguous timestamp/simultaneous event sequence,7,invalid,False
3837876_p163_dd71aa76,3837876,Ligue 1,7.766,6.0-8.0 sec,Pressure,Ball Receipt*,Lille,Paris Saint-Germain,E,Opponent sustained possession with 4+ actions; genuinely unlinked within 5.0s,8,invalid,False
3837876_p183_5271076b,3837876,Ligue 1,6.615,6.0-8.0 sec,Interception,Ball Receipt*,Lille,Lille,D,Ambiguous timestamp/simultaneous event sequence,8,invalid,False
3837876_p185_cb238c44,3837876,Ligue 1,6.606,6.0-8.0 sec,Duel,Pass,Lille,Lille,C,Multiple contested events (duels/50-50s) delayed clear possession establishment,8,invalid,False
3837928_p11_a4fd9963,3837928,Ligue 1,5.963,5.0-6.0 sec,Interception,Pass,Paris Saint-Germain,Paris Saint-Germain,D,Ambiguous timestamp/simultaneous event sequence,9,invalid,False
3837928_p13_e5b90cec,3837928,Ligue 1,7.983,6.0-8.0 sec,Duel,Ball Receipt*,Paris Saint-Germain,Paris Saint-Germain,C,Multiple contested events (duels/50-50s) delayed clear possession establishment,7,invalid,False
3837928_p70_80619ce6,3837928,Ligue 1,5.604,5.0-6.0 sec,Interception,Pass,Paris Saint-Germain,Paris Saint-Germain,D,Ambiguous timestamp/simultaneous event sequence,8,invalid,False
3837928_p97_6c493250,3837928,Ligue 1,5.226,5.0-6.0 sec,Interception,Pass,Lyon,Lyon,D,Ambiguous timestamp/simultaneous event sequence,6,invalid,False
3837928_p99_5bbaecf4,3837928,Ligue 1,6.174,6.0-8.0 sec,Pass,Pass,Lyon,Lyon,D,Ambiguous timestamp/simultaneous event sequence,6,invalid,False
3773625_p15_89ca8bca,3773625,La Liga,7.572,6.0-8.0 sec,Interception,Ball Receipt*,Sevilla,Sevilla,D,Ambiguous timestamp/simultaneous event sequence,8,invalid,False
3773625_p32_1e5e0514,3773625,La Liga,7.034,6.0-8.0 sec,Duel,Ball Receipt*,Barcelona,Barcelona,C,Multiple contested events (duels/50-50s) delayed clear possession establishment,10,invalid,False
3773625_p44_a2a4a177,3773625,La Liga,7.866,6.0-8.0 sec,Interception,Pass,Sevilla,Sevilla,D,Ambiguous timestamp/simultaneous event sequence,9,invalid,False
3773625_p50_e71d7ede,3773625,La Liga,7.865,6.0-8.0 sec,Pressure,Pass,Barcelona,Sevilla,E,Opponent sustained possession with 4+ actions; genuinely unlinked within 5.0s,10,invalid,False
3773625_p57_d129cd22,3773625,La Liga,7.684,6.0-8.0 sec,Pressure,Pass,Barcelona,Sevilla,E,Opponent sustained possession with 4+ actions; genuinely unlinked within 5.0s,8,invalid,False
3773625_p62_980bd67a,3773625,La Liga,5.252,5.0-6.0 sec,Interception,Pass,Sevilla,Sevilla,D,Ambiguous timestamp/simultaneous event sequence,6,invalid,False
3773625_p113_93f1473e,3773625,La Liga,6.633,6.0-8.0 sec,Pressure,Pass,Sevilla,Barcelona,E,Opponent sustained possession with 4+ actions; genuinely unlinked within 5.0s,7,invalid,False
3773625_p125_582a7cab,3773625,La Liga,5.015,5.0-6.0 sec,Pass,Pass,Barcelona,Barcelona,D,Ambiguous timestamp/simultaneous event sequence,6,ambiguous,False
3773625_p129_436b6b72,3773625,La Liga,7.509,6.0-8.0 sec,Duel,Pass,Barcelona,Barcelona,C,Multiple contested events (duels/50-50s) delayed clear possession establishment,8,invalid,False
3773625_p166_59d717c7,3773625,La Liga,6.755,6.0-8.0 sec,Pressure,Block,Sevilla,Barcelona,E,Opponent sustained possession with 4+ actions; genuinely unlinked within 5.0s,8,invalid,False
3773625_p173_5e3a7f79,3773625,La Liga,5.126,5.0-6.0 sec,Interception,Dribble,Sevilla,Sevilla,D,Ambiguous timestamp/simultaneous event sequence,8,ambiguous,False
3837827_p21_2cfc468d,3837827,Ligue 1,6.048,6.0-8.0 sec,Interception,Ball Receipt*,Paris Saint-Germain,Paris Saint-Germain,D,Ambiguous timestamp/simultaneous event sequence,8,invalid,False
3837827_p39_4436b79a,3837827,Ligue 1,7.149,6.0-8.0 sec,Pass,Ball Receipt*,Paris Saint-Germain,Paris Saint-Germain,D,Ambiguous timestamp/simultaneous event sequence,8,invalid,False
3837827_p59_05fcca76,3837827,Ligue 1,6.283,6.0-8.0 sec,Pressure,Interception,Paris Saint-Germain,Rennes,E,Opponent sustained possession with 4+ actions; genuinely unlinked within 5.0s,8,invalid,False
3837827_p92_866e75f1,3837827,Ligue 1,5.078,5.0-6.0 sec,Duel,Ball Receipt*,Paris Saint-Germain,Paris Saint-Germain,C,Multiple contested events (duels/50-50s) delayed clear possession establishment,7,ambiguous,False
3837827_p126_6dd326c9,3837827,Ligue 1,7.162,6.0-8.0 sec,Pass,Pass,Paris Saint-Germain,Paris Saint-Germain,D,Ambiguous timestamp/simultaneous event sequence,8,invalid,False
3837827_p131_5c7414eb,3837827,Ligue 1,7.316,6.0-8.0 sec,Pressure,Clearance,Rennes,Paris Saint-Germain,E,Opponent sustained possession with 4+ actions; genuinely unlinked within 5.0s,14,invalid,False
3837885_p22_e789fcde,3837885,Ligue 1,6.885,6.0-8.0 sec,Interception,Pass,Olympique de Marseille,Olympique de Marseille,D,Ambiguous timestamp/simultaneous event sequence,11,invalid,False
3837885_p69_098da345,3837885,Ligue 1,5.318,5.0-6.0 sec,Pressure,Interception,Olympique de Marseille,Olympique de Marseille,B,StatsBomb possession indexing retained pressing team despite brief contestation,3,ambiguous,False
3837885_p74_8fecf579,3837885,Ligue 1,6.371,6.0-8.0 sec,Block,Pass,Olympique de Marseille,Olympique de Marseille,D,Ambiguous timestamp/simultaneous event sequence,6,invalid,False
3837885_p96_5c48fd56,3837885,Ligue 1,6.392,6.0-8.0 sec,Pressure,Interception,Paris Saint-Germain,Olympique de Marseille,E,Opponent sustained possession with 4+ actions; genuinely unlinked within 5.0s,9,invalid,False
3837885_p110_309b1865,3837885,Ligue 1,6.299,6.0-8.0 sec,Interception,Pass,Paris Saint-Germain,Paris Saint-Germain,D,Ambiguous timestamp/simultaneous event sequence,9,invalid,False
3837885_p116_b4067e45,3837885,Ligue 1,5.967,5.0-6.0 sec,Interception,Pass,Paris Saint-Germain,Paris Saint-Germain,D,Ambiguous timestamp/simultaneous event sequence,6,invalid,False
3837885_p172_601703e9,3837885,Ligue 1,7.877,6.0-8.0 sec,Duel,Pass,Olympique de Marseille,Olympique de Marseille,C,Multiple contested events (duels/50-50s) delayed clear possession establishment,10,invalid,False
3837818_p11_d1073642,3837818,Ligue 1,7.696,6.0-8.0 sec,Interception,Ball Receipt*,Angers,Angers,D,Ambiguous timestamp/simultaneous event sequence,15,invalid,False
3837818_p16_31586cbf,3837818,Ligue 1,6.246,6.0-8.0 sec,Pass,Pass,Angers,Angers,D,Ambiguous timestamp/simultaneous event sequence,9,invalid,False
3837818_p22_27bda281,3837818,Ligue 1,7.024,6.0-8.0 sec,Interception,Ball Receipt*,Paris Saint-Germain,Paris Saint-Germain,D,Ambiguous timestamp/simultaneous event sequence,8,invalid,False
3837818_p35_e8ec2229,3837818,Ligue 1,6.564,6.0-8.0 sec,Interception,Ball Receipt*,Paris Saint-Germain,Paris Saint-Germain,D,Ambiguous timestamp/simultaneous event sequence,8,invalid,False
3837818_p66_3119d138,3837818,Ligue 1,5.911,5.0-6.0 sec,Pressure,Block,Paris Saint-Germain,Angers,E,Opponent sustained possession with 4+ actions; genuinely unlinked within 5.0s,8,ambiguous,False
3837818_p72_19a04dea,3837818,Ligue 1,7.501,6.0-8.0 sec,Interception,Pass,Paris Saint-Germain,Paris Saint-Germain,D,Ambiguous timestamp/simultaneous event sequence,12,invalid,False
3837818_p84_37cc4aed,3837818,Ligue 1,5.328,5.0-6.0 sec,Pressure,Pass,Paris Saint-Germain,Angers,E,Opponent sustained possession with 4+ actions; genuinely unlinked within 5.0s,10,invalid,False
3837818_p96_ccd2e797,3837818,Ligue 1,7.873,6.0-8.0 sec,Pressure,Ball Receipt*,Paris Saint-Germain,Angers,E,Opponent sustained possession with 4+ actions; genuinely unlinked within 5.0s,9,invalid,False
3837818_p119_069e404d,3837818,Ligue 1,6.199,6.0-8.0 sec,Pressure,Clearance,Paris Saint-Germain,Angers,A,Turnover detector linked to earlier action in chain or pass flight boundary,4,invalid,False
3837818_p135_dd16600e,3837818,Ligue 1,6.65,6.0-8.0 sec,Interception,Ball Receipt*,Paris Saint-Germain,Paris Saint-Germain,D,Ambiguous timestamp/simultaneous event sequence,8,invalid,False
3837818_p145_dd527f75,3837818,Ligue 1,7.301,6.0-8.0 sec,Pressure,Ball Recovery,Angers,Angers,E,Opponent sustained possession with 4+ actions; genuinely unlinked within 5.0s,6,invalid,False
3837839_p26_9f30e658,3837839,Ligue 1,6.626,6.0-8.0 sec,Pressure,Ball Receipt*,Stade de Reims,Paris Saint-Germain,E,Opponent sustained possession with 4+ actions; genuinely unlinked within 5.0s,9,invalid,False
3837839_p31_be57c0a1,3837839,Ligue 1,7.337,6.0-8.0 sec,Pressure,Ball Receipt*,Stade de Reims,Paris Saint-Germain,E,Opponent sustained possession with 4+ actions; genuinely unlinked within 5.0s,7,invalid,False
3837839_p37_3c353532,3837839,Ligue 1,6.311,6.0-8.0 sec,Interception,Pass,Stade de Reims,Stade de Reims,D,Ambiguous timestamp/simultaneous event sequence,8,invalid,False
3837839_p50_6d738afa,3837839,Ligue 1,5.333,5.0-6.0 sec,Pressure,Block,Paris Saint-Germain,Stade de Reims,A,Turnover detector linked to earlier action in chain or pass flight boundary,4,ambiguous,False
3837839_p50_0ff2c136,3837839,Ligue 1,5.122,5.0-6.0 sec,Interception,Ball Recovery,Stade de Reims,Stade de Reims,D,Ambiguous timestamp/simultaneous event sequence,8,ambiguous,False
3837839_p70_c53206e3,3837839,Ligue 1,7.149,6.0-8.0 sec,Pressure,Clearance,Stade de Reims,Paris Saint-Germain,E,Opponent sustained possession with 4+ actions; genuinely unlinked within 5.0s,5,invalid,False
3837839_p82_f034a9cb,3837839,Ligue 1,6.579,6.0-8.0 sec,Interception,Pass,Stade de Reims,Stade de Reims,D,Ambiguous timestamp/simultaneous event sequence,11,invalid,False
3837839_p92_1b58b57c,3837839,Ligue 1,5.906,5.0-6.0 sec,Pass,Pass,Stade de Reims,Stade de Reims,D,Ambiguous timestamp/simultaneous event sequence,12,invalid,False
3837839_p119_c4302d1f,3837839,Ligue 1,7.971,6.0-8.0 sec,Duel,Ball Receipt*,Paris Saint-Germain,Paris Saint-Germain,C,Multiple contested events (duels/50-50s) delayed clear possession establishment,7,invalid,False
3837839_p120_69507ca9,3837839,Ligue 1,6.27,6.0-8.0 sec,Pressure,Clearance,Stade de Reims,Stade de Reims,A,Turnover detector linked to earlier action in chain or pass flight boundary,4,invalid,False
3837839_p124_83e7884f,3837839,Ligue 1,7.552,6.0-8.0 sec,Interception,Pass,Stade de Reims,Stade de Reims,D,Ambiguous timestamp/simultaneous event sequence,9,invalid,False
3837839_p140_e90762e3,3837839,Ligue 1,5.858,5.0-6.0 sec,Pressure,Pass,Paris Saint-Germain,Stade de Reims,E,Opponent sustained possession with 4+ actions; genuinely unlinked within 5.0s,7,invalid,False
3837659_p8_de6c5e6c,3837659,Ligue 1,5.985,5.0-6.0 sec,Pass,Pass,Paris Saint-Germain,Paris Saint-Germain,D,Ambiguous timestamp/simultaneous event sequence,6,invalid,False
3837659_p10_7e191017,3837659,Ligue 1,5.057,5.0-6.0 sec,Pressure,Interception,Paris Saint-Germain,Paris Saint-Germain,A,Turnover detector linked to earlier action in chain or pass flight boundary,4,ambiguous,False
3837659_p27_f16f3318,3837659,Ligue 1,7.315,6.0-8.0 sec,Interception,Ball Receipt*,Paris Saint-Germain,Paris Saint-Germain,D,Ambiguous timestamp/simultaneous event sequence,11,invalid,False
3837659_p34_611d29e1,3837659,Ligue 1,7.036,6.0-8.0 sec,Interception,Pass,Paris Saint-Germain,Paris Saint-Germain,D,Ambiguous timestamp/simultaneous event sequence,9,invalid,False
3837659_p72_0c85dba8,3837659,Ligue 1,6.439,6.0-8.0 sec,Duel,Ball Recovery,Montpellier,Montpellier,C,Multiple contested events (duels/50-50s) delayed clear possession establishment,7,invalid,False
3837659_p79_f6fce84b,3837659,Ligue 1,5.314,5.0-6.0 sec,Interception,Pass,Paris Saint-Germain,Paris Saint-Germain,E,Opponent sustained possession with 4+ actions; genuinely unlinked within 5.0s,8,ambiguous,False
3837659_p116_779b4787,3837659,Ligue 1,6.702,6.0-8.0 sec,Pass,Ball Receipt*,Montpellier,Montpellier,D,Ambiguous timestamp/simultaneous event sequence,11,invalid,False
3837659_p122_9ea61044,3837659,Ligue 1,7.512,6.0-8.0 sec,Pass,Pass,Montpellier,Montpellier,D,Ambiguous timestamp/simultaneous event sequence,12,invalid,False
3837659_p123_93b46285,3837659,Ligue 1,6.527,6.0-8.0 sec,Pressure,Interception,Montpellier,Paris Saint-Germain,E,Opponent sustained possession with 4+ actions; genuinely unlinked within 5.0s,8,invalid,False
3837659_p140_788fb111,3837659,Ligue 1,6.8,6.0-8.0 sec,Pressure,Pass,Montpellier,Paris Saint-Germain,E,Opponent sustained possession with 4+ actions; genuinely unlinked within 5.0s,7,invalid,False
3837659_p144_8ddd42cc,3837659,Ligue 1,7.751,6.0-8.0 sec,Pass,Pass,Paris Saint-Germain,Paris Saint-Germain,D,Ambiguous timestamp/simultaneous event sequence,9,invalid,False
3837659_p164_116c0170,3837659,Ligue 1,7.03,6.0-8.0 sec,Interception,Ball Receipt*,Paris Saint-Germain,Paris Saint-Germain,D,Ambiguous timestamp/simultaneous event sequence,13,invalid,False
3837659_p166_0691151a,3837659,Ligue 1,7.681,6.0-8.0 sec,Pass,Pass,Paris Saint-Germain,Paris Saint-Germain,E,Opponent sustained possession with 4+ actions; genuinely unlinked within 5.0s,7,invalid,False
3837902_p54_95862c91,3837902,Ligue 1,6.467,6.0-8.0 sec,Pressure,Pass,Stade Brestois,Paris Saint-Germain,E,Opponent sustained possession with 4+ actions; genuinely unlinked within 5.0s,5,invalid,False
3837902_p64_72fe19b0,3837902,Ligue 1,7.556,6.0-8.0 sec,Pressure,Ball Receipt*,Stade Brestois,Paris Saint-Germain,E,Opponent sustained possession with 4+ actions; genuinely unlinked within 5.0s,12,invalid,False
3837902_p67_14b49add,3837902,Ligue 1,6.617,6.0-8.0 sec,Pressure,Ball Receipt*,Stade Brestois,Paris Saint-Germain,E,Opponent sustained possession with 4+ actions; genuinely unlinked within 5.0s,11,invalid,False
3837902_p71_41cf940e,3837902,Ligue 1,6.838,6.0-8.0 sec,Pressure,Pass,Stade Brestois,Paris Saint-Germain,E,Opponent sustained possession with 4+ actions; genuinely unlinked within 5.0s,10,invalid,False
3837902_p134_e077955d,3837902,Ligue 1,7.398,6.0-8.0 sec,Pass,Pass,Stade Brestois,Stade Brestois,D,Ambiguous timestamp/simultaneous event sequence,11,invalid,False
3837902_p154_65f9f270,3837902,Ligue 1,7.078,6.0-8.0 sec,Pressure,Pass,Paris Saint-Germain,Stade Brestois,E,Opponent sustained possession with 4+ actions; genuinely unlinked within 5.0s,7,invalid,False
3837998_p105_40529484,3837998,Ligue 1,6.58,6.0-8.0 sec,Interception,Pass,Auxerre,Auxerre,D,Ambiguous timestamp/simultaneous event sequence,9,invalid,False
3837785_p7_52ec5aed,3837785,Ligue 1,6.668,6.0-8.0 sec,Pass,Ball Receipt*,Auxerre,Auxerre,D,Ambiguous timestamp/simultaneous event sequence,8,invalid,False
3837785_p22_84bc4dac,3837785,Ligue 1,6.801,6.0-8.0 sec,Interception,Ball Recovery,Auxerre,Auxerre,D,Ambiguous timestamp/simultaneous event sequence,8,invalid,False
3837785_p26_b8c8b7c8,3837785,Ligue 1,5.888,5.0-6.0 sec,Interception,Pass,Paris Saint-Germain,Paris Saint-Germain,D,Ambiguous timestamp/simultaneous event sequence,5,invalid,False
3837785_p49_dafe120c,3837785,Ligue 1,7.566,6.0-8.0 sec,Interception,Pass,Auxerre,Auxerre,D,Ambiguous timestamp/simultaneous event sequence,9,invalid,False
3837785_p72_65a83fe6,3837785,Ligue 1,6.956,6.0-8.0 sec,Interception,Ball Receipt*,Paris Saint-Germain,Paris Saint-Germain,D,Ambiguous timestamp/simultaneous event sequence,7,invalid,False
3837785_p77_258d388e,3837785,Ligue 1,6.098,6.0-8.0 sec,Interception,Pass,Paris Saint-Germain,Paris Saint-Germain,D,Ambiguous timestamp/simultaneous event sequence,10,invalid,False
3837785_p88_083809c8,3837785,Ligue 1,5.735,5.0-6.0 sec,Pass,Pass,Auxerre,Auxerre,D,Ambiguous timestamp/simultaneous event sequence,12,ambiguous,False
3837785_p104_f095ac90,3837785,Ligue 1,6.333,6.0-8.0 sec,Interception,Ball Receipt*,Paris Saint-Germain,Paris Saint-Germain,D,Ambiguous timestamp/simultaneous event sequence,7,invalid,False
3837785_p106_2213502c,3837785,Ligue 1,5.729,5.0-6.0 sec,Duel,Ball Receipt*,Paris Saint-Germain,Paris Saint-Germain,C,Multiple contested events (duels/50-50s) delayed clear possession establishment,7,invalid,False
3837785_p117_a1f42624,3837785,Ligue 1,6.343,6.0-8.0 sec,Pressure,Pass,Auxerre,Auxerre,A,Turnover detector linked to earlier action in chain or pass flight boundary,4,invalid,False
3837785_p124_9d3dfbd8,3837785,Ligue 1,5.203,5.0-6.0 sec,Pressure,Pass,Auxerre,Auxerre,E,Opponent sustained possession with 4+ actions; genuinely unlinked within 5.0s,7,invalid,False
3837785_p130_4edd519a,3837785,Ligue 1,7.249,6.0-8.0 sec,Pass,Pass,Paris Saint-Germain,Paris Saint-Germain,D,Ambiguous timestamp/simultaneous event sequence,8,invalid,False
3837947_p32_40a88aba,3837947,Ligue 1,7.228,6.0-8.0 sec,Pass,Ball Receipt*,Lens,Lens,D,Ambiguous timestamp/simultaneous event sequence,8,invalid,False
3837947_p61_645d9104,3837947,Ligue 1,7.224,6.0-8.0 sec,Pass,Pass,Lens,Lens,D,Ambiguous timestamp/simultaneous event sequence,9,invalid,False
3837947_p62_3599372e,3837947,Ligue 1,5.532,5.0-6.0 sec,Pressure,Duel,Lens,Lens,C,Multiple contested events (duels/50-50s) delayed clear possession establishment,7,ambiguous,False
3837947_p64_c140bca4,3837947,Ligue 1,7.722,6.0-8.0 sec,Pass,Pass,Lens,Lens,D,Ambiguous timestamp/simultaneous event sequence,9,invalid,False
3837947_p77_3ebdd464,3837947,Ligue 1,7.742,6.0-8.0 sec,Pass,Ball Receipt*,Lens,Lens,D,Ambiguous timestamp/simultaneous event sequence,18,invalid,False
3837947_p104_a369c3c5,3837947,Ligue 1,6.822,6.0-8.0 sec,Pass,Ball Receipt*,Lens,Lens,C,Multiple contested events (duels/50-50s) delayed clear possession establishment,9,invalid,False
3837954_p27_359dc2cd,3837954,Ligue 1,7.924,6.0-8.0 sec,Pressure,Ball Recovery,Paris Saint-Germain,Paris Saint-Germain,E,Opponent sustained possession with 4+ actions; genuinely unlinked within 5.0s,6,invalid,False
3837954_p45_32e1ad1a,3837954,Ligue 1,7.71,6.0-8.0 sec,Duel,Pass,Angers,Angers,C,Multiple contested events (duels/50-50s) delayed clear possession establishment,11,invalid,False
3837954_p55_796151c8,3837954,Ligue 1,6.796,6.0-8.0 sec,Block,Interception,Paris Saint-Germain,Paris Saint-Germain,D,Ambiguous timestamp/simultaneous event sequence,7,invalid,False
3837954_p77_4c444c53,3837954,Ligue 1,7.743,6.0-8.0 sec,Interception,Ball Receipt*,Angers,Angers,D,Ambiguous timestamp/simultaneous event sequence,11,invalid,False
3837954_p100_dc48c3ba,3837954,Ligue 1,6.318,6.0-8.0 sec,Interception,Pass,Angers,Angers,D,Ambiguous timestamp/simultaneous event sequence,12,invalid,False
3837954_p128_34e9846c,3837954,Ligue 1,7.083,6.0-8.0 sec,Interception,Ball Receipt*,Paris Saint-Germain,Paris Saint-Germain,D,Ambiguous timestamp/simultaneous event sequence,8,invalid,False
3837747_p3_af4c9b03,3837747,Ligue 1,7.199,6.0-8.0 sec,Pressure,Interception,Paris Saint-Germain,Paris Saint-Germain,E,Opponent sustained possession with 4+ actions; genuinely unlinked within 5.0s,6,invalid,False
3837747_p16_e182e624,3837747,Ligue 1,7.715,6.0-8.0 sec,Pressure,Pass,Paris Saint-Germain,Marseille,E,Opponent sustained possession with 4+ actions; genuinely unlinked within 5.0s,13,invalid,False
3837747_p32_d95825bf,3837747,Ligue 1,7.14,6.0-8.0 sec,Interception,Ball Receipt*,Paris Saint-Germain,Paris Saint-Germain,D,Ambiguous timestamp/simultaneous event sequence,8,invalid,False
3837747_p54_e5988ca2,3837747,Ligue 1,5.639,5.0-6.0 sec,Pass,Pass,Paris Saint-Germain,Paris Saint-Germain,D,Ambiguous timestamp/simultaneous event sequence,7,ambiguous,False
3837747_p76_e46f108a,3837747,Ligue 1,6.42,6.0-8.0 sec,Interception,Pass,Paris Saint-Germain,Paris Saint-Germain,D,Ambiguous timestamp/simultaneous event sequence,6,invalid,False
3837747_p87_36697ddb,3837747,Ligue 1,6.99,6.0-8.0 sec,Pressure,Ball Receipt*,Marseille,Paris Saint-Germain,E,Opponent sustained possession with 4+ actions; genuinely unlinked within 5.0s,7,invalid,False
3837747_p103_833fc01a,3837747,Ligue 1,5.858,5.0-6.0 sec,Pressure,Duel,Paris Saint-Germain,Paris Saint-Germain,C,Multiple contested events (duels/50-50s) delayed clear possession establishment,5,ambiguous,False
3837747_p111_0c0cad77,3837747,Ligue 1,7.284,6.0-8.0 sec,Pass,Pass,Marseille,Marseille,D,Ambiguous timestamp/simultaneous event sequence,12,invalid,False
3837747_p135_b67530fb,3837747,Ligue 1,7.259,6.0-8.0 sec,Interception,Ball Recovery,Paris Saint-Germain,Paris Saint-Germain,D,Ambiguous timestamp/simultaneous event sequence,8,invalid,False
3837896_p3_05b1cb65,3837896,Ligue 1,7.262,6.0-8.0 sec,Interception,Ball Receipt*,Nantes,Nantes,D,Ambiguous timestamp/simultaneous event sequence,8,invalid,False
3837896_p18_aa5ac45b,3837896,Ligue 1,5.429,5.0-6.0 sec,Interception,Pass,Paris Saint-Germain,Paris Saint-Germain,D,Ambiguous timestamp/simultaneous event sequence,6,ambiguous,False
3837896_p25_83c3b907,3837896,Ligue 1,7.169,6.0-8.0 sec,Interception,Pass,Paris Saint-Germain,Paris Saint-Germain,D,Ambiguous timestamp/simultaneous event sequence,9,invalid,False
3837896_p61_4c29cf96,3837896,Ligue 1,5.654,5.0-6.0 sec,Duel,Duel,Paris Saint-Germain,Paris Saint-Germain,C,Multiple contested events (duels/50-50s) delayed clear possession establishment,5,ambiguous,False
3837896_p98_683e6bf0,3837896,Ligue 1,6.035,6.0-8.0 sec,Interception,Pass,Paris Saint-Germain,Paris Saint-Germain,D,Ambiguous timestamp/simultaneous event sequence,9,invalid,False
3837896_p109_cd68eaaa,3837896,Ligue 1,7.118,6.0-8.0 sec,Pressure,Ball Receipt*,Nantes,Paris Saint-Germain,E,Opponent sustained possession with 4+ actions; genuinely unlinked within 5.0s,9,invalid,False
3837896_p116_d79f1a79,3837896,Ligue 1,7.012,6.0-8.0 sec,Pressure,Ball Receipt*,Nantes,Paris Saint-Germain,E,Opponent sustained possession with 4+ actions; genuinely unlinked within 5.0s,12,invalid,False
3837896_p136_c0122811,3837896,Ligue 1,6.596,6.0-8.0 sec,Pressure,Pass,Nantes,Nantes,E,Opponent sustained possession with 4+ actions; genuinely unlinked within 5.0s,7,invalid,False
3837896_p140_28996d2c,3837896,Ligue 1,7.509,6.0-8.0 sec,Pass,Ball Receipt*,Paris Saint-Germain,Paris Saint-Germain,D,Ambiguous timestamp/simultaneous event sequence,8,invalid,False
3837896_p160_0dcb0f0b,3837896,Ligue 1,6.941,6.0-8.0 sec,Pressure,Pass,Paris Saint-Germain,Nantes,E,Opponent sustained possession with 4+ actions; genuinely unlinked within 5.0s,5,invalid,False
3837896_p165_21e2a7e5,3837896,Ligue 1,5.751,5.0-6.0 sec,Interception,Pass,Paris Saint-Germain,Paris Saint-Germain,D,Ambiguous timestamp/simultaneous event sequence,6,invalid,False
3837963_p30_515ce045,3837963,Ligue 1,5.644,5.0-6.0 sec,Pass,Ball Receipt*,Lorient,Lorient,D,Ambiguous timestamp/simultaneous event sequence,7,invalid,False
3837963_p43_65c99650,3837963,Ligue 1,6.733,6.0-8.0 sec,Interception,Pass,Paris Saint-Germain,Paris Saint-Germain,D,Ambiguous timestamp/simultaneous event sequence,9,invalid,False
3837963_p49_beb68e0b,3837963,Ligue 1,5.176,5.0-6.0 sec,Pass,Duel,Lorient,Lorient,C,Multiple contested events (duels/50-50s) delayed clear possession establishment,6,ambiguous,False
3837963_p92_137309fb,3837963,Ligue 1,5.708,5.0-6.0 sec,Interception,Pass,Lorient,Lorient,D,Ambiguous timestamp/simultaneous event sequence,15,invalid,False
3837963_p102_221d3a72,3837963,Ligue 1,6.224,6.0-8.0 sec,Interception,Pass,Lorient,Lorient,D,Ambiguous timestamp/simultaneous event sequence,9,invalid,False
3837963_p103_44382fa8,3837963,Ligue 1,7.112,6.0-8.0 sec,Interception,Ball Receipt*,Paris Saint-Germain,Paris Saint-Germain,D,Ambiguous timestamp/simultaneous event sequence,10,invalid,False
3837963_p128_b20659dc,3837963,Ligue 1,6.965,6.0-8.0 sec,Pressure,Ball Receipt*,Lorient,Paris Saint-Germain,E,Opponent sustained possession with 4+ actions; genuinely unlinked within 5.0s,9,invalid,False
3837963_p129_15c78b90,3837963,Ligue 1,5.388,5.0-6.0 sec,Pressure,Ball Receipt*,Lorient,Paris Saint-Germain,E,Opponent sustained possession with 4+ actions; genuinely unlinked within 5.0s,6,ambiguous,False
3837963_p132_6dcfa1a2,3837963,Ligue 1,5.106,5.0-6.0 sec,Pressure,Pass,Lorient,Paris Saint-Germain,E,Opponent sustained possession with 4+ actions; genuinely unlinked within 5.0s,8,ambiguous,False
3837963_p151_9630ec39,3837963,Ligue 1,6.004,6.0-8.0 sec,Duel,Pass,Paris Saint-Germain,Paris Saint-Germain,C,Multiple contested events (duels/50-50s) delayed clear possession establishment,5,invalid,False
3837963_p159_0dea3f90,3837963,Ligue 1,5.061,5.0-6.0 sec,Interception,Pass,Paris Saint-Germain,Paris Saint-Germain,D,Ambiguous timestamp/simultaneous event sequence,6,invalid,False
3837963_p178_4d2f59e2,3837963,Ligue 1,7.89,6.0-8.0 sec,Pressure,Pass,Lorient,Paris Saint-Germain,E,Opponent sustained possession with 4+ actions; genuinely unlinked within 5.0s,10,invalid,False
3837650_p13_1e0a2fea,3837650,Ligue 1,6.085,6.0-8.0 sec,Pressure,Pass,Clermont Foot,Paris Saint-Germain,E,Opponent sustained possession with 4+ actions; genuinely unlinked within 5.0s,7,invalid,False
3837650_p18_67f31349,3837650,Ligue 1,5.089,5.0-6.0 sec,Duel,Clearance,Clermont Foot,Paris Saint-Germain,C,Multiple contested events (duels/50-50s) delayed clear possession establishment,9,ambiguous,False
3837650_p47_0b019b5a,3837650,Ligue 1,5.824,5.0-6.0 sec,Pass,Pass,Paris Saint-Germain,Paris Saint-Germain,D,Ambiguous timestamp/simultaneous event sequence,6,invalid,False
3837650_p66_33465862,3837650,Ligue 1,7.092,6.0-8.0 sec,Interception,Ball Receipt*,Clermont Foot,Clermont Foot,D,Ambiguous timestamp/simultaneous event sequence,11,invalid,False
3837650_p121_4c4f29cd,3837650,Ligue 1,7.709,6.0-8.0 sec,Interception,Pass,Paris Saint-Germain,Paris Saint-Germain,D,Ambiguous timestamp/simultaneous event sequence,9,invalid,False
3837650_p125_2ee10e18,3837650,Ligue 1,5.998,5.0-6.0 sec,Duel,Ball Recovery,Clermont Foot,Clermont Foot,C,Multiple contested events (duels/50-50s) delayed clear possession establishment,10,ambiguous,False
3837650_p139_424539e6,3837650,Ligue 1,6.358,6.0-8.0 sec,Interception,Ball Receipt*,Paris Saint-Germain,Paris Saint-Germain,D,Ambiguous timestamp/simultaneous event sequence,12,invalid,False
3837650_p144_f5f61aee,3837650,Ligue 1,6.662,6.0-8.0 sec,Pass,Ball Receipt*,Clermont Foot,Clermont Foot,D,Ambiguous timestamp/simultaneous event sequence,11,invalid,False
3837844_p3_b5d57e7f,3837844,Ligue 1,6.939,6.0-8.0 sec,Interception,Pass,Montpellier,Montpellier,D,Ambiguous timestamp/simultaneous event sequence,10,invalid,False
3837844_p7_118993ef,3837844,Ligue 1,6.673,6.0-8.0 sec,Interception,Pass,Montpellier,Montpellier,D,Ambiguous timestamp/simultaneous event sequence,6,invalid,False
3837844_p22_8429d671,3837844,Ligue 1,7.366,6.0-8.0 sec,Interception,Pass,Paris Saint-Germain,Paris Saint-Germain,D,Ambiguous timestamp/simultaneous event sequence,9,invalid,False
3837844_p144_d89554d6,3837844,Ligue 1,7.945,6.0-8.0 sec,Pass,Ball Receipt*,Paris Saint-Germain,Paris Saint-Germain,D,Ambiguous timestamp/simultaneous event sequence,12,invalid,False
3837844_p154_cd800a42,3837844,Ligue 1,7.56,6.0-8.0 sec,Interception,Pressure,Paris Saint-Germain,Paris Saint-Germain,D,Ambiguous timestamp/simultaneous event sequence,9,invalid,False
3837859_p7_52a41e6f,3837859,Ligue 1,5.925,5.0-6.0 sec,Interception,Pass,Toulouse,Toulouse,D,Ambiguous timestamp/simultaneous event sequence,9,ambiguous,False
3837859_p46_a2ece2f7,3837859,Ligue 1,7.749,6.0-8.0 sec,Interception,Ball Receipt*,Paris Saint-Germain,Paris Saint-Germain,D,Ambiguous timestamp/simultaneous event sequence,11,invalid,False
3837859_p70_c5ad2fc8,3837859,Ligue 1,7.441,6.0-8.0 sec,Interception,Ball Receipt*,Toulouse,Toulouse,D,Ambiguous timestamp/simultaneous event sequence,8,invalid,False
3837859_p77_0b537a3f,3837859,Ligue 1,5.118,5.0-6.0 sec,Pressure,Duel,Toulouse,Paris Saint-Germain,C,Multiple contested events (duels/50-50s) delayed clear possession establishment,4,ambiguous,False
3837859_p119_108b7ea2,3837859,Ligue 1,5.969,5.0-6.0 sec,Interception,Ball Receipt*,Paris Saint-Germain,Paris Saint-Germain,D,Ambiguous timestamp/simultaneous event sequence,8,ambiguous,False
3837859_p128_ad2674c0,3837859,Ligue 1,7.565,6.0-8.0 sec,Interception,Pass,Toulouse,Toulouse,D,Ambiguous timestamp/simultaneous event sequence,14,invalid,False
3837859_p137_ac5f6765,3837859,Ligue 1,6.182,6.0-8.0 sec,Interception,Pass,Paris Saint-Germain,Paris Saint-Germain,D,Ambiguous timestamp/simultaneous event sequence,7,invalid,False
3837771_p11_6485ae70,3837771,Ligue 1,6.391,6.0-8.0 sec,Pressure,Clearance,Troyes,Paris Saint-Germain,E,Opponent sustained possession with 4+ actions; genuinely unlinked within 5.0s,5,invalid,False
3837771_p25_62269fcf,3837771,Ligue 1,7.32,6.0-8.0 sec,Pressure,Clearance,Paris Saint-Germain,Troyes,E,Opponent sustained possession with 4+ actions; genuinely unlinked within 5.0s,7,invalid,False
3837771_p34_958a9c8c,3837771,Ligue 1,5.922,5.0-6.0 sec,Interception,Duel,Troyes,Troyes,C,Multiple contested events (duels/50-50s) delayed clear possession establishment,10,ambiguous,False
3837771_p47_1d7c502e,3837771,Ligue 1,6.272,6.0-8.0 sec,Pressure,Interception,Paris Saint-Germain,Troyes,E,Opponent sustained possession with 4+ actions; genuinely unlinked within 5.0s,7,invalid,False
3837771_p53_a86351e7,3837771,Ligue 1,7.197,6.0-8.0 sec,Interception,Ball Receipt*,Paris Saint-Germain,Paris Saint-Germain,D,Ambiguous timestamp/simultaneous event sequence,11,invalid,False
3837771_p86_c31ef7c0,3837771,Ligue 1,7.391,6.0-8.0 sec,Pressure,Pass,Troyes,Paris Saint-Germain,E,Opponent sustained possession with 4+ actions; genuinely unlinked within 5.0s,10,invalid,False
3837771_p136_1a661e03,3837771,Ligue 1,6.821,6.0-8.0 sec,Interception,Pass,Paris Saint-Germain,Paris Saint-Germain,D,Ambiguous timestamp/simultaneous event sequence,9,invalid,False
3837683_p4_a1a88208,3837683,Ligue 1,7.285,6.0-8.0 sec,Duel,Block,Paris Saint-Germain,Paris Saint-Germain,C,Multiple contested events (duels/50-50s) delayed clear possession establishment,8,invalid,False
3837683_p14_42c613b4,3837683,Ligue 1,6.272,6.0-8.0 sec,Pass,Pass,Paris Saint-Germain,Paris Saint-Germain,D,Ambiguous timestamp/simultaneous event sequence,6,invalid,False
3837683_p19_66077fb9,3837683,Ligue 1,5.437,5.0-6.0 sec,Pressure,Interception,Toulouse,Toulouse,E,Opponent sustained possession with 4+ actions; genuinely unlinked within 5.0s,6,ambiguous,False
3837683_p28_ce7e87d7,3837683,Ligue 1,7.617,6.0-8.0 sec,Pressure,Ball Receipt*,Toulouse,Paris Saint-Germain,E,Opponent sustained possession with 4+ actions; genuinely unlinked within 5.0s,12,invalid,False
3837683_p32_6f932bec,3837683,Ligue 1,5.952,5.0-6.0 sec,Pressure,Pass,Toulouse,Paris Saint-Germain,E,Opponent sustained possession with 4+ actions; genuinely unlinked within 5.0s,6,invalid,False
3837683_p39_97869a0a,3837683,Ligue 1,7.016,6.0-8.0 sec,Interception,Pass,Toulouse,Paris Saint-Germain,D,Ambiguous timestamp/simultaneous event sequence,13,invalid,False
3837683_p57_b18398dd,3837683,Ligue 1,7.967,6.0-8.0 sec,Pressure,Ball Receipt*,Toulouse,Paris Saint-Germain,E,Opponent sustained possession with 4+ actions; genuinely unlinked within 5.0s,6,invalid,False
3837683_p149_e3316f97,3837683,Ligue 1,6.995,6.0-8.0 sec,Pressure,Ball Receipt*,Toulouse,Paris Saint-Germain,E,Opponent sustained possession with 4+ actions; genuinely unlinked within 5.0s,14,invalid,False
3837683_p177_53a711cb,3837683,Ligue 1,7.249,6.0-8.0 sec,Pass,Pass,Toulouse,Toulouse,D,Ambiguous timestamp/simultaneous event sequence,7,invalid,False
3837683_p184_0a4cd700,3837683,Ligue 1,7.55,6.0-8.0 sec,Block,Ball Receipt*,Paris Saint-Germain,Paris Saint-Germain,E,Opponent sustained possession with 4+ actions; genuinely unlinked within 5.0s,12,invalid,False
3837683_p194_3c9f1175,3837683,Ligue 1,6.209,6.0-8.0 sec,Pass,Ball Receipt*,Toulouse,Toulouse,D,Ambiguous timestamp/simultaneous event sequence,8,invalid,False
3837938_p3_bd3537f6,3837938,Ligue 1,7.757,6.0-8.0 sec,Interception,Pass,OGC Nice,OGC Nice,D,Ambiguous timestamp/simultaneous event sequence,12,invalid,False
3837938_p7_754c50ab,3837938,Ligue 1,6.569,6.0-8.0 sec,Pass,Pass,OGC Nice,OGC Nice,D,Ambiguous timestamp/simultaneous event sequence,6,invalid,False
3837938_p21_2fd03fa4,3837938,Ligue 1,5.047,5.0-6.0 sec,Pass,Ball Receipt*,OGC Nice,OGC Nice,D,Ambiguous timestamp/simultaneous event sequence,8,ambiguous,False
3837938_p24_538c8566,3837938,Ligue 1,6.794,6.0-8.0 sec,Pass,Ball Receipt*,OGC Nice,OGC Nice,D,Ambiguous timestamp/simultaneous event sequence,11,invalid,False
3837938_p59_70a5bef7,3837938,Ligue 1,5.507,5.0-6.0 sec,Pass,Pass,Paris Saint-Germain,Paris Saint-Germain,D,Ambiguous timestamp/simultaneous event sequence,6,invalid,False
3837938_p74_3033dd0e,3837938,Ligue 1,6.682,6.0-8.0 sec,Interception,Ball Receipt*,Paris Saint-Germain,Paris Saint-Germain,D,Ambiguous timestamp/simultaneous event sequence,11,invalid,False
3837938_p99_cfcd75dc,3837938,Ligue 1,6.941,6.0-8.0 sec,Pass,Ball Receipt*,OGC Nice,OGC Nice,D,Ambiguous timestamp/simultaneous event sequence,8,invalid,False
3837938_p147_755b44c4,3837938,Ligue 1,7.689,6.0-8.0 sec,Interception,Ball Receipt*,Paris Saint-Germain,Paris Saint-Germain,D,Ambiguous timestamp/simultaneous event sequence,14,invalid,False
3837680_p22_ddee0f2a,3837680,Ligue 1,7.874,6.0-8.0 sec,Pass,Pass,AS Monaco,AS Monaco,D,Ambiguous timestamp/simultaneous event sequence,12,invalid,False
3837680_p29_bd16ca35,3837680,Ligue 1,5.16,5.0-6.0 sec,Interception,Pass,AS Monaco,AS Monaco,D,Ambiguous timestamp/simultaneous event sequence,9,ambiguous,False
3837680_p32_90856448,3837680,Ligue 1,7.271,6.0-8.0 sec,Duel,Pass,AS Monaco,AS Monaco,C,Multiple contested events (duels/50-50s) delayed clear possession establishment,8,invalid,False
3837680_p40_6cf070f6,3837680,Ligue 1,7.149,6.0-8.0 sec,Pass,Pass,AS Monaco,AS Monaco,D,Ambiguous timestamp/simultaneous event sequence,9,invalid,False
3837680_p52_e389cb50,3837680,Ligue 1,6.667,6.0-8.0 sec,Pressure,Goal Keeper,Paris Saint-Germain,AS Monaco,E,Opponent sustained possession with 4+ actions; genuinely unlinked within 5.0s,6,invalid,False
3837680_p61_68e32206,3837680,Ligue 1,7.5,6.0-8.0 sec,Pass,Ball Receipt*,AS Monaco,AS Monaco,D,Ambiguous timestamp/simultaneous event sequence,11,invalid,False
3837680_p67_6a245b6a,3837680,Ligue 1,6.088,6.0-8.0 sec,Interception,Pass,AS Monaco,AS Monaco,D,Ambiguous timestamp/simultaneous event sequence,9,invalid,False
3837680_p86_a5d82a26,3837680,Ligue 1,6.549,6.0-8.0 sec,Pressure,Interception,Paris Saint-Germain,Paris Saint-Germain,E,Opponent sustained possession with 4+ actions; genuinely unlinked within 5.0s,6,invalid,False
3837680_p99_ee759730,3837680,Ligue 1,7.212,6.0-8.0 sec,Pass,Ball Receipt*,AS Monaco,AS Monaco,D,Ambiguous timestamp/simultaneous event sequence,11,invalid,False
3837680_p118_f99fe8bc,3837680,Ligue 1,5.639,5.0-6.0 sec,Duel,Pass,Paris Saint-Germain,Paris Saint-Germain,C,Multiple contested events (duels/50-50s) delayed clear possession establishment,11,invalid,False
3837680_p150_8acfa597,3837680,Ligue 1,5.934,5.0-6.0 sec,Duel,Pass,AS Monaco,AS Monaco,C,Multiple contested events (duels/50-50s) delayed clear possession establishment,11,invalid,False
3838004_p11_dfdd21ef,3838004,Ligue 1,5.686,5.0-6.0 sec,Interception,Pass,Strasbourg,Strasbourg,D,Ambiguous timestamp/simultaneous event sequence,6,invalid,False
3838004_p17_345cca0b,3838004,Ligue 1,5.072,5.0-6.0 sec,Pressure,Goal Keeper,Strasbourg,Paris Saint-Germain,E,Opponent sustained possession with 4+ actions; genuinely unlinked within 5.0s,6,ambiguous,False
3838004_p85_3d7287ed,3838004,Ligue 1,5.681,5.0-6.0 sec,Pressure,Block,Strasbourg,Paris Saint-Germain,E,Opponent sustained possession with 4+ actions; genuinely unlinked within 5.0s,7,ambiguous,False
3837695_p26_2499ad40,3837695,Ligue 1,6.797,6.0-8.0 sec,Pressure,Ball Recovery,Paris Saint-Germain,Paris Saint-Germain,E,Opponent sustained possession with 4+ actions; genuinely unlinked within 5.0s,6,invalid,False
3837695_p38_64920645,3837695,Ligue 1,6.783,6.0-8.0 sec,Pass,Ball Receipt*,Nantes,Nantes,C,Multiple contested events (duels/50-50s) delayed clear possession establishment,7,invalid,False
3837695_p39_1f8787f3,3837695,Ligue 1,5.556,5.0-6.0 sec,Duel,Duel,Paris Saint-Germain,Paris Saint-Germain,C,Multiple contested events (duels/50-50s) delayed clear possession establishment,9,ambiguous,False
3837695_p41_f4277aa2,3837695,Ligue 1,6.739,6.0-8.0 sec,Duel,Pass,Nantes,Nantes,C,Multiple contested events (duels/50-50s) delayed clear possession establishment,8,invalid,False
3837695_p84_2f09252d,3837695,Ligue 1,7.804,6.0-8.0 sec,Block,Ball Receipt*,Nantes,Paris Saint-Germain,E,Opponent sustained possession with 4+ actions; genuinely unlinked within 5.0s,10,invalid,False
3837695_p90_3f675e09,3837695,Ligue 1,6.916,6.0-8.0 sec,Interception,Duel,Nantes,Nantes,C,Multiple contested events (duels/50-50s) delayed clear possession establishment,6,invalid,False
3837695_p127_f7074155,3837695,Ligue 1,7.667,6.0-8.0 sec,Interception,Ball Receipt*,Paris Saint-Germain,Paris Saint-Germain,D,Ambiguous timestamp/simultaneous event sequence,13,invalid,False
3837695_p150_38728146,3837695,Ligue 1,5.952,5.0-6.0 sec,Duel,Ball Receipt*,Nantes,Nantes,C,Multiple contested events (duels/50-50s) delayed clear possession establishment,6,invalid,False
3837717_p38_df440ac3,3837717,Ligue 1,6.602,6.0-8.0 sec,Pressure,Interception,Lyon,Paris Saint-Germain,E,Opponent sustained possession with 4+ actions; genuinely unlinked within 5.0s,8,invalid,False
3837717_p54_c9d58b78,3837717,Ligue 1,7.052,6.0-8.0 sec,Pressure,Pass,Lyon,Paris Saint-Germain,E,Opponent sustained possession with 4+ actions; genuinely unlinked within 5.0s,9,invalid,False
3837717_p58_217a7164,3837717,Ligue 1,6.403,6.0-8.0 sec,Interception,Pass,Lyon,Lyon,D,Ambiguous timestamp/simultaneous event sequence,9,invalid,False
3837717_p125_235faed9,3837717,Ligue 1,6.333,6.0-8.0 sec,Pass,Pass,Lyon,Lyon,D,Ambiguous timestamp/simultaneous event sequence,8,invalid,False
3837717_p137_0f9128da,3837717,Ligue 1,5.031,5.0-6.0 sec,Pressure,Pressure,Lyon,Paris Saint-Germain,E,Opponent sustained possession with 4+ actions; genuinely unlinked within 5.0s,7,ambiguous,False
3837717_p150_eb6a07f7,3837717,Ligue 1,7.22,6.0-8.0 sec,Duel,Ball Receipt*,Paris Saint-Germain,Paris Saint-Germain,C,Multiple contested events (duels/50-50s) delayed clear possession establishment,10,invalid,False
3837727_p31_0d62b588,3837727,Ligue 1,7.516,6.0-8.0 sec,Pass,Pass,Paris Saint-Germain,Paris Saint-Germain,D,Ambiguous timestamp/simultaneous event sequence,6,invalid,False
3837727_p65_bc36f425,3837727,Ligue 1,5.09,5.0-6.0 sec,Pass,Ball Receipt*,OGC Nice,OGC Nice,D,Ambiguous timestamp/simultaneous event sequence,8,ambiguous,False
3837727_p79_be61de2a,3837727,Ligue 1,6.276,6.0-8.0 sec,Interception,Pass,OGC Nice,OGC Nice,D,Ambiguous timestamp/simultaneous event sequence,9,invalid,False
3837727_p89_9a1f3c3d,3837727,Ligue 1,5.621,5.0-6.0 sec,Interception,Pass,OGC Nice,OGC Nice,D,Ambiguous timestamp/simultaneous event sequence,6,ambiguous,False
3837727_p97_36180aaf,3837727,Ligue 1,7.144,6.0-8.0 sec,Pass,Ball Receipt*,Paris Saint-Germain,Paris Saint-Germain,D,Ambiguous timestamp/simultaneous event sequence,9,invalid,False
3837727_p139_1d5ebc9e,3837727,Ligue 1,7.063,6.0-8.0 sec,Pressure,Ball Receipt*,Paris Saint-Germain,OGC Nice,E,Opponent sustained possession with 4+ actions; genuinely unlinked within 5.0s,9,invalid,False
3837727_p140_071ff3be,3837727,Ligue 1,7.692,6.0-8.0 sec,Interception,Ball Receipt*,Paris Saint-Germain,Paris Saint-Germain,D,Ambiguous timestamp/simultaneous event sequence,8,invalid,False
3837752_p17_8b909d1b,3837752,Ligue 1,5.359,5.0-6.0 sec,Interception,Pass,AC Ajaccio,AC Ajaccio,D,Ambiguous timestamp/simultaneous event sequence,5,invalid,False
3837752_p44_375634d5,3837752,Ligue 1,5.182,5.0-6.0 sec,Duel,Ball Receipt*,Paris Saint-Germain,Paris Saint-Germain,C,Multiple contested events (duels/50-50s) delayed clear possession establishment,7,invalid,False
3837752_p65_1f2189ed,3837752,Ligue 1,5.57,5.0-6.0 sec,Pass,Block,Paris Saint-Germain,Paris Saint-Germain,E,Opponent sustained possession with 4+ actions; genuinely unlinked within 5.0s,5,ambiguous,False
3837752_p76_78d4859c,3837752,Ligue 1,7.715,6.0-8.0 sec,Interception,Ball Receipt*,AC Ajaccio,AC Ajaccio,D,Ambiguous timestamp/simultaneous event sequence,8,invalid,False
3837752_p91_3a0cbba2,3837752,Ligue 1,5.938,5.0-6.0 sec,Duel,Ball Recovery,Paris Saint-Germain,Paris Saint-Germain,C,Multiple contested events (duels/50-50s) delayed clear possession establishment,10,ambiguous,False
3837752_p130_578ac49d,3837752,Ligue 1,7.524,6.0-8.0 sec,Duel,Dribble,AC Ajaccio,AC Ajaccio,C,Multiple contested events (duels/50-50s) delayed clear possession establishment,10,invalid,False
3837752_p138_351f4673,3837752,Ligue 1,5.206,5.0-6.0 sec,Duel,Pass,AC Ajaccio,AC Ajaccio,C,Multiple contested events (duels/50-50s) delayed clear possession establishment,5,invalid,False
3837662_p10_eee37676,3837662,Ligue 1,6.735,6.0-8.0 sec,Pass,Ball Receipt*,Lille,Lille,D,Ambiguous timestamp/simultaneous event sequence,10,invalid,False
3837662_p20_ddd56dd8,3837662,Ligue 1,5.887,5.0-6.0 sec,Pressure,Pass,Lille,Paris Saint-Germain,E,Opponent sustained possession with 4+ actions; genuinely unlinked within 5.0s,10,invalid,False
3837662_p29_dfed3d1c,3837662,Ligue 1,7.033,6.0-8.0 sec,Interception,Ball Receipt*,Lille,Paris Saint-Germain,D,Ambiguous timestamp/simultaneous event sequence,11,invalid,False
3837662_p36_65df70da,3837662,Ligue 1,6.605,6.0-8.0 sec,Interception,Clearance,Lille,Lille,D,Ambiguous timestamp/simultaneous event sequence,9,invalid,False
3837662_p42_1932c587,3837662,Ligue 1,6.124,6.0-8.0 sec,Interception,Pass,Paris Saint-Germain,Paris Saint-Germain,E,Opponent sustained possession with 4+ actions; genuinely unlinked within 5.0s,9,invalid,False
3837662_p71_ea7f82ec,3837662,Ligue 1,7.812,6.0-8.0 sec,Duel,Pass,Paris Saint-Germain,Paris Saint-Germain,C,Multiple contested events (duels/50-50s) delayed clear possession establishment,11,invalid,False
3837662_p77_48c9ddb8,3837662,Ligue 1,7.64,6.0-8.0 sec,Interception,Ball Receipt*,Paris Saint-Germain,Paris Saint-Germain,D,Ambiguous timestamp/simultaneous event sequence,13,invalid,False
3837662_p104_c3c8ffb7,3837662,Ligue 1,6.525,6.0-8.0 sec,Pressure,Pass,Lille,Paris Saint-Germain,E,Opponent sustained possession with 4+ actions; genuinely unlinked within 5.0s,10,invalid,False
3837662_p175_c68b0451,3837662,Ligue 1,6.663,6.0-8.0 sec,Interception,Ball Recovery,Paris Saint-Germain,Paris Saint-Germain,D,Ambiguous timestamp/simultaneous event sequence,8,invalid,False
3837662_p181_c74eee05,3837662,Ligue 1,6.539,6.0-8.0 sec,Duel,Ball Receipt*,Lille,Lille,C,Multiple contested events (duels/50-50s) delayed clear possession establishment,10,invalid,False
3803000_p12_e7519385,3803000,Ligue 1,7.517,6.0-8.0 sec,Interception,Ball Receipt*,Clermont Foot,Clermont Foot,D,Ambiguous timestamp/simultaneous event sequence,11,invalid,False
3803000_p18_8d0b4f71,3803000,Ligue 1,6.398,6.0-8.0 sec,Pressure,Pass,Clermont Foot,Paris Saint-Germain,E,Opponent sustained possession with 4+ actions; genuinely unlinked within 5.0s,8,invalid,False
3803000_p91_41d4a10a,3803000,Ligue 1,5.399,5.0-6.0 sec,Pass,Pass,Paris Saint-Germain,Paris Saint-Germain,D,Ambiguous timestamp/simultaneous event sequence,9,invalid,False
3803000_p125_37631b5e,3803000,Ligue 1,6.964,6.0-8.0 sec,Interception,Pass,Paris Saint-Germain,Paris Saint-Germain,D,Ambiguous timestamp/simultaneous event sequence,8,invalid,False
3803000_p137_1791fd60,3803000,Ligue 1,6.523,6.0-8.0 sec,Pressure,Pass,Clermont Foot,Paris Saint-Germain,E,Opponent sustained possession with 4+ actions; genuinely unlinked within 5.0s,11,invalid,False
3803000_p142_3810fdf6,3803000,Ligue 1,7.39,6.0-8.0 sec,Pressure,Ball Receipt*,Clermont Foot,Paris Saint-Germain,E,Opponent sustained possession with 4+ actions; genuinely unlinked within 5.0s,9,invalid,False
3803000_p153_9cf81e33,3803000,Ligue 1,7.265,6.0-8.0 sec,Pressure,Pass,Paris Saint-Germain,Clermont Foot,E,Opponent sustained possession with 4+ actions; genuinely unlinked within 5.0s,9,invalid,False
3803000_p159_8710e218,3803000,Ligue 1,6.899,6.0-8.0 sec,Pressure,Ball Receipt*,Paris Saint-Germain,Clermont Foot,E,Opponent sustained possession with 4+ actions; genuinely unlinked within 5.0s,9,invalid,False
3803000_p163_7d40cd0f,3803000,Ligue 1,7.664,6.0-8.0 sec,Pressure,Ball Receipt*,Paris Saint-Germain,Clermont Foot,E,Opponent sustained possession with 4+ actions; genuinely unlinked within 5.0s,9,invalid,False
3803000_p170_7e5ac33a,3803000,Ligue 1,7.123,6.0-8.0 sec,Pass,Ball Receipt*,Clermont Foot,Clermont Foot,D,Ambiguous timestamp/simultaneous event sequence,8,invalid,False
3803000_p177_e5cc69b6,3803000,Ligue 1,6.298,6.0-8.0 sec,Block,Interception,Paris Saint-Germain,Paris Saint-Germain,D,Ambiguous timestamp/simultaneous event sequence,7,invalid,False
3837706_p21_dad6d8a6,3837706,Ligue 1,6.74,6.0-8.0 sec,Pass,Pass,Stade Brestois,Stade Brestois,D,Ambiguous timestamp/simultaneous event sequence,14,invalid,False
3837706_p50_f25b0f81,3837706,Ligue 1,7.091,6.0-8.0 sec,Duel,Pass,Paris Saint-Germain,Paris Saint-Germain,C,Multiple contested events (duels/50-50s) delayed clear possession establishment,8,invalid,False
3837706_p85_a470b017,3837706,Ligue 1,7.312,6.0-8.0 sec,Pressure,Ball Receipt*,Paris Saint-Germain,Stade Brestois,E,Opponent sustained possession with 4+ actions; genuinely unlinked within 5.0s,9,invalid,False
3837706_p88_27fe646f,3837706,Ligue 1,6.935,6.0-8.0 sec,Pressure,Pass,Paris Saint-Germain,Stade Brestois,E,Opponent sustained possession with 4+ actions; genuinely unlinked within 5.0s,7,invalid,False
3837706_p105_02f96c34,3837706,Ligue 1,5.61,5.0-6.0 sec,Pressure,Clearance,Paris Saint-Germain,Paris Saint-Germain,E,Opponent sustained possession with 4+ actions; genuinely unlinked within 5.0s,5,ambiguous,False
3837706_p116_7989ea11,3837706,Ligue 1,5.01,5.0-6.0 sec,Interception,Pass,Paris Saint-Germain,Paris Saint-Germain,D,Ambiguous timestamp/simultaneous event sequence,7,ambiguous,False
3837706_p121_62861526,3837706,Ligue 1,7.474,6.0-8.0 sec,Interception,Ball Receipt*,Paris Saint-Germain,Paris Saint-Germain,D,Ambiguous timestamp/simultaneous event sequence,9,invalid,False
3837706_p140_5843d5c0,3837706,Ligue 1,6.195,6.0-8.0 sec,Pressure,Pass,Paris Saint-Germain,Stade Brestois,E,Opponent sustained possession with 4+ actions; genuinely unlinked within 5.0s,9,invalid,False
3837706_p145_ef143180,3837706,Ligue 1,7.887,6.0-8.0 sec,Pressure,Pass,Paris Saint-Germain,Stade Brestois,E,Opponent sustained possession with 4+ actions; genuinely unlinked within 5.0s,7,invalid,False
3802685_p6_4bc0e85f,3802685,Ligue 1,6.914,6.0-8.0 sec,Interception,Pass,Lens,Lens,E,Opponent sustained possession with 4+ actions; genuinely unlinked within 5.0s,10,invalid,False
3802685_p7_5bc20eff,3802685,Ligue 1,7.9,6.0-8.0 sec,Pass,Pass,Paris Saint-Germain,Paris Saint-Germain,D,Ambiguous timestamp/simultaneous event sequence,15,invalid,False
3802685_p18_93d85df6,3802685,Ligue 1,5.472,5.0-6.0 sec,Block,Ball Recovery,Lens,Lens,D,Ambiguous timestamp/simultaneous event sequence,8,ambiguous,False
3802685_p23_12ff7116,3802685,Ligue 1,6.956,6.0-8.0 sec,Pass,Ball Receipt*,Lens,Lens,D,Ambiguous timestamp/simultaneous event sequence,10,invalid,False
3802685_p45_b0498dbb,3802685,Ligue 1,7.322,6.0-8.0 sec,Pressure,Ball Receipt*,Lens,Paris Saint-Germain,E,Opponent sustained possession with 4+ actions; genuinely unlinked within 5.0s,9,invalid,False
3802685_p74_5168d6a7,3802685,Ligue 1,7.968,6.0-8.0 sec,Interception,Pass,Lens,Lens,D,Ambiguous timestamp/simultaneous event sequence,9,invalid,False
3802685_p78_4c008389,3802685,Ligue 1,5.762,5.0-6.0 sec,Pressure,Goal Keeper,Paris Saint-Germain,Lens,E,Opponent sustained possession with 4+ actions; genuinely unlinked within 5.0s,7,ambiguous,False
3802685_p91_368cbaea,3802685,Ligue 1,6.216,6.0-8.0 sec,Pass,Pass,Lens,Lens,D,Ambiguous timestamp/simultaneous event sequence,6,invalid,False
3802685_p97_3f6c8d29,3802685,Ligue 1,5.845,5.0-6.0 sec,Pass,Pass,Paris Saint-Germain,Paris Saint-Germain,D,Ambiguous timestamp/simultaneous event sequence,6,ambiguous,False
3802685_p114_45ce12a2,3802685,Ligue 1,6.005,6.0-8.0 sec,Pass,Pass,Paris Saint-Germain,Paris Saint-Germain,D,Ambiguous timestamp/simultaneous event sequence,16,invalid,False
3802685_p131_385fb82a,3802685,Ligue 1,6.764,6.0-8.0 sec,Pressure,Interception,Lens,Lens,E,Opponent sustained possession with 4+ actions; genuinely unlinked within 5.0s,6,invalid,False
3802685_p139_eea49cb1,3802685,Ligue 1,7.118,6.0-8.0 sec,Pass,Ball Receipt*,Lens,Lens,D,Ambiguous timestamp/simultaneous event sequence,8,invalid,False
3802685_p169_9eadf73b,3802685,Ligue 1,5.101,5.0-6.0 sec,Duel,Pass,Paris Saint-Germain,Paris Saint-Germain,B,StatsBomb possession indexing retained pressing team despite brief contestation,3,invalid,False
3802752_p15_d93124cc,3802752,Ligue 1,6.156,6.0-8.0 sec,Pressure,Pass,Lyon,Paris Saint-Germain,E,Opponent sustained possession with 4+ actions; genuinely unlinked within 5.0s,7,invalid,False
3802752_p28_32887c78,3802752,Ligue 1,5.272,5.0-6.0 sec,Pressure,Pass,Paris Saint-Germain,Lyon,E,Opponent sustained possession with 4+ actions; genuinely unlinked within 5.0s,6,invalid,False
3802752_p71_45d72b54,3802752,Ligue 1,7.474,6.0-8.0 sec,Pressure,Pass,Lyon,Paris Saint-Germain,E,Opponent sustained possession with 4+ actions; genuinely unlinked within 5.0s,6,invalid,False
3802752_p100_0e43e12d,3802752,Ligue 1,7.328,6.0-8.0 sec,Pressure,Pass,Lyon,Paris Saint-Germain,E,Opponent sustained possession with 4+ actions; genuinely unlinked within 5.0s,6,invalid,False
3802752_p122_bd192a72,3802752,Ligue 1,5.617,5.0-6.0 sec,Interception,Pass,Lyon,Lyon,D,Ambiguous timestamp/simultaneous event sequence,6,invalid,False
3802752_p127_0c111734,3802752,Ligue 1,5.605,5.0-6.0 sec,Pass,Duel,Paris Saint-Germain,Paris Saint-Germain,C,Multiple contested events (duels/50-50s) delayed clear possession establishment,8,ambiguous,False
3802752_p135_7e3dd185,3802752,Ligue 1,7.768,6.0-8.0 sec,Pass,Pass,Lyon,Lyon,D,Ambiguous timestamp/simultaneous event sequence,9,invalid,False
3802696_p16_dc0a828b,3802696,Ligue 1,6.658,6.0-8.0 sec,Interception,Pass,Stade de Reims,Stade de Reims,D,Ambiguous timestamp/simultaneous event sequence,10,invalid,False
3802696_p25_d7cca734,3802696,Ligue 1,7.874,6.0-8.0 sec,Pass,Ball Receipt*,Stade de Reims,Stade de Reims,D,Ambiguous timestamp/simultaneous event sequence,11,invalid,False
3802696_p81_88fcbed2,3802696,Ligue 1,5.172,5.0-6.0 sec,Pressure,Clearance,Paris Saint-Germain,Stade de Reims,E,Opponent sustained possession with 4+ actions; genuinely unlinked within 5.0s,10,ambiguous,False
3802696_p89_5c5d9502,3802696,Ligue 1,7.891,6.0-8.0 sec,Pressure,Goal Keeper,Paris Saint-Germain,Paris Saint-Germain,E,Opponent sustained possession with 4+ actions; genuinely unlinked within 5.0s,5,invalid,False
3802696_p109_4344e9c3,3802696,Ligue 1,7.637,6.0-8.0 sec,Interception,Ball Receipt*,Paris Saint-Germain,Paris Saint-Germain,D,Ambiguous timestamp/simultaneous event sequence,15,invalid,False
3802696_p117_a9b4ae90,3802696,Ligue 1,5.812,5.0-6.0 sec,Interception,Pass,Stade de Reims,Stade de Reims,D,Ambiguous timestamp/simultaneous event sequence,9,invalid,False
3802696_p132_adb8cf4b,3802696,Ligue 1,7.664,6.0-8.0 sec,Pressure,Ball Receipt*,Stade de Reims,Paris Saint-Germain,E,Opponent sustained possession with 4+ actions; genuinely unlinked within 5.0s,12,invalid,False
3802696_p136_24517c0f,3802696,Ligue 1,5.041,5.0-6.0 sec,Block,Interception,Paris Saint-Germain,Stade de Reims,E,Opponent sustained possession with 4+ actions; genuinely unlinked within 5.0s,8,ambiguous,False
3802696_p171_ca473854,3802696,Ligue 1,7.139,6.0-8.0 sec,Pressure,Ball Receipt*,Stade de Reims,Paris Saint-Germain,E,Opponent sustained possession with 4+ actions; genuinely unlinked within 5.0s,9,invalid,False
3802696_p178_11f900d1,3802696,Ligue 1,8.0,6.0-8.0 sec,Pass,Ball Receipt*,Paris Saint-Germain,Paris Saint-Germain,D,Ambiguous timestamp/simultaneous event sequence,8,invalid,False
3802696_p180_eb0f2742,3802696,Ligue 1,5.034,5.0-6.0 sec,Interception,Block,Paris Saint-Germain,Paris Saint-Germain,D,Ambiguous timestamp/simultaneous event sequence,7,ambiguous,False
3802696_p190_22f651db,3802696,Ligue 1,6.073,6.0-8.0 sec,Pressure,Duel,Paris Saint-Germain,Paris Saint-Germain,C,Multiple contested events (duels/50-50s) delayed clear possession establishment,4,invalid,False
3802643_p16_0559c70a,3802643,Ligue 1,7.994,6.0-8.0 sec,Interception,Pass,Strasbourg,Strasbourg,D,Ambiguous timestamp/simultaneous event sequence,12,invalid,False
3802643_p25_adef4665,3802643,Ligue 1,7.064,6.0-8.0 sec,Interception,Ball Receipt*,Strasbourg,Strasbourg,D,Ambiguous timestamp/simultaneous event sequence,11,invalid,False
3802643_p29_b8fa5e8f,3802643,Ligue 1,6.74,6.0-8.0 sec,Interception,Pass,Strasbourg,Strasbourg,D,Ambiguous timestamp/simultaneous event sequence,6,invalid,False
3802643_p53_fd3f9227,3802643,Ligue 1,7.16,6.0-8.0 sec,Block,Ball Receipt*,Paris Saint-Germain,Strasbourg,D,Ambiguous timestamp/simultaneous event sequence,7,invalid,False
3802643_p73_13780ec0,3802643,Ligue 1,5.953,5.0-6.0 sec,Pass,Pass,Paris Saint-Germain,Paris Saint-Germain,E,Opponent sustained possession with 4+ actions; genuinely unlinked within 5.0s,8,ambiguous,False
3802643_p108_56a76e5f,3802643,Ligue 1,7.808,6.0-8.0 sec,Interception,Ball Receipt*,Paris Saint-Germain,Paris Saint-Germain,D,Ambiguous timestamp/simultaneous event sequence,11,invalid,False
3802643_p112_937203cc,3802643,Ligue 1,6.125,6.0-8.0 sec,Pass,Pass,Strasbourg,Strasbourg,D,Ambiguous timestamp/simultaneous event sequence,6,invalid,False
3802643_p122_bf8190cf,3802643,Ligue 1,7.005,6.0-8.0 sec,Interception,Ball Receipt*,Strasbourg,Strasbourg,D,Ambiguous timestamp/simultaneous event sequence,13,invalid,False
3802643_p128_128dd4c9,3802643,Ligue 1,7.544,6.0-8.0 sec,Pass,Ball Receipt*,Paris Saint-Germain,Paris Saint-Germain,D,Ambiguous timestamp/simultaneous event sequence,8,invalid,False
3802643_p130_dfcfd3af,3802643,Ligue 1,5.974,5.0-6.0 sec,Pressure,Interception,Paris Saint-Germain,Strasbourg,E,Opponent sustained possession with 4+ actions; genuinely unlinked within 5.0s,7,ambiguous,False
3802643_p143_3cbc0830,3802643,Ligue 1,7.615,6.0-8.0 sec,Interception,Ball Receipt*,Paris Saint-Germain,Paris Saint-Germain,D,Ambiguous timestamp/simultaneous event sequence,14,invalid,False
3802665_p11_744e3050,3802665,Ligue 1,6.84,6.0-8.0 sec,Interception,Ball Receipt*,Paris Saint-Germain,Paris Saint-Germain,D,Ambiguous timestamp/simultaneous event sequence,11,invalid,False
3802665_p31_0f25b914,3802665,Ligue 1,6.143,6.0-8.0 sec,Pressure,Clearance,Paris Saint-Germain,Montpellier,E,Opponent sustained possession with 4+ actions; genuinely unlinked within 5.0s,10,invalid,False
3802665_p41_67123bc9,3802665,Ligue 1,7.349,6.0-8.0 sec,Dribbled Past,Pass,Montpellier,Paris Saint-Germain,E,Opponent sustained possession with 4+ actions; genuinely unlinked within 5.0s,7,invalid,False
3802665_p44_87e1fcd5,3802665,Ligue 1,7.253,6.0-8.0 sec,Pass,Pass,Montpellier,Montpellier,D,Ambiguous timestamp/simultaneous event sequence,10,invalid,False
3802665_p61_c081a9ca,3802665,Ligue 1,7.948,6.0-8.0 sec,Duel,Ball Receipt*,Montpellier,Montpellier,C,Multiple contested events (duels/50-50s) delayed clear possession establishment,10,invalid,False
3802665_p70_76ab2abb,3802665,Ligue 1,5.183,5.0-6.0 sec,Pressure,Goal Keeper,Paris Saint-Germain,Montpellier,A,Turnover detector linked to earlier action in chain or pass flight boundary,4,ambiguous,False
3802665_p81_cbb09bc5,3802665,Ligue 1,5.944,5.0-6.0 sec,Block,Ball Receipt*,Paris Saint-Germain,Montpellier,E,Opponent sustained possession with 4+ actions; genuinely unlinked within 5.0s,10,invalid,False
3802665_p109_d2f1bb9e,3802665,Ligue 1,5.477,5.0-6.0 sec,Interception,Ball Receipt*,Montpellier,Montpellier,D,Ambiguous timestamp/simultaneous event sequence,8,invalid,False
3802665_p158_0cb63e4c,3802665,Ligue 1,5.557,5.0-6.0 sec,Pressure,Ball Receipt*,Montpellier,Paris Saint-Germain,E,Opponent sustained possession with 4+ actions; genuinely unlinked within 5.0s,9,invalid,False
3802907_p27_2f7af48e,3802907,Ligue 1,7.709,6.0-8.0 sec,Interception,Ball Receipt*,Lille,Lille,D,Ambiguous timestamp/simultaneous event sequence,14,invalid,False
3802907_p54_b846645f,3802907,Ligue 1,5.81,5.0-6.0 sec,Interception,Pass,Lille,Lille,D,Ambiguous timestamp/simultaneous event sequence,11,ambiguous,False
3802907_p65_b08cbe43,3802907,Ligue 1,6.702,6.0-8.0 sec,Pressure,Ball Recovery,Lille,Lille,E,Opponent sustained possession with 4+ actions; genuinely unlinked within 5.0s,6,invalid,False
3802907_p115_5a9af28a,3802907,Ligue 1,7.275,6.0-8.0 sec,Pressure,Ball Receipt*,Lille,Paris Saint-Germain,E,Opponent sustained possession with 4+ actions; genuinely unlinked within 5.0s,9,invalid,False
3802907_p140_150f1ee9,3802907,Ligue 1,6.624,6.0-8.0 sec,Duel,Pass,Paris Saint-Germain,Paris Saint-Germain,C,Multiple contested events (duels/50-50s) delayed clear possession establishment,5,invalid,False
3802907_p154_8fbef94b,3802907,Ligue 1,5.426,5.0-6.0 sec,Pressure,Pass,Lille,Paris Saint-Germain,E,Opponent sustained possession with 4+ actions; genuinely unlinked within 5.0s,8,invalid,False
3802907_p170_52861ba5,3802907,Ligue 1,7.319,6.0-8.0 sec,Pressure,Ball Receipt*,Paris Saint-Germain,Lille,E,Opponent sustained possession with 4+ actions; genuinely unlinked within 5.0s,9,invalid,False
3802907_p176_19415c66,3802907,Ligue 1,6.545,6.0-8.0 sec,Duel,Pass,Lille,Lille,C,Multiple contested events (duels/50-50s) delayed clear possession establishment,10,invalid,False
3802683_p9_803f07ed,3802683,Ligue 1,6.422,6.0-8.0 sec,Interception,Ball Receipt*,Paris Saint-Germain,Paris Saint-Germain,D,Ambiguous timestamp/simultaneous event sequence,10,invalid,False
3802683_p11_f0b7cf50,3802683,Ligue 1,5.403,5.0-6.0 sec,Pass,Pass,Paris Saint-Germain,Paris Saint-Germain,D,Ambiguous timestamp/simultaneous event sequence,6,invalid,False
3802683_p22_8f872cfe,3802683,Ligue 1,7.636,6.0-8.0 sec,Pass,Pass,Paris Saint-Germain,Paris Saint-Germain,D,Ambiguous timestamp/simultaneous event sequence,10,invalid,False
3802683_p26_f267c148,3802683,Ligue 1,7.235,6.0-8.0 sec,Interception,Ball Receipt*,Paris Saint-Germain,Paris Saint-Germain,D,Ambiguous timestamp/simultaneous event sequence,12,invalid,False
3802683_p43_8c9546d7,3802683,Ligue 1,6.997,6.0-8.0 sec,Interception,Pass,AS Monaco,AS Monaco,D,Ambiguous timestamp/simultaneous event sequence,10,invalid,False
3802683_p65_79e7ad74,3802683,Ligue 1,7.269,6.0-8.0 sec,Interception,Pass,AS Monaco,AS Monaco,D,Ambiguous timestamp/simultaneous event sequence,14,invalid,False
3802683_p72_ec66c4a4,3802683,Ligue 1,6.139,6.0-8.0 sec,Interception,Pass,Paris Saint-Germain,Paris Saint-Germain,D,Ambiguous timestamp/simultaneous event sequence,9,invalid,False
3802683_p80_e0a0e6b0,3802683,Ligue 1,7.911,6.0-8.0 sec,Interception,Ball Receipt*,Paris Saint-Germain,Paris Saint-Germain,D,Ambiguous timestamp/simultaneous event sequence,11,invalid,False
3802683_p96_4f36623f,3802683,Ligue 1,6.217,6.0-8.0 sec,Pass,Pass,AS Monaco,AS Monaco,D,Ambiguous timestamp/simultaneous event sequence,7,invalid,False
3802683_p114_6c9d1229,3802683,Ligue 1,7.554,6.0-8.0 sec,Interception,Ball Receipt*,AS Monaco,AS Monaco,D,Ambiguous timestamp/simultaneous event sequence,10,invalid,False
3802683_p140_46fa4d19,3802683,Ligue 1,7.83,6.0-8.0 sec,Pass,Pass,AS Monaco,AS Monaco,D,Ambiguous timestamp/simultaneous event sequence,9,invalid,False
3802683_p161_2fddb734,3802683,Ligue 1,5.41,5.0-6.0 sec,Pressure,Pass,AS Monaco,Paris Saint-Germain,E,Opponent sustained possession with 4+ actions; genuinely unlinked within 5.0s,5,invalid,False
3802676_p12_9c0c00ea,3802676,Ligue 1,5.819,5.0-6.0 sec,Pass,Pass,Lens,Lens,D,Ambiguous timestamp/simultaneous event sequence,8,ambiguous,False
3802676_p17_2c66f957,3802676,Ligue 1,5.225,5.0-6.0 sec,Pass,Pass,Lens,Lens,D,Ambiguous timestamp/simultaneous event sequence,6,invalid,False
3802676_p39_8e84c006,3802676,Ligue 1,7.693,6.0-8.0 sec,Interception,Ball Receipt*,Paris Saint-Germain,Paris Saint-Germain,D,Ambiguous timestamp/simultaneous event sequence,13,invalid,False
3802676_p59_645a3289,3802676,Ligue 1,6.134,6.0-8.0 sec,Interception,Clearance,Lens,Lens,D,Ambiguous timestamp/simultaneous event sequence,9,invalid,False
3802676_p62_d78bb145,3802676,Ligue 1,5.557,5.0-6.0 sec,Block,Block,Lens,Paris Saint-Germain,D,Ambiguous timestamp/simultaneous event sequence,13,ambiguous,False
3802676_p76_29a48a7f,3802676,Ligue 1,7.664,6.0-8.0 sec,Interception,Pass,Lens,Paris Saint-Germain,D,Ambiguous timestamp/simultaneous event sequence,9,invalid,False
3802676_p103_c3355377,3802676,Ligue 1,7.361,6.0-8.0 sec,Interception,Ball Recovery,Lens,Lens,D,Ambiguous timestamp/simultaneous event sequence,11,invalid,False
3802676_p105_53abc28f,3802676,Ligue 1,5.343,5.0-6.0 sec,Interception,Pass,Lens,Lens,D,Ambiguous timestamp/simultaneous event sequence,9,invalid,False
3802676_p107_cf35e520,3802676,Ligue 1,7.656,6.0-8.0 sec,Duel,Ball Receipt*,Lens,Lens,C,Multiple contested events (duels/50-50s) delayed clear possession establishment,10,invalid,False
3802676_p138_440b27c7,3802676,Ligue 1,6.699,6.0-8.0 sec,Pass,Interception,Paris Saint-Germain,Paris Saint-Germain,E,Opponent sustained possession with 4+ actions; genuinely unlinked within 5.0s,12,invalid,False
3802676_p139_97d81504,3802676,Ligue 1,6.919,6.0-8.0 sec,Interception,Ball Receipt*,Lens,Lens,D,Ambiguous timestamp/simultaneous event sequence,8,invalid,False
3802676_p148_9a29a3ee,3802676,Ligue 1,7.752,6.0-8.0 sec,Pass,Ball Receipt*,Lens,Lens,D,Ambiguous timestamp/simultaneous event sequence,14,invalid,False
3802676_p159_7656cbfb,3802676,Ligue 1,7.487,6.0-8.0 sec,Interception,Ball Receipt*,Lens,Lens,D,Ambiguous timestamp/simultaneous event sequence,8,invalid,False
3802676_p166_6b2d48d7,3802676,Ligue 1,6.987,6.0-8.0 sec,Pass,Ball Receipt*,Paris Saint-Germain,Paris Saint-Germain,D,Ambiguous timestamp/simultaneous event sequence,8,invalid,False
3802802_p35_c9a56179,3802802,Ligue 1,7.967,6.0-8.0 sec,Pass,Pass,Paris Saint-Germain,Paris Saint-Germain,D,Ambiguous timestamp/simultaneous event sequence,9,invalid,False
3802802_p36_0de14301,3802802,Ligue 1,7.135,6.0-8.0 sec,Pass,Ball Receipt*,Stade de Reims,Stade de Reims,D,Ambiguous timestamp/simultaneous event sequence,11,invalid,False
3802802_p40_7c858847,3802802,Ligue 1,7.93,6.0-8.0 sec,Interception,Pass,Stade de Reims,Stade de Reims,D,Ambiguous timestamp/simultaneous event sequence,10,invalid,False
3802802_p55_07fb89df,3802802,Ligue 1,6.642,6.0-8.0 sec,Pass,Ball Receipt*,Stade de Reims,Stade de Reims,D,Ambiguous timestamp/simultaneous event sequence,6,invalid,False
3802802_p59_750dea0e,3802802,Ligue 1,7.05,6.0-8.0 sec,Pass,Ball Receipt*,Stade de Reims,Stade de Reims,D,Ambiguous timestamp/simultaneous event sequence,8,invalid,False
3802802_p60_c40cfe61,3802802,Ligue 1,5.129,5.0-6.0 sec,Pass,Pass,Paris Saint-Germain,Paris Saint-Germain,D,Ambiguous timestamp/simultaneous event sequence,9,invalid,False
3802802_p68_330f1047,3802802,Ligue 1,6.913,6.0-8.0 sec,Interception,Pass,Stade de Reims,Stade de Reims,D,Ambiguous timestamp/simultaneous event sequence,12,invalid,False
3802802_p72_8d8c0a8d,3802802,Ligue 1,6.195,6.0-8.0 sec,Pressure,Interception,Stade de Reims,Paris Saint-Germain,E,Opponent sustained possession with 4+ actions; genuinely unlinked within 5.0s,9,invalid,False
3802802_p76_a3394f32,3802802,Ligue 1,6.021,6.0-8.0 sec,Interception,Ball Receipt*,Stade de Reims,Stade de Reims,D,Ambiguous timestamp/simultaneous event sequence,8,invalid,False
3802802_p86_886c4b89,3802802,Ligue 1,7.37,6.0-8.0 sec,Pressure,Pass,Stade de Reims,Paris Saint-Germain,E,Opponent sustained possession with 4+ actions; genuinely unlinked within 5.0s,14,invalid,False
3802802_p145_a3c072e1,3802802,Ligue 1,7.998,6.0-8.0 sec,Interception,Pass,Paris Saint-Germain,Paris Saint-Germain,D,Ambiguous timestamp/simultaneous event sequence,9,invalid,False
3802802_p157_021117b7,3802802,Ligue 1,7.133,6.0-8.0 sec,Interception,Ball Receipt*,Stade de Reims,Stade de Reims,D,Ambiguous timestamp/simultaneous event sequence,12,invalid,False
3802802_p160_fe1e5750,3802802,Ligue 1,6.363,6.0-8.0 sec,Block,Dribble,Stade de Reims,Stade de Reims,E,Opponent sustained possession with 4+ actions; genuinely unlinked within 5.0s,6,invalid,False
3802690_p31_b8cf0496,3802690,Ligue 1,7.458,6.0-8.0 sec,Block,Pass,Lorient,Paris Saint-Germain,D,Ambiguous timestamp/simultaneous event sequence,9,invalid,False
3802690_p48_5a3cb88e,3802690,Ligue 1,6.433,6.0-8.0 sec,Interception,Ball Receipt*,Lorient,Paris Saint-Germain,D,Ambiguous timestamp/simultaneous event sequence,8,invalid,False
3802690_p50_a5db223e,3802690,Ligue 1,7.751,6.0-8.0 sec,Interception,Pass,Lorient,Lorient,D,Ambiguous timestamp/simultaneous event sequence,12,invalid,False
3802690_p75_064198ff,3802690,Ligue 1,6.881,6.0-8.0 sec,Pass,Ball Receipt*,Lorient,Lorient,D,Ambiguous timestamp/simultaneous event sequence,9,invalid,False
3802690_p102_7a873fdb,3802690,Ligue 1,6.024,6.0-8.0 sec,Pass,Pass,Lorient,Lorient,D,Ambiguous timestamp/simultaneous event sequence,6,invalid,False
3802690_p104_720e364f,3802690,Ligue 1,7.355,6.0-8.0 sec,Interception,Ball Receipt*,Lorient,Lorient,D,Ambiguous timestamp/simultaneous event sequence,8,invalid,False
3802690_p118_f4198ab9,3802690,Ligue 1,6.862,6.0-8.0 sec,Interception,Ball Recovery,Paris Saint-Germain,Paris Saint-Germain,D,Ambiguous timestamp/simultaneous event sequence,8,invalid,False
3802809_p31_f901a726,3802809,Ligue 1,5.076,5.0-6.0 sec,Interception,Pass,Rennes,Rennes,D,Ambiguous timestamp/simultaneous event sequence,6,invalid,False
3802809_p44_0001cd74,3802809,Ligue 1,7.521,6.0-8.0 sec,Interception,Pass,Rennes,Rennes,D,Ambiguous timestamp/simultaneous event sequence,12,invalid,False
3802809_p84_a05cc1aa,3802809,Ligue 1,6.977,6.0-8.0 sec,Pass,Pass,Paris Saint-Germain,Paris Saint-Germain,D,Ambiguous timestamp/simultaneous event sequence,6,invalid,False
3802809_p134_3d1d19e6,3802809,Ligue 1,7.635,6.0-8.0 sec,Pressure,Ball Receipt*,Rennes,Paris Saint-Germain,E,Opponent sustained possession with 4+ actions; genuinely unlinked within 5.0s,9,invalid,False
3802809_p139_d90824f8,3802809,Ligue 1,6.674,6.0-8.0 sec,Interception,Ball Receipt*,Rennes,Rennes,D,Ambiguous timestamp/simultaneous event sequence,10,invalid,False
3802809_p141_9f62a7af,3802809,Ligue 1,7.73,6.0-8.0 sec,Duel,Ball Receipt*,Rennes,Rennes,C,Multiple contested events (duels/50-50s) delayed clear possession establishment,10,invalid,False
3802699_p7_221d4d77,3802699,Ligue 1,6.292,6.0-8.0 sec,Pass,Ball Receipt*,Paris Saint-Germain,Paris Saint-Germain,D,Ambiguous timestamp/simultaneous event sequence,8,invalid,False
3802699_p32_1a6a212f,3802699,Ligue 1,7.171,6.0-8.0 sec,Interception,Pass,Paris Saint-Germain,Paris Saint-Germain,D,Ambiguous timestamp/simultaneous event sequence,6,invalid,False
3802699_p33_156c1a8a,3802699,Ligue 1,7.257,6.0-8.0 sec,Duel,Ball Receipt*,Lille,Lille,C,Multiple contested events (duels/50-50s) delayed clear possession establishment,13,invalid,False
3802699_p47_c205eaee,3802699,Ligue 1,6.966,6.0-8.0 sec,Pressure,Ball Receipt*,Paris Saint-Germain,Lille,E,Opponent sustained possession with 4+ actions; genuinely unlinked within 5.0s,12,invalid,False
3802699_p64_bacaa40c,3802699,Ligue 1,6.234,6.0-8.0 sec,Pass,Ball Receipt*,Paris Saint-Germain,Paris Saint-Germain,D,Ambiguous timestamp/simultaneous event sequence,11,invalid,False
3802699_p95_8a55ee26,3802699,Ligue 1,7.84,6.0-8.0 sec,Duel,Ball Receipt*,Lille,Lille,C,Multiple contested events (duels/50-50s) delayed clear possession establishment,7,invalid,False
3802699_p102_80b82032,3802699,Ligue 1,7.695,6.0-8.0 sec,Interception,Ball Receipt*,Paris Saint-Germain,Paris Saint-Germain,D,Ambiguous timestamp/simultaneous event sequence,11,invalid,False
3802699_p104_5a62b56d,3802699,Ligue 1,5.218,5.0-6.0 sec,Pressure,Pass,Lille,Lille,A,Turnover detector linked to earlier action in chain or pass flight boundary,4,invalid,False
3802699_p125_b28136ed,3802699,Ligue 1,7.585,6.0-8.0 sec,Interception,Ball Recovery,Lille,Lille,D,Ambiguous timestamp/simultaneous event sequence,8,invalid,False
3802699_p146_1d1742c4,3802699,Ligue 1,6.829,6.0-8.0 sec,Pressure,Ball Receipt*,Paris Saint-Germain,Lille,E,Opponent sustained possession with 4+ actions; genuinely unlinked within 5.0s,12,invalid,False
3802699_p149_b00bff02,3802699,Ligue 1,5.111,5.0-6.0 sec,Interception,Foul Won,Lille,Lille,D,Ambiguous timestamp/simultaneous event sequence,8,ambiguous,False
3802902_p17_b48bb31f,3802902,Ligue 1,7.485,6.0-8.0 sec,Pass,Ball Receipt*,Olympique de Marseille,Olympique de Marseille,D,Ambiguous timestamp/simultaneous event sequence,8,invalid,False
3802902_p87_00264031,3802902,Ligue 1,6.845,6.0-8.0 sec,Pass,Pass,Paris Saint-Germain,Paris Saint-Germain,D,Ambiguous timestamp/simultaneous event sequence,7,invalid,False
3802902_p121_680bf6e6,3802902,Ligue 1,7.131,6.0-8.0 sec,Pass,Ball Receipt*,Olympique de Marseille,Olympique de Marseille,D,Ambiguous timestamp/simultaneous event sequence,8,invalid,False
3802948_p35_5d38fdc7,3802948,Ligue 1,7.726,6.0-8.0 sec,Pass,Pass,Metz,Metz,D,Ambiguous timestamp/simultaneous event sequence,7,invalid,False
3802948_p52_5d3bbf99,3802948,Ligue 1,6.935,6.0-8.0 sec,Pressure,Interception,Paris Saint-Germain,Paris Saint-Germain,E,Opponent sustained possession with 4+ actions; genuinely unlinked within 5.0s,6,invalid,False
3802948_p71_3e3449dd,3802948,Ligue 1,7.908,6.0-8.0 sec,Pass,Ball Receipt*,Metz,Metz,D,Ambiguous timestamp/simultaneous event sequence,11,invalid,False
3802948_p75_11f989ef,3802948,Ligue 1,6.134,6.0-8.0 sec,Pressure,Pass,Paris Saint-Germain,Metz,E,Opponent sustained possession with 4+ actions; genuinely unlinked within 5.0s,7,invalid,False
3802948_p76_c2d4310f,3802948,Ligue 1,5.214,5.0-6.0 sec,Pressure,Duel,Metz,Metz,C,Multiple contested events (duels/50-50s) delayed clear possession establishment,6,ambiguous,False
3802948_p79_a3b04fc2,3802948,Ligue 1,6.959,6.0-8.0 sec,Interception,Pass,Metz,Metz,D,Ambiguous timestamp/simultaneous event sequence,15,invalid,False
3802948_p93_5d8bb241,3802948,Ligue 1,6.09,6.0-8.0 sec,Duel,Pass,Metz,Metz,C,Multiple contested events (duels/50-50s) delayed clear possession establishment,9,invalid,False
3802948_p120_34266b77,3802948,Ligue 1,5.783,5.0-6.0 sec,Pressure,Goal Keeper,Paris Saint-Germain,Paris Saint-Germain,E,Opponent sustained possession with 4+ actions; genuinely unlinked within 5.0s,5,ambiguous,False
3802709_p36_ae2b2b6c,3802709,Ligue 1,7.177,6.0-8.0 sec,Interception,Pass,Paris Saint-Germain,Paris Saint-Germain,D,Ambiguous timestamp/simultaneous event sequence,9,invalid,False
3802709_p59_9e31ea6a,3802709,Ligue 1,6.537,6.0-8.0 sec,Pass,Pass,Paris Saint-Germain,Paris Saint-Germain,D,Ambiguous timestamp/simultaneous event sequence,9,invalid,False
3802709_p71_588a4b74,3802709,Ligue 1,7.522,6.0-8.0 sec,Interception,Ball Receipt*,Paris Saint-Germain,Paris Saint-Germain,D,Ambiguous timestamp/simultaneous event sequence,15,invalid,False
3802709_p77_eb7475e4,3802709,Ligue 1,7.982,6.0-8.0 sec,Pass,Pass,Saint-Étienne,Saint-Étienne,D,Ambiguous timestamp/simultaneous event sequence,10,invalid,False
3802709_p98_8ad0fc3d,3802709,Ligue 1,5.879,5.0-6.0 sec,Interception,Pass,Saint-Étienne,Paris Saint-Germain,D,Ambiguous timestamp/simultaneous event sequence,9,invalid,False
3802709_p103_cefdef76,3802709,Ligue 1,7.918,6.0-8.0 sec,Pass,Pass,Saint-Étienne,Saint-Étienne,D,Ambiguous timestamp/simultaneous event sequence,13,invalid,False
3802709_p105_0a0346c9,3802709,Ligue 1,5.37,5.0-6.0 sec,Pass,Pass,Paris Saint-Germain,Paris Saint-Germain,D,Ambiguous timestamp/simultaneous event sequence,6,invalid,False
3802709_p186_bc13f85a,3802709,Ligue 1,7.361,6.0-8.0 sec,Interception,Ball Receipt*,Paris Saint-Germain,Paris Saint-Germain,D,Ambiguous timestamp/simultaneous event sequence,11,invalid,False
3802983_p18_56fa681b,3802983,Ligue 1,7.924,6.0-8.0 sec,Interception,Pass,Olympique de Marseille,Olympique de Marseille,D,Ambiguous timestamp/simultaneous event sequence,11,invalid,False
3802983_p21_9f8353d3,3802983,Ligue 1,7.121,6.0-8.0 sec,Pass,Pass,Olympique de Marseille,Olympique de Marseille,D,Ambiguous timestamp/simultaneous event sequence,9,invalid,False
3802983_p25_bab767bf,3802983,Ligue 1,5.079,5.0-6.0 sec,Interception,Duel,Olympique de Marseille,Olympique de Marseille,C,Multiple contested events (duels/50-50s) delayed clear possession establishment,6,ambiguous,False
3802983_p29_011db8c3,3802983,Ligue 1,7.43,6.0-8.0 sec,Interception,Pass,Olympique de Marseille,Olympique de Marseille,D,Ambiguous timestamp/simultaneous event sequence,10,invalid,False
3802983_p33_b9f97263,3802983,Ligue 1,7.472,6.0-8.0 sec,Pass,Ball Receipt*,Paris Saint-Germain,Paris Saint-Germain,D,Ambiguous timestamp/simultaneous event sequence,10,invalid,False
3802983_p73_fa53ee30,3802983,Ligue 1,7.747,6.0-8.0 sec,Interception,Ball Receipt*,Paris Saint-Germain,Paris Saint-Germain,E,Opponent sustained possession with 4+ actions; genuinely unlinked within 5.0s,12,invalid,False
3802983_p88_d8ae0feb,3802983,Ligue 1,7.891,6.0-8.0 sec,Interception,Pass,Olympique de Marseille,Olympique de Marseille,D,Ambiguous timestamp/simultaneous event sequence,9,invalid,False
3802983_p121_aa629c1c,3802983,Ligue 1,6.105,6.0-8.0 sec,Pass,Pass,Paris Saint-Germain,Paris Saint-Germain,D,Ambiguous timestamp/simultaneous event sequence,6,invalid,False
3802983_p127_2582816f,3802983,Ligue 1,5.891,5.0-6.0 sec,Pressure,Interception,Paris Saint-Germain,Paris Saint-Germain,E,Opponent sustained possession with 4+ actions; genuinely unlinked within 5.0s,6,ambiguous,False
3802983_p136_3485656b,3802983,Ligue 1,7.592,6.0-8.0 sec,Pass,Ball Receipt*,Paris Saint-Germain,Paris Saint-Germain,D,Ambiguous timestamp/simultaneous event sequence,11,invalid,False
3802983_p162_d21c8b26,3802983,Ligue 1,6.191,6.0-8.0 sec,Pressure,Block,Olympique de Marseille,Paris Saint-Germain,E,Opponent sustained possession with 4+ actions; genuinely unlinked within 5.0s,5,invalid,False
3802818_p6_fa18786a,3802818,Ligue 1,7.687,6.0-8.0 sec,Interception,Ball Receipt*,Lorient,Lorient,D,Ambiguous timestamp/simultaneous event sequence,11,invalid,False
3802818_p63_d1ec3493,3802818,Ligue 1,6.189,6.0-8.0 sec,Pass,Ball Receipt*,Paris Saint-Germain,Paris Saint-Germain,D,Ambiguous timestamp/simultaneous event sequence,8,invalid,False
3802818_p84_1a0bd088,3802818,Ligue 1,7.155,6.0-8.0 sec,Duel,Pass,Lorient,Lorient,C,Multiple contested events (duels/50-50s) delayed clear possession establishment,13,invalid,False
3802818_p115_cf837b74,3802818,Ligue 1,7.16,6.0-8.0 sec,Interception,Pass,Lorient,Lorient,D,Ambiguous timestamp/simultaneous event sequence,11,invalid,False
3802818_p147_34decf6c,3802818,Ligue 1,7.986,6.0-8.0 sec,Pass,Ball Receipt*,Paris Saint-Germain,Paris Saint-Germain,D,Ambiguous timestamp/simultaneous event sequence,11,invalid,False
3802818_p163_3d50ec45,3802818,Ligue 1,7.205,6.0-8.0 sec,Duel,Pass,Lorient,Lorient,C,Multiple contested events (duels/50-50s) delayed clear possession establishment,7,invalid,False
3802984_p8_9d167b6f,3802984,Ligue 1,6.988,6.0-8.0 sec,Pass,Pass,Nantes,Nantes,D,Ambiguous timestamp/simultaneous event sequence,13,invalid,False
3802984_p32_b1524e42,3802984,Ligue 1,7.301,6.0-8.0 sec,Interception,Pass,Paris Saint-Germain,Paris Saint-Germain,D,Ambiguous timestamp/simultaneous event sequence,6,invalid,False
3802984_p46_4e798836,3802984,Ligue 1,7.006,6.0-8.0 sec,Pass,Pass,Paris Saint-Germain,Paris Saint-Germain,D,Ambiguous timestamp/simultaneous event sequence,6,invalid,False
3802984_p110_6646984a,3802984,Ligue 1,7.291,6.0-8.0 sec,Interception,Ball Receipt*,Nantes,Nantes,D,Ambiguous timestamp/simultaneous event sequence,14,invalid,False
3802984_p120_93094759,3802984,Ligue 1,5.233,5.0-6.0 sec,Interception,Pass,Paris Saint-Germain,Paris Saint-Germain,D,Ambiguous timestamp/simultaneous event sequence,9,invalid,False
3802984_p123_cf67a5bf,3802984,Ligue 1,6.282,6.0-8.0 sec,Pressure,Ball Recovery,Paris Saint-Germain,Paris Saint-Germain,E,Opponent sustained possession with 4+ actions; genuinely unlinked within 5.0s,5,invalid,False
3802984_p143_300a474b,3802984,Ligue 1,5.348,5.0-6.0 sec,Pressure,Goal Keeper,Nantes,Paris Saint-Germain,E,Opponent sustained possession with 4+ actions; genuinely unlinked within 5.0s,7,ambiguous,False
3802984_p147_a6979c17,3802984,Ligue 1,7.727,6.0-8.0 sec,Interception,Ball Receipt*,Paris Saint-Germain,Paris Saint-Germain,E,Opponent sustained possession with 4+ actions; genuinely unlinked within 5.0s,11,invalid,False
3877194_p50_83fa952d,3877194,Major League Soccer,7.931,6.0-8.0 sec,Interception,Ball Receipt*,Inter Miami,Inter Miami,D,Ambiguous timestamp/simultaneous event sequence,11,invalid,False
3877194_p70_3ac7e811,3877194,Major League Soccer,7.708,6.0-8.0 sec,Pass,Ball Receipt*,Charlotte,Charlotte,D,Ambiguous timestamp/simultaneous event sequence,12,invalid,False
3877194_p177_3f547c56,3877194,Major League Soccer,5.445,5.0-6.0 sec,Pass,Pass,Charlotte,Charlotte,D,Ambiguous timestamp/simultaneous event sequence,8,invalid,False
3877194_p178_3dfb0096,3877194,Major League Soccer,6.589,6.0-8.0 sec,Interception,Pass,Inter Miami,Inter Miami,D,Ambiguous timestamp/simultaneous event sequence,8,invalid,False
3877060_p13_74827944,3877060,Major League Soccer,6.196,6.0-8.0 sec,Pressure,Clearance,New York Red Bulls,Inter Miami,E,Opponent sustained possession with 4+ actions; genuinely unlinked within 5.0s,11,invalid,False
3877060_p108_f7ef39f6,3877060,Major League Soccer,6.224,6.0-8.0 sec,Interception,Duel,New York Red Bulls,New York Red Bulls,C,Multiple contested events (duels/50-50s) delayed clear possession establishment,8,invalid,False
3877060_p145_2f9c5a94,3877060,Major League Soccer,5.611,5.0-6.0 sec,Pressure,Interception,Inter Miami,New York Red Bulls,E,Opponent sustained possession with 4+ actions; genuinely unlinked within 5.0s,7,ambiguous,False
3877060_p152_97978614,3877060,Major League Soccer,5.079,5.0-6.0 sec,Pressure,Goal Keeper,Inter Miami,New York Red Bulls,E,Opponent sustained possession with 4+ actions; genuinely unlinked within 5.0s,5,ambiguous,False
3802805_p5_0525d01e,3802805,Ligue 1,6.11,6.0-8.0 sec,Interception,Clearance,Paris Saint-Germain,OGC Nice,E,Opponent sustained possession with 4+ actions; genuinely unlinked within 5.0s,9,invalid,False
3802805_p7_08f102e4,3802805,Ligue 1,5.11,5.0-6.0 sec,Pass,Pass,OGC Nice,OGC Nice,D,Ambiguous timestamp/simultaneous event sequence,9,ambiguous,False
3802805_p51_f428443c,3802805,Ligue 1,7.04,6.0-8.0 sec,Pressure,Block,Paris Saint-Germain,OGC Nice,E,Opponent sustained possession with 4+ actions; genuinely unlinked within 5.0s,5,invalid,False
3802805_p52_9a39f968,3802805,Ligue 1,5.231,5.0-6.0 sec,Duel,Interception,OGC Nice,Paris Saint-Germain,C,Multiple contested events (duels/50-50s) delayed clear possession establishment,11,ambiguous,False
3802805_p76_b27e2825,3802805,Ligue 1,7.939,6.0-8.0 sec,Pressure,Pass,OGC Nice,Paris Saint-Germain,E,Opponent sustained possession with 4+ actions; genuinely unlinked within 5.0s,8,invalid,False
3802805_p82_fcfc13f1,3802805,Ligue 1,7.453,6.0-8.0 sec,Pressure,Pass,OGC Nice,Paris Saint-Germain,E,Opponent sustained possession with 4+ actions; genuinely unlinked within 5.0s,8,invalid,False
3802805_p86_d28c03a4,3802805,Ligue 1,6.223,6.0-8.0 sec,Pressure,Ball Receipt*,OGC Nice,Paris Saint-Germain,E,Opponent sustained possession with 4+ actions; genuinely unlinked within 5.0s,9,invalid,False
3802805_p107_3703233e,3802805,Ligue 1,7.315,6.0-8.0 sec,Pressure,Goal Keeper,OGC Nice,Paris Saint-Germain,E,Opponent sustained possession with 4+ actions; genuinely unlinked within 5.0s,7,invalid,False
3802805_p159_11544f0c,3802805,Ligue 1,5.848,5.0-6.0 sec,Interception,Pass,OGC Nice,OGC Nice,D,Ambiguous timestamp/simultaneous event sequence,6,invalid,False
3802805_p189_f86bdd6e,3802805,Ligue 1,6.142,6.0-8.0 sec,Pressure,Ball Receipt*,OGC Nice,Paris Saint-Germain,E,Opponent sustained possession with 4+ actions; genuinely unlinked within 5.0s,8,invalid,False
3802805_p193_4d46eac2,3802805,Ligue 1,6.139,6.0-8.0 sec,Pressure,Pass,OGC Nice,Paris Saint-Germain,E,Opponent sustained possession with 4+ actions; genuinely unlinked within 5.0s,7,invalid,False
3877115_p41_bab0f9cb,3877115,Major League Soccer,7.322,6.0-8.0 sec,Pass,Ball Receipt*,Inter Miami,Inter Miami,D,Ambiguous timestamp/simultaneous event sequence,11,invalid,False
3877115_p56_fe835ae9,3877115,Major League Soccer,7.833,6.0-8.0 sec,Interception,Pass,Toronto FC,Toronto FC,D,Ambiguous timestamp/simultaneous event sequence,11,invalid,False
3877115_p58_5db77892,3877115,Major League Soccer,5.647,5.0-6.0 sec,Pressure,Block,Inter Miami,Toronto FC,A,Turnover detector linked to earlier action in chain or pass flight boundary,4,ambiguous,False
3877115_p58_e75ec80b,3877115,Major League Soccer,7.572,6.0-8.0 sec,Pass,Ball Recovery,Toronto FC,Toronto FC,D,Ambiguous timestamp/simultaneous event sequence,8,invalid,False
3877115_p66_fb361ace,3877115,Major League Soccer,7.977,6.0-8.0 sec,Pass,Pass,Inter Miami,Inter Miami,D,Ambiguous timestamp/simultaneous event sequence,10,invalid,False
3877115_p122_e3426b35,3877115,Major League Soccer,5.971,5.0-6.0 sec,Pressure,Interception,Inter Miami,Toronto FC,A,Turnover detector linked to earlier action in chain or pass flight boundary,4,ambiguous,False
3877115_p129_727b97b9,3877115,Major League Soccer,5.15,5.0-6.0 sec,Pressure,Duel,Toronto FC,Toronto FC,C,Multiple contested events (duels/50-50s) delayed clear possession establishment,7,ambiguous,False
3877115_p141_af26d489,3877115,Major League Soccer,6.634,6.0-8.0 sec,Interception,Pass,Toronto FC,Toronto FC,D,Ambiguous timestamp/simultaneous event sequence,9,invalid,False
3877072_p23_cc44c969,3877072,Major League Soccer,7.576,6.0-8.0 sec,Duel,Ball Receipt*,Nashville SC,Nashville SC,C,Multiple contested events (duels/50-50s) delayed clear possession establishment,10,invalid,False
3877072_p32_d6a864b7,3877072,Major League Soccer,6.227,6.0-8.0 sec,Duel,Clearance,Inter Miami,Nashville SC,C,Multiple contested events (duels/50-50s) delayed clear possession establishment,3,invalid,False
3877072_p114_131af079,3877072,Major League Soccer,6.707,6.0-8.0 sec,Interception,Pass,Inter Miami,Inter Miami,D,Ambiguous timestamp/simultaneous event sequence,5,invalid,False
3877072_p125_36c83809,3877072,Major League Soccer,5.141,5.0-6.0 sec,Pressure,Clearance,Inter Miami,Nashville SC,E,Opponent sustained possession with 4+ actions; genuinely unlinked within 5.0s,5,ambiguous,False
3877072_p137_d96dbf5e,3877072,Major League Soccer,5.367,5.0-6.0 sec,Pressure,Clearance,Inter Miami,Nashville SC,E,Opponent sustained possession with 4+ actions; genuinely unlinked within 5.0s,8,ambiguous,False
3802837_p6_71970cee,3802837,Ligue 1,6.267,6.0-8.0 sec,Pressure,Clearance,Saint-Étienne,Paris Saint-Germain,E,Opponent sustained possession with 4+ actions; genuinely unlinked within 5.0s,8,invalid,False
3802837_p74_a002fddb,3802837,Ligue 1,6.015,6.0-8.0 sec,Pass,Pass,Paris Saint-Germain,Paris Saint-Germain,D,Ambiguous timestamp/simultaneous event sequence,12,invalid,False
3802837_p80_8e2d4f16,3802837,Ligue 1,7.956,6.0-8.0 sec,Pass,Pass,Saint-Étienne,Saint-Étienne,D,Ambiguous timestamp/simultaneous event sequence,14,invalid,False
3802837_p107_0da4f9e1,3802837,Ligue 1,5.923,5.0-6.0 sec,Pressure,Block,Saint-Étienne,Paris Saint-Germain,E,Opponent sustained possession with 4+ actions; genuinely unlinked within 5.0s,9,ambiguous,False
3802837_p117_1f947a27,3802837,Ligue 1,6.587,6.0-8.0 sec,Pressure,Ball Receipt*,Saint-Étienne,Paris Saint-Germain,E,Opponent sustained possession with 4+ actions; genuinely unlinked within 5.0s,9,invalid,False
3802837_p124_ca0afe70,3802837,Ligue 1,7.943,6.0-8.0 sec,Block,Ball Receipt*,Saint-Étienne,Paris Saint-Germain,E,Opponent sustained possession with 4+ actions; genuinely unlinked within 5.0s,7,invalid,False
3802837_p134_cfd9f7c7,3802837,Ligue 1,6.182,6.0-8.0 sec,Duel,Pass,Paris Saint-Germain,Paris Saint-Germain,C,Multiple contested events (duels/50-50s) delayed clear possession establishment,14,invalid,False
3802837_p158_ad14eff4,3802837,Ligue 1,6.025,6.0-8.0 sec,Pass,Pass,Paris Saint-Germain,Paris Saint-Germain,D,Ambiguous timestamp/simultaneous event sequence,6,invalid,False
3802837_p174_9b939172,3802837,Ligue 1,7.092,6.0-8.0 sec,Pressure,Pass,Saint-Étienne,Paris Saint-Germain,E,Opponent sustained possession with 4+ actions; genuinely unlinked within 5.0s,7,invalid,False
3802793_p5_7a913196,3802793,Ligue 1,6.633,6.0-8.0 sec,Interception,Interception,OGC Nice,Paris Saint-Germain,D,Ambiguous timestamp/simultaneous event sequence,6,invalid,False
3802793_p14_5f3c0330,3802793,Ligue 1,6.512,6.0-8.0 sec,Pass,Ball Receipt*,OGC Nice,OGC Nice,D,Ambiguous timestamp/simultaneous event sequence,11,invalid,False
3802793_p21_e87230c3,3802793,Ligue 1,6.694,6.0-8.0 sec,Pass,Pass,OGC Nice,OGC Nice,D,Ambiguous timestamp/simultaneous event sequence,7,invalid,False
3802793_p40_22fd41e1,3802793,Ligue 1,7.341,6.0-8.0 sec,Pressure,Pass,Paris Saint-Germain,OGC Nice,E,Opponent sustained possession with 4+ actions; genuinely unlinked within 5.0s,10,invalid,False
3802793_p52_0f9dfe93,3802793,Ligue 1,7.458,6.0-8.0 sec,Pass,Pass,OGC Nice,OGC Nice,D,Ambiguous timestamp/simultaneous event sequence,9,invalid,False
3802793_p63_5693b579,3802793,Ligue 1,5.159,5.0-6.0 sec,Interception,Pass,Paris Saint-Germain,Paris Saint-Germain,D,Ambiguous timestamp/simultaneous event sequence,9,ambiguous,False
3802793_p72_3f82fc79,3802793,Ligue 1,7.137,6.0-8.0 sec,Pressure,Pass,Paris Saint-Germain,OGC Nice,E,Opponent sustained possession with 4+ actions; genuinely unlinked within 5.0s,7,invalid,False
3802793_p95_7a702944,3802793,Ligue 1,5.934,5.0-6.0 sec,Block,Duel,Paris Saint-Germain,Paris Saint-Germain,C,Multiple contested events (duels/50-50s) delayed clear possession establishment,7,ambiguous,False
3802793_p102_58e6668a,3802793,Ligue 1,6.472,6.0-8.0 sec,Interception,Pass,OGC Nice,OGC Nice,D,Ambiguous timestamp/simultaneous event sequence,9,invalid,False
3802793_p150_a214281d,3802793,Ligue 1,6.502,6.0-8.0 sec,Interception,Pass,OGC Nice,OGC Nice,D,Ambiguous timestamp/simultaneous event sequence,9,invalid,False
3802793_p151_c3051f05,3802793,Ligue 1,7.937,6.0-8.0 sec,Pass,Interception,Paris Saint-Germain,Paris Saint-Germain,D,Ambiguous timestamp/simultaneous event sequence,11,invalid,False
3802793_p157_665142ef,3802793,Ligue 1,6.559,6.0-8.0 sec,Interception,Ball Receipt*,Paris Saint-Germain,Paris Saint-Germain,D,Ambiguous timestamp/simultaneous event sequence,8,invalid,False
3802793_p168_82025121,3802793,Ligue 1,6.224,6.0-8.0 sec,Interception,Block,OGC Nice,Paris Saint-Germain,D,Ambiguous timestamp/simultaneous event sequence,6,invalid,False
3802793_p172_0840501d,3802793,Ligue 1,7.519,6.0-8.0 sec,Pressure,Clearance,Paris Saint-Germain,Paris Saint-Germain,A,Turnover detector linked to earlier action in chain or pass flight boundary,4,invalid,False
3802793_p179_90cf20b8,3802793,Ligue 1,5.415,5.0-6.0 sec,Pressure,Block,OGC Nice,Paris Saint-Germain,E,Opponent sustained possession with 4+ actions; genuinely unlinked within 5.0s,6,ambiguous,False
3930166_p12_31472412,3930166,UEFA Euro,6.842,6.0-8.0 sec,Pass,Ball Receipt*,Portugal,Portugal,D,Ambiguous timestamp/simultaneous event sequence,8,invalid,False
3930166_p15_d6fec69b,3930166,UEFA Euro,7.861,6.0-8.0 sec,Pass,Pass,Czech Republic,Czech Republic,D,Ambiguous timestamp/simultaneous event sequence,9,invalid,False
3802904_p30_171d8a33,3802904,Ligue 1,7.337,6.0-8.0 sec,Interception,Pass,Paris Saint-Germain,Paris Saint-Germain,D,Ambiguous timestamp/simultaneous event sequence,9,invalid,False
3802904_p37_6537e6fa,3802904,Ligue 1,7.636,6.0-8.0 sec,Interception,Pass,Bordeaux,Bordeaux,D,Ambiguous timestamp/simultaneous event sequence,12,invalid,False
3802904_p67_f87eb485,3802904,Ligue 1,7.992,6.0-8.0 sec,Pressure,Pass,Bordeaux,Paris Saint-Germain,E,Opponent sustained possession with 4+ actions; genuinely unlinked within 5.0s,7,invalid,False
3802904_p70_aaf78fe0,3802904,Ligue 1,6.405,6.0-8.0 sec,Interception,Pass,Bordeaux,Bordeaux,D,Ambiguous timestamp/simultaneous event sequence,8,invalid,False
3802904_p73_1a30b51c,3802904,Ligue 1,7.444,6.0-8.0 sec,Interception,Ball Receipt*,Bordeaux,Bordeaux,D,Ambiguous timestamp/simultaneous event sequence,11,invalid,False
3802904_p78_c9d8ef60,3802904,Ligue 1,7.164,6.0-8.0 sec,Interception,Ball Receipt*,Paris Saint-Germain,Paris Saint-Germain,D,Ambiguous timestamp/simultaneous event sequence,11,invalid,False
3802904_p79_667dd371,3802904,Ligue 1,6.069,6.0-8.0 sec,Pass,Duel,Bordeaux,Bordeaux,C,Multiple contested events (duels/50-50s) delayed clear possession establishment,9,invalid,False
3802904_p112_f74368a6,3802904,Ligue 1,5.477,5.0-6.0 sec,Duel,Pass,Bordeaux,Bordeaux,C,Multiple contested events (duels/50-50s) delayed clear possession establishment,4,invalid,False
3802904_p116_a74c322d,3802904,Ligue 1,6.368,6.0-8.0 sec,Pass,Duel,Paris Saint-Germain,Paris Saint-Germain,C,Multiple contested events (duels/50-50s) delayed clear possession establishment,8,invalid,False
3802904_p118_4df80716,3802904,Ligue 1,6.137,6.0-8.0 sec,Pass,Pass,Paris Saint-Germain,Paris Saint-Germain,D,Ambiguous timestamp/simultaneous event sequence,12,invalid,False
3802904_p134_0cbb47a4,3802904,Ligue 1,7.45,6.0-8.0 sec,Interception,Ball Receipt*,Bordeaux,Bordeaux,D,Ambiguous timestamp/simultaneous event sequence,15,invalid,False
3802904_p153_ada51021,3802904,Ligue 1,7.12,6.0-8.0 sec,Pressure,Ball Receipt*,Bordeaux,Paris Saint-Germain,E,Opponent sustained possession with 4+ actions; genuinely unlinked within 5.0s,9,invalid,False
3802904_p158_58de0bb9,3802904,Ligue 1,7.789,6.0-8.0 sec,Pressure,Ball Receipt*,Bordeaux,Paris Saint-Germain,E,Opponent sustained possession with 4+ actions; genuinely unlinked within 5.0s,9,invalid,False
3802904_p164_a0caec51,3802904,Ligue 1,6.201,6.0-8.0 sec,Pressure,Pass,Bordeaux,Paris Saint-Germain,E,Opponent sustained possession with 4+ actions; genuinely unlinked within 5.0s,10,invalid,False
3802904_p179_c09aa70f,3802904,Ligue 1,5.585,5.0-6.0 sec,Pressure,Clearance,Bordeaux,Paris Saint-Germain,A,Turnover detector linked to earlier action in chain or pass flight boundary,4,ambiguous,False
3802930_p7_9708daa8,3802930,Ligue 1,6.364,6.0-8.0 sec,Interception,Ball Receipt*,Paris Saint-Germain,Paris Saint-Germain,D,Ambiguous timestamp/simultaneous event sequence,7,invalid,False
3802930_p23_3efd38d3,3802930,Ligue 1,7.095,6.0-8.0 sec,Interception,Interception,Troyes,Troyes,D,Ambiguous timestamp/simultaneous event sequence,11,invalid,False
3802930_p55_0e9dfd45,3802930,Ligue 1,7.812,6.0-8.0 sec,Interception,Pass,Troyes,Troyes,D,Ambiguous timestamp/simultaneous event sequence,24,invalid,False
3802930_p71_1d599e38,3802930,Ligue 1,7.426,6.0-8.0 sec,Duel,Ball Recovery,Paris Saint-Germain,Paris Saint-Germain,C,Multiple contested events (duels/50-50s) delayed clear possession establishment,10,invalid,False
3802930_p93_8537b49b,3802930,Ligue 1,7.858,6.0-8.0 sec,Duel,Ball Receipt*,Paris Saint-Germain,Paris Saint-Germain,C,Multiple contested events (duels/50-50s) delayed clear possession establishment,9,invalid,False
3802930_p99_4b8a08f3,3802930,Ligue 1,6.826,6.0-8.0 sec,Pass,Pass,Troyes,Troyes,D,Ambiguous timestamp/simultaneous event sequence,10,invalid,False
3802930_p137_e1cd045c,3802930,Ligue 1,7.482,6.0-8.0 sec,Pass,Pass,Paris Saint-Germain,Paris Saint-Germain,D,Ambiguous timestamp/simultaneous event sequence,10,invalid,False
3802930_p164_a0f2b898,3802930,Ligue 1,6.818,6.0-8.0 sec,Pressure,Ball Receipt*,Troyes,Paris Saint-Germain,E,Opponent sustained possession with 4+ actions; genuinely unlinked within 5.0s,7,invalid,False
3802930_p168_9519e94b,3802930,Ligue 1,7.531,6.0-8.0 sec,Pressure,Ball Receipt*,Troyes,Paris Saint-Germain,E,Opponent sustained possession with 4+ actions; genuinely unlinked within 5.0s,9,invalid,False
3802930_p174_39ca57a1,3802930,Ligue 1,6.311,6.0-8.0 sec,Block,Pass,Troyes,Paris Saint-Germain,D,Ambiguous timestamp/simultaneous event sequence,9,invalid,False
3802839_p7_b4508cd7,3802839,Ligue 1,6.886,6.0-8.0 sec,Interception,Pass,Nantes,Nantes,D,Ambiguous timestamp/simultaneous event sequence,9,invalid,False
3802839_p30_a258489f,3802839,Ligue 1,6.699,6.0-8.0 sec,Pass,Pass,Nantes,Nantes,D,Ambiguous timestamp/simultaneous event sequence,10,invalid,False
3802839_p31_c0dbccdb,3802839,Ligue 1,7.622,6.0-8.0 sec,Block,Ball Receipt*,Paris Saint-Germain,Paris Saint-Germain,E,Opponent sustained possession with 4+ actions; genuinely unlinked within 5.0s,11,invalid,False
3802839_p44_abe3a39c,3802839,Ligue 1,5.188,5.0-6.0 sec,Pressure,Pass,Nantes,Paris Saint-Germain,E,Opponent sustained possession with 4+ actions; genuinely unlinked within 5.0s,7,invalid,False
3802839_p69_33440886,3802839,Ligue 1,6.288,6.0-8.0 sec,Pass,Ball Receipt*,Nantes,Nantes,D,Ambiguous timestamp/simultaneous event sequence,10,invalid,False
3802839_p119_6e6b152c,3802839,Ligue 1,7.781,6.0-8.0 sec,Interception,Ball Receipt*,Nantes,Nantes,D,Ambiguous timestamp/simultaneous event sequence,19,invalid,False
3802839_p124_d29d9416,3802839,Ligue 1,5.731,5.0-6.0 sec,Interception,Pass,Nantes,Nantes,D,Ambiguous timestamp/simultaneous event sequence,9,invalid,False
3802839_p143_e03e7a05,3802839,Ligue 1,6.742,6.0-8.0 sec,Interception,Ball Recovery,Nantes,Nantes,E,Opponent sustained possession with 4+ actions; genuinely unlinked within 5.0s,7,invalid,False
3802839_p165_28153471,3802839,Ligue 1,7.898,6.0-8.0 sec,Pressure,Ball Receipt*,Nantes,Paris Saint-Germain,E,Opponent sustained possession with 4+ actions; genuinely unlinked within 5.0s,12,invalid,False
3802839_p168_4bdcab88,3802839,Ligue 1,5.706,5.0-6.0 sec,Pressure,Block,Paris Saint-Germain,Nantes,E,Opponent sustained possession with 4+ actions; genuinely unlinked within 5.0s,5,ambiguous,False
3877170_p41_3424ad12,3877170,Major League Soccer,6.858,6.0-8.0 sec,Pass,Pass,Inter Miami,Inter Miami,D,Ambiguous timestamp/simultaneous event sequence,6,invalid,False
3877170_p57_ce4d4dbc,3877170,Major League Soccer,5.925,5.0-6.0 sec,Pass,Pass,Inter Miami,Inter Miami,D,Ambiguous timestamp/simultaneous event sequence,9,invalid,False
3877170_p75_ff97ad6c,3877170,Major League Soccer,7.626,6.0-8.0 sec,Duel,Pass,Inter Miami,Inter Miami,C,Multiple contested events (duels/50-50s) delayed clear possession establishment,11,invalid,False
3877170_p82_b2c0c8df,3877170,Major League Soccer,6.584,6.0-8.0 sec,Interception,Pass,Cincinnati,Cincinnati,D,Ambiguous timestamp/simultaneous event sequence,9,invalid,False
3877170_p86_03080810,3877170,Major League Soccer,6.612,6.0-8.0 sec,Pass,Pass,Cincinnati,Cincinnati,D,Ambiguous timestamp/simultaneous event sequence,6,invalid,False
3877170_p121_0e6ee6d1,3877170,Major League Soccer,5.837,5.0-6.0 sec,Pressure,Interception,Inter Miami,Inter Miami,E,Opponent sustained possession with 4+ actions; genuinely unlinked within 5.0s,6,ambiguous,False
3877170_p130_29e9323c,3877170,Major League Soccer,7.951,6.0-8.0 sec,Pass,Pass,Inter Miami,Inter Miami,D,Ambiguous timestamp/simultaneous event sequence,9,invalid,False
3877170_p163_ed856625,3877170,Major League Soccer,6.285,6.0-8.0 sec,Interception,Pass,Cincinnati,Cincinnati,D,Ambiguous timestamp/simultaneous event sequence,6,invalid,False
3877090_p31_bbe8b397,3877090,Major League Soccer,6.854,6.0-8.0 sec,Interception,Ball Receipt*,Inter Miami,Inter Miami,D,Ambiguous timestamp/simultaneous event sequence,9,invalid,False
3877090_p56_2226a1bf,3877090,Major League Soccer,6.93,6.0-8.0 sec,Pass,Ball Receipt*,Inter Miami,Inter Miami,D,Ambiguous timestamp/simultaneous event sequence,8,invalid,False
3877090_p67_fa86edd2,3877090,Major League Soccer,7.469,6.0-8.0 sec,Interception,Pass,LAFC,LAFC,D,Ambiguous timestamp/simultaneous event sequence,8,invalid,False
3877090_p71_6055a634,3877090,Major League Soccer,5.817,5.0-6.0 sec,Interception,Pass,Inter Miami,Inter Miami,D,Ambiguous timestamp/simultaneous event sequence,9,invalid,False
3877090_p80_92e1cff4,3877090,Major League Soccer,5.519,5.0-6.0 sec,Pressure,Interception,Inter Miami,LAFC,E,Opponent sustained possession with 4+ actions; genuinely unlinked within 5.0s,7,ambiguous,False
3877090_p87_99e101a5,3877090,Major League Soccer,5.279,5.0-6.0 sec,Pressure,Clearance,LAFC,Inter Miami,A,Turnover detector linked to earlier action in chain or pass flight boundary,3,ambiguous,False
3877090_p137_3cb6c914,3877090,Major League Soccer,7.845,6.0-8.0 sec,Duel,Ball Receipt*,Inter Miami,Inter Miami,C,Multiple contested events (duels/50-50s) delayed clear possession establishment,10,invalid,False
3877090_p153_17ef045e,3877090,Major League Soccer,6.603,6.0-8.0 sec,Interception,Pass,LAFC,LAFC,D,Ambiguous timestamp/simultaneous event sequence,12,invalid,False
3802795_p20_87202e6c,3802795,Ligue 1,5.524,5.0-6.0 sec,Interception,Ball Receipt*,Paris Saint-Germain,Paris Saint-Germain,D,Ambiguous timestamp/simultaneous event sequence,8,ambiguous,False
3802795_p27_d2ab652a,3802795,Ligue 1,7.819,6.0-8.0 sec,Pass,Ball Receipt*,Rennes,Rennes,D,Ambiguous timestamp/simultaneous event sequence,8,invalid,False
3802795_p34_5ca84ff3,3802795,Ligue 1,7.491,6.0-8.0 sec,Pass,Dribble,Paris Saint-Germain,Paris Saint-Germain,D,Ambiguous timestamp/simultaneous event sequence,8,invalid,False
3802795_p38_63ef1115,3802795,Ligue 1,7.335,6.0-8.0 sec,Interception,Pass,Paris Saint-Germain,Paris Saint-Germain,D,Ambiguous timestamp/simultaneous event sequence,9,invalid,False
3802795_p44_c2fc990e,3802795,Ligue 1,7.422,6.0-8.0 sec,Pass,Ball Receipt*,Rennes,Rennes,D,Ambiguous timestamp/simultaneous event sequence,8,invalid,False
3802795_p97_1623b702,3802795,Ligue 1,7.49,6.0-8.0 sec,Pressure,Goal Keeper,Rennes,Paris Saint-Germain,E,Opponent sustained possession with 4+ actions; genuinely unlinked within 5.0s,9,invalid,False
3802795_p127_108c94bc,3802795,Ligue 1,5.474,5.0-6.0 sec,Pressure,Block,Paris Saint-Germain,Rennes,E,Opponent sustained possession with 4+ actions; genuinely unlinked within 5.0s,7,ambiguous,False
3802795_p134_724a2ca3,3802795,Ligue 1,5.703,5.0-6.0 sec,Pressure,Block,Paris Saint-Germain,Rennes,E,Opponent sustained possession with 4+ actions; genuinely unlinked within 5.0s,8,ambiguous,False
3938642_p30_d1a72de3,3938642,UEFA Euro,6.843,6.0-8.0 sec,Pressure,Clearance,Czech Republic,Georgia,E,Opponent sustained possession with 4+ actions; genuinely unlinked within 5.0s,8,invalid,False
3938642_p55_0a94ccee,3938642,UEFA Euro,5.979,5.0-6.0 sec,Interception,Pass,Czech Republic,Czech Republic,D,Ambiguous timestamp/simultaneous event sequence,6,invalid,False
3938642_p95_14b551a0,3938642,UEFA Euro,5.467,5.0-6.0 sec,Duel,Pass,Georgia,Georgia,C,Multiple contested events (duels/50-50s) delayed clear possession establishment,8,ambiguous,False
3938642_p126_dd9a164c,3938642,UEFA Euro,5.746,5.0-6.0 sec,Pressure,Pass,Georgia,Georgia,E,Opponent sustained possession with 4+ actions; genuinely unlinked within 5.0s,7,invalid,False
3938642_p144_3b9661fe,3938642,UEFA Euro,5.061,5.0-6.0 sec,Pressure,Block,Czech Republic,Georgia,E,Opponent sustained possession with 4+ actions; genuinely unlinked within 5.0s,5,ambiguous,False
3930178_p39_1a995774,3930178,UEFA Euro,5.261,5.0-6.0 sec,Pressure,Ball Recovery,Croatia,Croatia,E,Opponent sustained possession with 4+ actions; genuinely unlinked within 5.0s,6,invalid,False
3930178_p42_10a8d66e,3930178,UEFA Euro,5.778,5.0-6.0 sec,Pressure,Block,Croatia,Italy,E,Opponent sustained possession with 4+ actions; genuinely unlinked within 5.0s,5,ambiguous,False
3930178_p72_ef368598,3930178,UEFA Euro,7.972,6.0-8.0 sec,Interception,Ball Receipt*,Croatia,Croatia,D,Ambiguous timestamp/simultaneous event sequence,14,invalid,False
3930178_p128_77adde67,3930178,UEFA Euro,6.48,6.0-8.0 sec,Pressure,Block,Italy,Croatia,E,Opponent sustained possession with 4+ actions; genuinely unlinked within 5.0s,7,invalid,False
3938639_p57_8be1ea93,3938639,UEFA Euro,7.866,6.0-8.0 sec,Pass,Ball Receipt*,Georgia,Georgia,D,Ambiguous timestamp/simultaneous event sequence,13,invalid,False
3938639_p101_e4145056,3938639,UEFA Euro,5.462,5.0-6.0 sec,Pressure,Block,Georgia,Georgia,E,Opponent sustained possession with 4+ actions; genuinely unlinked within 5.0s,7,ambiguous,False
3938639_p121_5217ce1f,3938639,UEFA Euro,6.273,6.0-8.0 sec,Duel,Ball Recovery,Turkey,Turkey,C,Multiple contested events (duels/50-50s) delayed clear possession establishment,7,invalid,False
3938639_p140_d4123d8a,3938639,UEFA Euro,6.212,6.0-8.0 sec,Pressure,Ball Recovery,Turkey,Turkey,E,Opponent sustained possession with 4+ actions; genuinely unlinked within 5.0s,6,invalid,False
3930181_p14_74150871,3930181,UEFA Euro,5.946,5.0-6.0 sec,Pass,Ball Receipt*,England,England,D,Ambiguous timestamp/simultaneous event sequence,8,ambiguous,False
3930181_p74_d4e605ad,3930181,UEFA Euro,5.95,5.0-6.0 sec,Interception,Pass,England,England,D,Ambiguous timestamp/simultaneous event sequence,8,ambiguous,False
3930181_p99_6e4400eb,3930181,UEFA Euro,7.383,6.0-8.0 sec,Pass,Ball Receipt*,Slovenia,Slovenia,D,Ambiguous timestamp/simultaneous event sequence,8,invalid,False
3930181_p122_8089d591,3930181,UEFA Euro,6.975,6.0-8.0 sec,Pass,Pass,Slovenia,Slovenia,D,Ambiguous timestamp/simultaneous event sequence,6,invalid,False
3938641_p92_ec65a1cb,3938641,UEFA Euro,5.85,5.0-6.0 sec,Pressure,Interception,Poland,Poland,E,Opponent sustained possession with 4+ actions; genuinely unlinked within 5.0s,7,ambiguous,False
3938641_p98_91d4c383,3938641,UEFA Euro,6.204,6.0-8.0 sec,Duel,Pass,Austria,Austria,C,Multiple contested events (duels/50-50s) delayed clear possession establishment,8,invalid,False
3938641_p120_7fe49f1b,3938641,UEFA Euro,6.669,6.0-8.0 sec,Pressure,Foul Won,Austria,Poland,E,Opponent sustained possession with 4+ actions; genuinely unlinked within 5.0s,5,invalid,False
3938641_p162_ba4aeb52,3938641,UEFA Euro,5.873,5.0-6.0 sec,Pass,Pass,Austria,Austria,C,Multiple contested events (duels/50-50s) delayed clear possession establishment,7,invalid,False
3938641_p166_4ffa6c7d,3938641,UEFA Euro,5.354,5.0-6.0 sec,Pressure,Block,Poland,Poland,A,Turnover detector linked to earlier action in chain or pass flight boundary,4,ambiguous,False
3930163_p27_02c791c8,3930163,UEFA Euro,5.518,5.0-6.0 sec,Pressure,Interception,Serbia,England,A,Turnover detector linked to earlier action in chain or pass flight boundary,3,ambiguous,False
3930163_p70_b118eb4e,3930163,UEFA Euro,5.835,5.0-6.0 sec,Pressure,Block,England,Serbia,A,Turnover detector linked to earlier action in chain or pass flight boundary,4,ambiguous,False
3930163_p74_7861bd6d,3930163,UEFA Euro,6.255,6.0-8.0 sec,Duel,Duel,Serbia,Serbia,C,Multiple contested events (duels/50-50s) delayed clear possession establishment,10,invalid,False
3930159_p125_33d26ee5,3930159,UEFA Euro,7.213,6.0-8.0 sec,Interception,Pass,Hungary,Hungary,D,Ambiguous timestamp/simultaneous event sequence,9,invalid,False
3930159_p128_e07892ff,3930159,UEFA Euro,7.347,6.0-8.0 sec,Pressure,Clearance,Hungary,Switzerland,E,Opponent sustained possession with 4+ actions; genuinely unlinked within 5.0s,8,invalid,False
3941019_p4_24407d7f,3941019,UEFA Euro,7.887,6.0-8.0 sec,Pass,Pass,France,France,D,Ambiguous timestamp/simultaneous event sequence,9,invalid,False
3941019_p41_81b94ef2,3941019,UEFA Euro,7.645,6.0-8.0 sec,Pass,Pass,France,France,D,Ambiguous timestamp/simultaneous event sequence,9,invalid,False
3941019_p50_2fd908c8,3941019,UEFA Euro,7.663,6.0-8.0 sec,Pass,Ball Receipt*,Belgium,Belgium,D,Ambiguous timestamp/simultaneous event sequence,8,invalid,False
3941019_p76_eec49f29,3941019,UEFA Euro,6.661,6.0-8.0 sec,Interception,Ball Recovery,Belgium,Belgium,D,Ambiguous timestamp/simultaneous event sequence,14,invalid,False
3941019_p105_d520e0fa,3941019,UEFA Euro,6.981,6.0-8.0 sec,Pressure,Ball Receipt*,France,France,E,Opponent sustained possession with 4+ actions; genuinely unlinked within 5.0s,7,invalid,False
3938640_p45_59faaeee,3938640,UEFA Euro,5.253,5.0-6.0 sec,Pressure,Clearance,Slovakia,Ukraine,A,Turnover detector linked to earlier action in chain or pass flight boundary,4,ambiguous,False
3938640_p69_5b79dffd,3938640,UEFA Euro,6.586,6.0-8.0 sec,Pass,Ball Receipt*,Slovakia,Slovakia,E,Opponent sustained possession with 4+ actions; genuinely unlinked within 5.0s,7,invalid,False
3938640_p92_89e7e0d5,3938640,UEFA Euro,5.13,5.0-6.0 sec,Pressure,Block,Slovakia,Ukraine,A,Turnover detector linked to earlier action in chain or pass flight boundary,4,ambiguous,False
3938640_p105_fc926d2b,3938640,UEFA Euro,5.573,5.0-6.0 sec,Pressure,Ball Recovery,Ukraine,Ukraine,A,Turnover detector linked to earlier action in chain or pass flight boundary,4,invalid,False
3938640_p155_c089ea08,3938640,UEFA Euro,5.345,5.0-6.0 sec,Pressure,Pass,Slovakia,Slovakia,A,Turnover detector linked to earlier action in chain or pass flight boundary,4,ambiguous,False
3938643_p4_66b70d01,3938643,UEFA Euro,6.633,6.0-8.0 sec,Pass,Dribble,Poland,Poland,D,Ambiguous timestamp/simultaneous event sequence,14,invalid,False
3938643_p35_2c5eedc4,3938643,UEFA Euro,6.969,6.0-8.0 sec,Pass,Pass,Poland,Poland,D,Ambiguous timestamp/simultaneous event sequence,15,invalid,False
3938643_p36_c9e2d5dd,3938643,UEFA Euro,6.865,6.0-8.0 sec,Pressure,Block,Poland,France,A,Turnover detector linked to earlier action in chain or pass flight boundary,4,invalid,False
3938643_p57_c9973717,3938643,UEFA Euro,7.926,6.0-8.0 sec,Pressure,Duel,Poland,Poland,C,Multiple contested events (duels/50-50s) delayed clear possession establishment,7,invalid,False
3938643_p108_2829aa86,3938643,UEFA Euro,5.539,5.0-6.0 sec,Pass,Pass,France,France,D,Ambiguous timestamp/simultaneous event sequence,9,invalid,False
3938643_p110_ff00ad84,3938643,UEFA Euro,5.683,5.0-6.0 sec,Pressure,Block,Poland,France,E,Opponent sustained possession with 4+ actions; genuinely unlinked within 5.0s,8,ambiguous,False
3938643_p140_62b84a90,3938643,UEFA Euro,5.54,5.0-6.0 sec,Pressure,Block,France,France,E,Opponent sustained possession with 4+ actions; genuinely unlinked within 5.0s,6,ambiguous,False
3930174_p49_044c67c0,3930174,UEFA Euro,5.708,5.0-6.0 sec,Pressure,Clearance,Turkey,Portugal,E,Opponent sustained possession with 4+ actions; genuinely unlinked within 5.0s,5,ambiguous,False
3930174_p114_71b4766b,3930174,UEFA Euro,5.241,5.0-6.0 sec,Pass,Pass,Turkey,Turkey,D,Ambiguous timestamp/simultaneous event sequence,9,invalid,False
3930174_p149_c5b1c067,3930174,UEFA Euro,5.41,5.0-6.0 sec,Interception,Pass,Portugal,Portugal,D,Ambiguous timestamp/simultaneous event sequence,6,invalid,False
3930170_p25_710f2dc2,3930170,UEFA Euro,7.344,6.0-8.0 sec,Pass,Ball Receipt*,Serbia,Serbia,D,Ambiguous timestamp/simultaneous event sequence,8,invalid,False
3930170_p67_510d2ac1,3930170,UEFA Euro,6.095,6.0-8.0 sec,Interception,Ball Receipt*,Slovenia,Slovenia,D,Ambiguous timestamp/simultaneous event sequence,11,invalid,False
3930170_p73_4147efac,3930170,UEFA Euro,6.294,6.0-8.0 sec,Interception,Ball Receipt*,Serbia,Serbia,D,Ambiguous timestamp/simultaneous event sequence,8,invalid,False
3938637_p32_2f815b7b,3938637,UEFA Euro,7.782,6.0-8.0 sec,Pass,Pass,Poland,Poland,D,Ambiguous timestamp/simultaneous event sequence,12,invalid,False
3930160_p145_9457023e,3930160,UEFA Euro,7.238,6.0-8.0 sec,Pass,Ball Receipt*,Spain,Spain,D,Ambiguous timestamp/simultaneous event sequence,8,invalid,False
3938638_p25_860e5d65,3938638,UEFA Euro,5.099,5.0-6.0 sec,Duel,Pass,Ukraine,Ukraine,C,Multiple contested events (duels/50-50s) delayed clear possession establishment,5,invalid,False
3938638_p113_1e1843c2,3938638,UEFA Euro,6.843,6.0-8.0 sec,Pressure,Ball Recovery,Ukraine,Ukraine,E,Opponent sustained possession with 4+ actions; genuinely unlinked within 5.0s,6,invalid,False
3930169_p77_bd71b373,3930169,UEFA Euro,7.564,6.0-8.0 sec,Interception,Ball Receipt*,Switzerland,Switzerland,D,Ambiguous timestamp/simultaneous event sequence,11,invalid,False
3930169_p123_df5ff2c0,3930169,UEFA Euro,5.693,5.0-6.0 sec,Pass,Ball Receipt*,Scotland,Scotland,D,Ambiguous timestamp/simultaneous event sequence,8,invalid,False
3930169_p137_ea61e64a,3930169,UEFA Euro,7.702,6.0-8.0 sec,Interception,Ball Receipt*,Scotland,Scotland,D,Ambiguous timestamp/simultaneous event sequence,17,invalid,False
3930184_p55_23ebafd8,3930184,UEFA Euro,7.648,6.0-8.0 sec,Pass,Ball Receipt*,Czech Republic,Czech Republic,D,Ambiguous timestamp/simultaneous event sequence,8,invalid,False
3930184_p74_e15cb8a4,3930184,UEFA Euro,6.894,6.0-8.0 sec,Pressure,Clearance,Czech Republic,Czech Republic,E,Opponent sustained possession with 4+ actions; genuinely unlinked within 5.0s,7,invalid,False
3930184_p106_7716b915,3930184,UEFA Euro,6.804,6.0-8.0 sec,Pressure,Block,Turkey,Czech Republic,E,Opponent sustained possession with 4+ actions; genuinely unlinked within 5.0s,5,invalid,False
3930184_p127_8a4f129a,3930184,UEFA Euro,5.114,5.0-6.0 sec,Pressure,Goal Keeper,Czech Republic,Czech Republic,E,Opponent sustained possession with 4+ actions; genuinely unlinked within 5.0s,5,ambiguous,False
3938644_p43_cf7f261c,3938644,UEFA Euro,6.264,6.0-8.0 sec,Pass,Pass,Georgia,Georgia,D,Ambiguous timestamp/simultaneous event sequence,9,invalid,False
3938644_p140_a6e0fed2,3938644,UEFA Euro,7.404,6.0-8.0 sec,Interception,Pass,Georgia,Georgia,D,Ambiguous timestamp/simultaneous event sequence,15,invalid,False
3942382_p23_f4773598,3942382,UEFA Euro,5.293,5.0-6.0 sec,Pressure,Duel,Turkey,Turkey,C,Multiple contested events (duels/50-50s) delayed clear possession establishment,7,ambiguous,False
3942382_p40_38d7e01e,3942382,UEFA Euro,5.673,5.0-6.0 sec,Block,Interception,Netherlands,Netherlands,D,Ambiguous timestamp/simultaneous event sequence,9,ambiguous,False
3942382_p67_6f171262,3942382,UEFA Euro,7.742,6.0-8.0 sec,Pressure,Clearance,Netherlands,Netherlands,E,Opponent sustained possession with 4+ actions; genuinely unlinked within 5.0s,7,invalid,False
3942382_p106_cbda75fa,3942382,UEFA Euro,6.254,6.0-8.0 sec,Interception,Pass,Turkey,Turkey,D,Ambiguous timestamp/simultaneous event sequence,8,invalid,False
3942382_p118_05211b65,3942382,UEFA Euro,7.344,6.0-8.0 sec,Interception,Pass,Turkey,Turkey,D,Ambiguous timestamp/simultaneous event sequence,9,invalid,False
3942382_p124_4e2e0977,3942382,UEFA Euro,5.169,5.0-6.0 sec,Pressure,Block,Netherlands,Turkey,E,Opponent sustained possession with 4+ actions; genuinely unlinked within 5.0s,7,ambiguous,False
3943043_p27_498ae4ac,3943043,UEFA Euro,6.653,6.0-8.0 sec,Block,Block,England,England,E,Opponent sustained possession with 4+ actions; genuinely unlinked within 5.0s,6,invalid,False
3943043_p41_d7b713d8,3943043,UEFA Euro,5.426,5.0-6.0 sec,Pressure,Clearance,England,Spain,E,Opponent sustained possession with 4+ actions; genuinely unlinked within 5.0s,6,ambiguous,False
3943043_p131_f192d0d3,3943043,UEFA Euro,6.947,6.0-8.0 sec,Duel,Ball Receipt*,England,England,C,Multiple contested events (duels/50-50s) delayed clear possession establishment,10,invalid,False
3942752_p21_50747fe6,3942752,UEFA Euro,5.639,5.0-6.0 sec,Pressure,Clearance,Spain,France,E,Opponent sustained possession with 4+ actions; genuinely unlinked within 5.0s,7,ambiguous,False
3942752_p149_1fe1170c,3942752,UEFA Euro,6.217,6.0-8.0 sec,Pressure,Block,France,Spain,A,Turnover detector linked to earlier action in chain or pass flight boundary,4,invalid,False
3942349_p11_6c21d6e5,3942349,UEFA Euro,7.664,6.0-8.0 sec,Interception,Ball Receipt*,Portugal,Portugal,D,Ambiguous timestamp/simultaneous event sequence,10,invalid,False
3942349_p28_835fd8da,3942349,UEFA Euro,5.483,5.0-6.0 sec,Duel,Block,France,Portugal,C,Multiple contested events (duels/50-50s) delayed clear possession establishment,8,ambiguous,False
3930162_p41_b0b26d53,3930162,UEFA Euro,7.568,6.0-8.0 sec,Pass,Ball Receipt*,Slovenia,Slovenia,D,Ambiguous timestamp/simultaneous event sequence,10,invalid,False
3930162_p52_fbf3c47c,3930162,UEFA Euro,5.636,5.0-6.0 sec,Pressure,Block,Denmark,Denmark,E,Opponent sustained possession with 4+ actions; genuinely unlinked within 5.0s,7,ambiguous,False
3930162_p82_4c7313a6,3930162,UEFA Euro,6.091,6.0-8.0 sec,Pressure,Duel,Denmark,Denmark,C,Multiple contested events (duels/50-50s) delayed clear possession establishment,5,invalid,False
3930162_p91_4bfb1b27,3930162,UEFA Euro,5.882,5.0-6.0 sec,Interception,Pass,Slovenia,Slovenia,D,Ambiguous timestamp/simultaneous event sequence,11,invalid,False
3930162_p126_6e7317f9,3930162,UEFA Euro,7.745,6.0-8.0 sec,Pressure,Ball Recovery,Slovenia,Slovenia,E,Opponent sustained possession with 4+ actions; genuinely unlinked within 5.0s,6,invalid,False
3930180_p61_1f07b679,3930180,UEFA Euro,5.263,5.0-6.0 sec,Pressure,Goal Keeper,Austria,Netherlands,E,Opponent sustained possession with 4+ actions; genuinely unlinked within 5.0s,5,ambiguous,False
3930180_p88_63718dd1,3930180,UEFA Euro,5.904,5.0-6.0 sec,Interception,Pass,Austria,Austria,D,Ambiguous timestamp/simultaneous event sequence,9,ambiguous,False
3930176_p37_c93ba8ee,3930176,UEFA Euro,6.723,6.0-8.0 sec,Pass,Ball Receipt*,Germany,Germany,D,Ambiguous timestamp/simultaneous event sequence,8,invalid,False
3930176_p101_0c3d35dc,3930176,UEFA Euro,7.956,6.0-8.0 sec,Pressure,Ball Recovery,Germany,Germany,E,Opponent sustained possession with 4+ actions; genuinely unlinked within 5.0s,6,invalid,False
3930176_p123_937b02a9,3930176,UEFA Euro,7.248,6.0-8.0 sec,Pressure,Goal Keeper,Switzerland,Germany,E,Opponent sustained possession with 4+ actions; genuinely unlinked within 5.0s,8,invalid,False
3930176_p124_462317b9,3930176,UEFA Euro,5.262,5.0-6.0 sec,Interception,Pass,Switzerland,Switzerland,D,Ambiguous timestamp/simultaneous event sequence,7,invalid,False
3930176_p135_b71b583d,3930176,UEFA Euro,7.218,6.0-8.0 sec,Interception,Clearance,Germany,Germany,D,Ambiguous timestamp/simultaneous event sequence,10,invalid,False
3930176_p158_cfc2eff3,3930176,UEFA Euro,5.232,5.0-6.0 sec,Pressure,Clearance,Switzerland,Switzerland,E,Opponent sustained possession with 4+ actions; genuinely unlinked within 5.0s,7,ambiguous,False
3930171_p9_c648f053,3930171,UEFA Euro,6.757,6.0-8.0 sec,Pass,Pass,England,England,D,Ambiguous timestamp/simultaneous event sequence,12,invalid,False
3930171_p50_5d0dd162,3930171,UEFA Euro,6.451,6.0-8.0 sec,Pressure,Block,England,Denmark,E,Opponent sustained possession with 4+ actions; genuinely unlinked within 5.0s,10,invalid,False
3930171_p72_210fd99c,3930171,UEFA Euro,6.722,6.0-8.0 sec,Pass,Ball Receipt*,England,England,D,Ambiguous timestamp/simultaneous event sequence,11,invalid,False
3930171_p116_c33f0778,3930171,UEFA Euro,6.731,6.0-8.0 sec,Pass,Pass,Denmark,Denmark,D,Ambiguous timestamp/simultaneous event sequence,8,invalid,False
3941022_p38_c05b398c,3941022,UEFA Euro,6.192,6.0-8.0 sec,Pressure,Interception,Austria,Turkey,E,Opponent sustained possession with 4+ actions; genuinely unlinked within 5.0s,5,invalid,False
3941022_p61_9eaf82a2,3941022,UEFA Euro,7.157,6.0-8.0 sec,Pass,Ball Receipt*,Turkey,Turkey,D,Ambiguous timestamp/simultaneous event sequence,10,invalid,False
3942226_p83_b3dabc56,3942226,UEFA Euro,5.596,5.0-6.0 sec,Pressure,Block,Germany,Spain,E,Opponent sustained possession with 4+ actions; genuinely unlinked within 5.0s,5,ambiguous,False
3942226_p117_0a11d05a,3942226,UEFA Euro,6.113,6.0-8.0 sec,Interception,Pass,Germany,Germany,D,Ambiguous timestamp/simultaneous event sequence,9,invalid,False
3942226_p157_ab909e14,3942226,UEFA Euro,7.893,6.0-8.0 sec,Interception,Ball Receipt*,Germany,Germany,D,Ambiguous timestamp/simultaneous event sequence,9,invalid,False
3942226_p194_5ec5fbb1,3942226,UEFA Euro,5.306,5.0-6.0 sec,Block,Clearance,Spain,Germany,E,Opponent sustained possession with 4+ actions; genuinely unlinked within 5.0s,6,ambiguous,False
3942819_p45_f920c382,3942819,UEFA Euro,7.363,6.0-8.0 sec,Pass,Pass,England,England,D,Ambiguous timestamp/simultaneous event sequence,9,invalid,False
3942819_p66_73258139,3942819,UEFA Euro,5.259,5.0-6.0 sec,Duel,Pass,Netherlands,Netherlands,C,Multiple contested events (duels/50-50s) delayed clear possession establishment,11,invalid,False
3942227_p92_c807a961,3942227,UEFA Euro,7.268,6.0-8.0 sec,Interception,Pass,England,England,D,Ambiguous timestamp/simultaneous event sequence,9,invalid,False
3942227_p144_65156d5e,3942227,UEFA Euro,6.341,6.0-8.0 sec,Interception,Ball Receipt*,Switzerland,Switzerland,E,Opponent sustained possession with 4+ actions; genuinely unlinked within 5.0s,7,invalid,False
3940983_p15_cac35e9a,3940983,UEFA Euro,5.966,5.0-6.0 sec,Pressure,Pass,Denmark,Denmark,A,Turnover detector linked to earlier action in chain or pass flight boundary,4,invalid,False
3940983_p18_e75dbf92,3940983,UEFA Euro,7.224,6.0-8.0 sec,Pressure,Ball Recovery,Germany,Germany,E,Opponent sustained possession with 4+ actions; genuinely unlinked within 5.0s,6,invalid,False
3940983_p28_5bc72a27,3940983,UEFA Euro,5.538,5.0-6.0 sec,Pass,Pass,Germany,Germany,D,Ambiguous timestamp/simultaneous event sequence,6,ambiguous,False
3940983_p30_952223d9,3940983,UEFA Euro,7.307,6.0-8.0 sec,Interception,Ball Receipt*,Germany,Germany,D,Ambiguous timestamp/simultaneous event sequence,9,invalid,False
3940983_p56_71b13fea,3940983,UEFA Euro,7.872,6.0-8.0 sec,Pressure,Block,Denmark,Denmark,E,Opponent sustained possession with 4+ actions; genuinely unlinked within 5.0s,5,invalid,False
3940983_p128_7aab0c6f,3940983,UEFA Euro,7.892,6.0-8.0 sec,Duel,Ball Receipt*,Denmark,Denmark,C,Multiple contested events (duels/50-50s) delayed clear possession establishment,10,invalid,False
3941021_p74_cbdbe2fe,3941021,UEFA Euro,7.799,6.0-8.0 sec,Pass,Pass,Romania,Romania,D,Ambiguous timestamp/simultaneous event sequence,9,invalid,False
3941021_p88_5cdbdb3c,3941021,UEFA Euro,7.482,6.0-8.0 sec,Interception,Pass,Netherlands,Netherlands,D,Ambiguous timestamp/simultaneous event sequence,9,invalid,False
3941021_p116_ec22c452,3941021,UEFA Euro,6.968,6.0-8.0 sec,Interception,Interception,Netherlands,Netherlands,D,Ambiguous timestamp/simultaneous event sequence,7,invalid,False
3930182_p12_3cd386d8,3930182,UEFA Euro,7.03,6.0-8.0 sec,Pass,Pass,Serbia,Serbia,D,Ambiguous timestamp/simultaneous event sequence,9,invalid,False
3930182_p27_821f0611,3930182,UEFA Euro,6.637,6.0-8.0 sec,Interception,Ball Recovery,Denmark,Denmark,D,Ambiguous timestamp/simultaneous event sequence,11,invalid,False
3930182_p84_0872aed0,3930182,UEFA Euro,5.896,5.0-6.0 sec,Pressure,Clearance,Denmark,Serbia,A,Turnover detector linked to earlier action in chain or pass flight boundary,4,ambiguous,False
3930182_p147_c4e3832c,3930182,UEFA Euro,6.687,6.0-8.0 sec,Pressure,Clearance,Serbia,Serbia,B,StatsBomb possession indexing retained pressing team despite brief contestation,3,invalid,False
3941017_p42_e36804e0,3941017,UEFA Euro,7.647,6.0-8.0 sec,Pass,Pass,Slovakia,Slovakia,D,Ambiguous timestamp/simultaneous event sequence,14,invalid,False
3941017_p120_ab637b08,3941017,UEFA Euro,7.154,6.0-8.0 sec,Interception,Ball Receipt*,England,England,D,Ambiguous timestamp/simultaneous event sequence,11,invalid,False
3941017_p128_0d860869,3941017,UEFA Euro,7.373,6.0-8.0 sec,Pressure,Goal Keeper,Slovakia,England,E,Opponent sustained possession with 4+ actions; genuinely unlinked within 5.0s,5,invalid,False
3941017_p143_8285f114,3941017,UEFA Euro,6.766,6.0-8.0 sec,Pressure,Pass,Slovakia,Slovakia,A,Turnover detector linked to earlier action in chain or pass flight boundary,4,invalid,False
3941017_p147_cb8a071c,3941017,UEFA Euro,6.212,6.0-8.0 sec,Block,Block,Slovakia,England,E,Opponent sustained possession with 4+ actions; genuinely unlinked within 5.0s,8,invalid,False
3941017_p168_ae3b8017,3941017,UEFA Euro,5.822,5.0-6.0 sec,Interception,Pass,Slovakia,Slovakia,E,Opponent sustained possession with 4+ actions; genuinely unlinked within 5.0s,9,ambiguous,False
3941017_p172_2f352b09,3941017,UEFA Euro,7.688,6.0-8.0 sec,Pass,Pass,England,England,D,Ambiguous timestamp/simultaneous event sequence,8,invalid,False
3938645_p22_e6936fff,3938645,UEFA Euro,7.124,6.0-8.0 sec,Pressure,Pass,Ukraine,Ukraine,A,Turnover detector linked to earlier action in chain or pass flight boundary,4,invalid,False
3938645_p50_32cf84a2,3938645,UEFA Euro,5.172,5.0-6.0 sec,Pressure,Clearance,Belgium,Ukraine,E,Opponent sustained possession with 4+ actions; genuinely unlinked within 5.0s,5,ambiguous,False
3930173_p41_7f31f92d,3930173,UEFA Euro,7.196,6.0-8.0 sec,Interception,Ball Receipt*,Netherlands,Netherlands,D,Ambiguous timestamp/simultaneous event sequence,11,invalid,False
3930173_p95_ed378199,3930173,UEFA Euro,5.732,5.0-6.0 sec,Pass,Pass,France,France,D,Ambiguous timestamp/simultaneous event sequence,8,invalid,False
3941018_p28_e7210cc7,3941018,UEFA Euro,6.811,6.0-8.0 sec,Duel,Duel,Spain,Spain,C,Multiple contested events (duels/50-50s) delayed clear possession establishment,7,invalid,False
3941018_p34_5cfcd72d,3941018,UEFA Euro,7.739,6.0-8.0 sec,Interception,Ball Receipt*,Georgia,Georgia,D,Ambiguous timestamp/simultaneous event sequence,10,invalid,False
3941018_p43_b5b5e536,3941018,UEFA Euro,6.079,6.0-8.0 sec,Pressure,Interception,Georgia,Spain,E,Opponent sustained possession with 4+ actions; genuinely unlinked within 5.0s,11,invalid,False
3941018_p73_e0cc8066,3941018,UEFA Euro,6.482,6.0-8.0 sec,Pressure,Block,Georgia,Spain,E,Opponent sustained possession with 4+ actions; genuinely unlinked within 5.0s,5,invalid,False
3941018_p97_fc0a30af,3941018,UEFA Euro,7.49,6.0-8.0 sec,Duel,Block,Spain,Spain,C,Multiple contested events (duels/50-50s) delayed clear possession establishment,7,invalid,False
3941020_p22_c3d868d2,3941020,UEFA Euro,5.356,5.0-6.0 sec,Block,Pass,Slovenia,Slovenia,A,Turnover detector linked to earlier action in chain or pass flight boundary,4,invalid,False
3941020_p77_80ed2973,3941020,UEFA Euro,5.99,5.0-6.0 sec,Interception,Pass,Slovenia,Slovenia,E,Opponent sustained possession with 4+ actions; genuinely unlinked within 5.0s,5,invalid,False
3941020_p80_51a566fe,3941020,UEFA Euro,7.384,6.0-8.0 sec,Duel,Pass,Slovenia,Slovenia,C,Multiple contested events (duels/50-50s) delayed clear possession establishment,10,invalid,False
3941020_p106_aff7ca5c,3941020,UEFA Euro,6.576,6.0-8.0 sec,Interception,Duel,Portugal,Portugal,C,Multiple contested events (duels/50-50s) delayed clear possession establishment,11,invalid,False
3941020_p146_691c5953,3941020,UEFA Euro,5.879,5.0-6.0 sec,Pass,Ball Receipt*,Slovenia,Slovenia,D,Ambiguous timestamp/simultaneous event sequence,8,invalid,False
3941020_p164_126e5b71,3941020,UEFA Euro,6.26,6.0-8.0 sec,Pressure,Clearance,Portugal,Slovenia,E,Opponent sustained possession with 4+ actions; genuinely unlinked within 5.0s,10,invalid,False
3941020_p171_b701ed55,3941020,UEFA Euro,7.244,6.0-8.0 sec,Duel,Ball Receipt*,Slovenia,Slovenia,C,Multiple contested events (duels/50-50s) delayed clear possession establishment,7,invalid,False
3930167_p29_09583e2c,3930167,UEFA Euro,7.793,6.0-8.0 sec,Duel,Ball Receipt*,Croatia,Croatia,C,Multiple contested events (duels/50-50s) delayed clear possession establishment,10,invalid,False
3930167_p125_92da98ab,3930167,UEFA Euro,6.364,6.0-8.0 sec,Interception,Clearance,Croatia,Croatia,D,Ambiguous timestamp/simultaneous event sequence,7,invalid,False
3930179_p19_b6e4b0d0,3930179,UEFA Euro,6.984,6.0-8.0 sec,Interception,Pass,Albania,Albania,D,Ambiguous timestamp/simultaneous event sequence,9,invalid,False
3930179_p84_41f369b7,3930179,UEFA Euro,7.072,6.0-8.0 sec,Interception,Pass,Albania,Albania,D,Ambiguous timestamp/simultaneous event sequence,12,invalid,False
3930179_p142_c172e286,3930179,UEFA Euro,5.443,5.0-6.0 sec,Pressure,Interception,Spain,Spain,E,Opponent sustained possession with 4+ actions; genuinely unlinked within 5.0s,7,ambiguous,False
3930179_p156_47213dd0,3930179,UEFA Euro,6.801,6.0-8.0 sec,Duel,Duel,Albania,Albania,C,Multiple contested events (duels/50-50s) delayed clear possession establishment,9,invalid,False
3930164_p58_b83d1513,3930164,UEFA Euro,7.2,6.0-8.0 sec,Interception,Ball Receipt*,Slovakia,Slovakia,E,Opponent sustained possession with 4+ actions; genuinely unlinked within 5.0s,14,invalid,False
3930164_p111_64cdb810,3930164,UEFA Euro,5.801,5.0-6.0 sec,Pressure,Block,Belgium,Slovakia,E,Opponent sustained possession with 4+ actions; genuinely unlinked within 5.0s,6,ambiguous,False
3930164_p151_5ce0d4f9,3930164,UEFA Euro,7.346,6.0-8.0 sec,Pass,Ball Receipt*,Slovakia,Slovakia,D,Ambiguous timestamp/simultaneous event sequence,11,invalid,False
3930161_p27_fa35fd33,3930161,UEFA Euro,6.261,6.0-8.0 sec,Pass,Ball Receipt*,Italy,Italy,D,Ambiguous timestamp/simultaneous event sequence,11,invalid,False
3930161_p31_b8368691,3930161,UEFA Euro,5.811,5.0-6.0 sec,Pressure,Goal Keeper,Italy,Albania,E,Opponent sustained possession with 4+ actions; genuinely unlinked within 5.0s,5,ambiguous,False
3930161_p38_5e7b4461,3930161,UEFA Euro,7.464,6.0-8.0 sec,Interception,Ball Receipt*,Albania,Albania,D,Ambiguous timestamp/simultaneous event sequence,14,invalid,False
3930161_p54_76860e5c,3930161,UEFA Euro,7.26,6.0-8.0 sec,Pass,Ball Receipt*,Italy,Italy,D,Ambiguous timestamp/simultaneous event sequence,10,invalid,False
3930161_p63_52bbeeaa,3930161,UEFA Euro,5.883,5.0-6.0 sec,Interception,Block,Italy,Italy,D,Ambiguous timestamp/simultaneous event sequence,9,ambiguous,False
3930161_p66_169fce1a,3930161,UEFA Euro,6.82,6.0-8.0 sec,Duel,Ball Receipt*,Albania,Albania,C,Multiple contested events (duels/50-50s) delayed clear possession establishment,10,invalid,False
3930161_p78_d489f947,3930161,UEFA Euro,6.091,6.0-8.0 sec,Interception,Pass,Albania,Albania,D,Ambiguous timestamp/simultaneous event sequence,9,invalid,False
3930161_p85_4a6f6751,3930161,UEFA Euro,7.992,6.0-8.0 sec,Interception,Ball Receipt*,Albania,Albania,D,Ambiguous timestamp/simultaneous event sequence,11,invalid,False
3930161_p87_ead13fba,3930161,UEFA Euro,7.305,6.0-8.0 sec,Interception,Ball Receipt*,Italy,Italy,D,Ambiguous timestamp/simultaneous event sequence,11,invalid,False
3930161_p117_bbd08ed1,3930161,UEFA Euro,5.525,5.0-6.0 sec,Pass,Pass,Albania,Albania,D,Ambiguous timestamp/simultaneous event sequence,6,ambiguous,False
3930161_p122_b5137436,3930161,UEFA Euro,6.002,6.0-8.0 sec,Duel,Pass,Albania,Albania,C,Multiple contested events (duels/50-50s) delayed clear possession establishment,8,invalid,False
3940878_p59_d86741b7,3940878,UEFA Euro,6.271,6.0-8.0 sec,Block,Pass,Italy,Italy,E,Opponent sustained possession with 4+ actions; genuinely unlinked within 5.0s,8,invalid,False
3940878_p69_ad9fe0be,3940878,UEFA Euro,5.089,5.0-6.0 sec,Pressure,Ball Recovery,Italy,Italy,E,Opponent sustained possession with 4+ actions; genuinely unlinked within 5.0s,6,ambiguous,False
3940878_p75_a63b0f7c,3940878,UEFA Euro,6.096,6.0-8.0 sec,Pass,Pass,Switzerland,Switzerland,D,Ambiguous timestamp/simultaneous event sequence,9,invalid,False
3940878_p85_523b280c,3940878,UEFA Euro,7.502,6.0-8.0 sec,Block,Goal Keeper,Italy,Italy,D,Ambiguous timestamp/simultaneous event sequence,6,invalid,False
3940878_p97_b23b1dda,3940878,UEFA Euro,7.833,6.0-8.0 sec,Interception,Ball Receipt*,Switzerland,Switzerland,D,Ambiguous timestamp/simultaneous event sequence,10,invalid,False
3940878_p104_012b6a7f,3940878,UEFA Euro,5.493,5.0-6.0 sec,Pass,Ball Receipt*,Switzerland,Switzerland,D,Ambiguous timestamp/simultaneous event sequence,10,ambiguous,False
3940878_p117_ebc6839a,3940878,UEFA Euro,6.266,6.0-8.0 sec,Pressure,Goal Keeper,Italy,Switzerland,E,Opponent sustained possession with 4+ actions; genuinely unlinked within 5.0s,5,invalid,False
3930158_p57_fa407648,3930158,UEFA Euro,5.845,5.0-6.0 sec,Interception,Block,Scotland,Germany,D,Ambiguous timestamp/simultaneous event sequence,6,ambiguous,False
3930158_p85_da83ba1c,3930158,UEFA Euro,5.991,5.0-6.0 sec,Pass,Ball Receipt*,Scotland,Scotland,D,Ambiguous timestamp/simultaneous event sequence,7,ambiguous,False
3930158_p112_20414dae,3930158,UEFA Euro,5.447,5.0-6.0 sec,Pressure,Duel,Germany,Germany,C,Multiple contested events (duels/50-50s) delayed clear possession establishment,6,ambiguous,False
3930168_p8_1bb222ff,3930168,UEFA Euro,7.627,6.0-8.0 sec,Pass,Pass,Hungary,Hungary,D,Ambiguous timestamp/simultaneous event sequence,21,invalid,False
3788773_p14_abe38b27,3788773,UEFA Euro,7.873,6.0-8.0 sec,Pass,Ball Receipt*,Portugal,Portugal,D,Ambiguous timestamp/simultaneous event sequence,8,invalid,False
3788773_p21_0aec9ea2,3788773,UEFA Euro,7.157,6.0-8.0 sec,Interception,Pass,Portugal,Portugal,D,Ambiguous timestamp/simultaneous event sequence,12,invalid,False
3788773_p27_04ffc9d7,3788773,UEFA Euro,5.193,5.0-6.0 sec,Pressure,Goal Keeper,France,France,E,Opponent sustained possession with 4+ actions; genuinely unlinked within 5.0s,5,ambiguous,False
3788773_p34_b77fa1c0,3788773,UEFA Euro,7.773,6.0-8.0 sec,Pass,Pass,France,France,D,Ambiguous timestamp/simultaneous event sequence,15,invalid,False
3788773_p80_5a739522,3788773,UEFA Euro,7.401,6.0-8.0 sec,Interception,Ball Receipt*,France,France,D,Ambiguous timestamp/simultaneous event sequence,14,invalid,False
3930177_p13_98e5613e,3930177,UEFA Euro,6.928,6.0-8.0 sec,50/50,Clearance,Scotland,Hungary,C,Multiple contested events (duels/50-50s) delayed clear possession establishment,8,invalid,False
3930177_p25_6d303438,3930177,UEFA Euro,5.889,5.0-6.0 sec,Pressure,Clearance,Scotland,Hungary,E,Opponent sustained possession with 4+ actions; genuinely unlinked within 5.0s,8,ambiguous,False
3930177_p30_7e339ec5,3930177,UEFA Euro,7.654,6.0-8.0 sec,Interception,Ball Receipt*,Scotland,Scotland,D,Ambiguous timestamp/simultaneous event sequence,14,invalid,False
3930177_p41_73c2962c,3930177,UEFA Euro,5.241,5.0-6.0 sec,Interception,Pass,Scotland,Scotland,D,Ambiguous timestamp/simultaneous event sequence,9,invalid,False
3930177_p64_f403dc75,3930177,UEFA Euro,5.061,5.0-6.0 sec,Pressure,Ball Recovery,Scotland,Scotland,E,Opponent sustained possession with 4+ actions; genuinely unlinked within 5.0s,6,ambiguous,False
3930177_p106_a8e0b2fa,3930177,UEFA Euro,6.972,6.0-8.0 sec,50/50,Duel,Scotland,Scotland,C,Multiple contested events (duels/50-50s) delayed clear possession establishment,11,invalid,False
3930183_p24_f45b9e46,3930183,UEFA Euro,5.274,5.0-6.0 sec,Pass,Pass,Slovakia,Slovakia,D,Ambiguous timestamp/simultaneous event sequence,7,invalid,False
3930183_p44_7f61f912,3930183,UEFA Euro,7.336,6.0-8.0 sec,Pressure,Duel,Romania,Romania,C,Multiple contested events (duels/50-50s) delayed clear possession establishment,6,invalid,False
3930183_p62_5c4ca436,3930183,UEFA Euro,6.483,6.0-8.0 sec,Pass,Pass,Slovakia,Slovakia,D,Ambiguous timestamp/simultaneous event sequence,6,invalid,False
3930183_p66_1b24bfdd,3930183,UEFA Euro,5.81,5.0-6.0 sec,Interception,Pass,Romania,Romania,D,Ambiguous timestamp/simultaneous event sequence,10,invalid,False
3930183_p109_715a9f70,3930183,UEFA Euro,5.494,5.0-6.0 sec,Duel,Pass,Slovakia,Slovakia,C,Multiple contested events (duels/50-50s) delayed clear possession establishment,5,invalid,False
3930183_p130_3278b00c,3930183,UEFA Euro,7.6,6.0-8.0 sec,Pass,Pass,Slovakia,Slovakia,D,Ambiguous timestamp/simultaneous event sequence,9,invalid,False
3788765_p21_3be5c504,3788765,UEFA Euro,5.472,5.0-6.0 sec,Pressure,Clearance,Switzerland,Turkey,E,Opponent sustained possession with 4+ actions; genuinely unlinked within 5.0s,5,ambiguous,False
3788765_p33_e8fb075c,3788765,UEFA Euro,7.087,6.0-8.0 sec,Pressure,Goal Keeper,Turkey,Switzerland,E,Opponent sustained possession with 4+ actions; genuinely unlinked within 5.0s,8,invalid,False
3788765_p58_3f6d2941,3788765,UEFA Euro,7.665,6.0-8.0 sec,Pass,Pass,Switzerland,Switzerland,D,Ambiguous timestamp/simultaneous event sequence,9,invalid,False
3788765_p78_5995c081,3788765,UEFA Euro,6.972,6.0-8.0 sec,Interception,Ball Receipt*,Switzerland,Switzerland,D,Ambiguous timestamp/simultaneous event sequence,8,invalid,False
3788765_p79_10ea0eaa,3788765,UEFA Euro,7.286,6.0-8.0 sec,Pass,Ball Receipt*,Turkey,Turkey,D,Ambiguous timestamp/simultaneous event sequence,11,invalid,False
3788765_p91_4a7adaf8,3788765,UEFA Euro,6.317,6.0-8.0 sec,Pass,Ball Receipt*,Switzerland,Switzerland,D,Ambiguous timestamp/simultaneous event sequence,9,invalid,False
3788765_p121_9bdd2060,3788765,UEFA Euro,5.077,5.0-6.0 sec,Interception,Pass,Turkey,Turkey,D,Ambiguous timestamp/simultaneous event sequence,6,ambiguous,False
3788765_p155_52e5f0bb,3788765,UEFA Euro,7.751,6.0-8.0 sec,Interception,Ball Receipt*,Turkey,Turkey,E,Opponent sustained possession with 4+ actions; genuinely unlinked within 5.0s,10,invalid,False
3930175_p4_0f162657,3930175,UEFA Euro,5.65,5.0-6.0 sec,Pressure,Clearance,Belgium,Romania,E,Opponent sustained possession with 4+ actions; genuinely unlinked within 5.0s,9,ambiguous,False
3930175_p62_37198ffd,3930175,UEFA Euro,7.654,6.0-8.0 sec,Interception,Pass,Romania,Romania,D,Ambiguous timestamp/simultaneous event sequence,10,invalid,False
3930175_p142_726e7544,3930175,UEFA Euro,6.717,6.0-8.0 sec,Pressure,Clearance,Belgium,Romania,E,Opponent sustained possession with 4+ actions; genuinely unlinked within 5.0s,6,invalid,False
3930165_p55_59ffea9f,3930165,UEFA Euro,5.862,5.0-6.0 sec,Pressure,Block,Austria,France,E,Opponent sustained possession with 4+ actions; genuinely unlinked within 5.0s,8,ambiguous,False
3930165_p59_dde74fc1,3930165,UEFA Euro,5.396,5.0-6.0 sec,Interception,Pass,Austria,Austria,D,Ambiguous timestamp/simultaneous event sequence,6,ambiguous,False
3930165_p86_9d3a6cc3,3930165,UEFA Euro,5.938,5.0-6.0 sec,Duel,Ball Recovery,Austria,Austria,C,Multiple contested events (duels/50-50s) delayed clear possession establishment,7,ambiguous,False
3930165_p151_4b650917,3930165,UEFA Euro,5.792,5.0-6.0 sec,Pressure,Block,France,Austria,E,Opponent sustained possession with 4+ actions; genuinely unlinked within 5.0s,6,ambiguous,False
3930165_p162_fee3056a,3930165,UEFA Euro,5.878,5.0-6.0 sec,Pass,Pass,France,France,D,Ambiguous timestamp/simultaneous event sequence,9,ambiguous,False
3794690_p17_6dfe6d26,3794690,UEFA Euro,5.606,5.0-6.0 sec,Pressure,Interception,Czech Republic,Netherlands,E,Opponent sustained possession with 4+ actions; genuinely unlinked within 5.0s,5,ambiguous,False
3794690_p64_36b08f60,3794690,UEFA Euro,6.57,6.0-8.0 sec,Interception,Goal Keeper,Netherlands,Czech Republic,D,Ambiguous timestamp/simultaneous event sequence,7,invalid,False
3794690_p128_57510f8a,3794690,UEFA Euro,5.857,5.0-6.0 sec,Pass,Pass,Czech Republic,Czech Republic,D,Ambiguous timestamp/simultaneous event sequence,6,invalid,False
3794690_p159_9a1a757a,3794690,UEFA Euro,5.545,5.0-6.0 sec,Pressure,Clearance,Netherlands,Czech Republic,A,Turnover detector linked to earlier action in chain or pass flight boundary,3,ambiguous,False
3794690_p160_d51a39eb,3794690,UEFA Euro,6.658,6.0-8.0 sec,Interception,Ball Receipt*,Netherlands,Netherlands,D,Ambiguous timestamp/simultaneous event sequence,9,invalid,False
3930172_p23_eb5c0f74,3930172,UEFA Euro,7.749,6.0-8.0 sec,Duel,Pass,Spain,Spain,C,Multiple contested events (duels/50-50s) delayed clear possession establishment,11,invalid,False
3930172_p38_9ec3243c,3930172,UEFA Euro,6.198,6.0-8.0 sec,Pressure,Goal Keeper,Spain,Spain,E,Opponent sustained possession with 4+ actions; genuinely unlinked within 5.0s,5,invalid,False
3930172_p50_9672b8d7,3930172,UEFA Euro,7.713,6.0-8.0 sec,Pass,Ball Receipt*,Spain,Spain,D,Ambiguous timestamp/simultaneous event sequence,8,invalid,False
3930172_p60_24684fae,3930172,UEFA Euro,7.715,6.0-8.0 sec,Pass,Pass,Spain,Spain,C,Multiple contested events (duels/50-50s) delayed clear possession establishment,10,invalid,False
3930172_p78_901b60b7,3930172,UEFA Euro,5.822,5.0-6.0 sec,Pass,Pass,Italy,Italy,D,Ambiguous timestamp/simultaneous event sequence,6,invalid,False
3930172_p103_2d14fb43,3930172,UEFA Euro,5.853,5.0-6.0 sec,Pressure,Pressure,Italy,Italy,E,Opponent sustained possession with 4+ actions; genuinely unlinked within 5.0s,5,ambiguous,False
3930172_p127_5d50c09c,3930172,UEFA Euro,5.749,5.0-6.0 sec,Pressure,Block,Italy,Spain,E,Opponent sustained possession with 4+ actions; genuinely unlinked within 5.0s,5,ambiguous,False
3794685_p19_ad12b609,3794685,UEFA Euro,5.257,5.0-6.0 sec,Interception,Pass,Italy,Italy,D,Ambiguous timestamp/simultaneous event sequence,7,ambiguous,False
3794685_p22_61ca009d,3794685,UEFA Euro,6.86,6.0-8.0 sec,Interception,Ball Receipt*,Austria,Austria,D,Ambiguous timestamp/simultaneous event sequence,8,invalid,False
3794685_p66_b82c05a0,3794685,UEFA Euro,5.679,5.0-6.0 sec,Pressure,Block,Italy,Austria,E,Opponent sustained possession with 4+ actions; genuinely unlinked within 5.0s,6,ambiguous,False
3794685_p197_a62dbb4c,3794685,UEFA Euro,6.826,6.0-8.0 sec,Pressure,Clearance,Austria,Austria,E,Opponent sustained possession with 4+ actions; genuinely unlinked within 5.0s,5,invalid,False
3794685_p232_67d3a15b,3794685,UEFA Euro,7.725,6.0-8.0 sec,Pressure,Interception,Austria,Austria,E,Opponent sustained possession with 4+ actions; genuinely unlinked within 5.0s,6,invalid,False
3794689_p26_a4b52d9d,3794689,UEFA Euro,7.82,6.0-8.0 sec,Interception,Ball Receipt*,Wales,Wales,D,Ambiguous timestamp/simultaneous event sequence,8,invalid,False
3794689_p124_46c3e822,3794689,UEFA Euro,5.396,5.0-6.0 sec,Pressure,Clearance,Wales,Wales,A,Turnover detector linked to earlier action in chain or pass flight boundary,4,ambiguous,False
3794689_p140_487f7c9a,3794689,UEFA Euro,6.995,6.0-8.0 sec,Pressure,Duel,Wales,Wales,C,Multiple contested events (duels/50-50s) delayed clear possession establishment,5,invalid,False
3795108_p10_4e6c16ca,3795108,UEFA Euro,6.66,6.0-8.0 sec,Pressure,Pass,Spain,Spain,A,Turnover detector linked to earlier action in chain or pass flight boundary,4,invalid,False
3795108_p12_c74a8dbf,3795108,UEFA Euro,7.935,6.0-8.0 sec,Pass,Dribble,Spain,Spain,D,Ambiguous timestamp/simultaneous event sequence,11,invalid,False
3795108_p29_f10f5788,3795108,UEFA Euro,7.153,6.0-8.0 sec,Pass,Ball Receipt*,Switzerland,Switzerland,C,Multiple contested events (duels/50-50s) delayed clear possession establishment,12,invalid,False
3795108_p47_0f9af6eb,3795108,UEFA Euro,7.693,6.0-8.0 sec,Pass,Pass,Spain,Spain,D,Ambiguous timestamp/simultaneous event sequence,12,invalid,False
3795108_p138_58b858a5,3795108,UEFA Euro,7.592,6.0-8.0 sec,Pass,Ball Receipt*,Switzerland,Switzerland,D,Ambiguous timestamp/simultaneous event sequence,11,invalid,False
3795108_p150_521013f9,3795108,UEFA Euro,7.362,6.0-8.0 sec,Duel,Pass,Switzerland,Switzerland,C,Multiple contested events (duels/50-50s) delayed clear possession establishment,8,invalid,False
3795108_p163_be0744df,3795108,UEFA Euro,7.988,6.0-8.0 sec,Interception,Ball Receipt*,Switzerland,Switzerland,D,Ambiguous timestamp/simultaneous event sequence,8,invalid,False
3795108_p193_7420f69a,3795108,UEFA Euro,5.175,5.0-6.0 sec,Block,Duel,Spain,Spain,C,Multiple contested events (duels/50-50s) delayed clear possession establishment,7,ambiguous,False
3788758_p18_cad746ab,3788758,UEFA Euro,5.115,5.0-6.0 sec,Pressure,Duel,North Macedonia,North Macedonia,C,Multiple contested events (duels/50-50s) delayed clear possession establishment,4,ambiguous,False
3788758_p41_6f6169d2,3788758,UEFA Euro,7.799,6.0-8.0 sec,Interception,Ball Receipt*,North Macedonia,North Macedonia,D,Ambiguous timestamp/simultaneous event sequence,13,invalid,False
3788758_p131_6a5a24b2,3788758,UEFA Euro,7.552,6.0-8.0 sec,Interception,Ball Receipt*,North Macedonia,North Macedonia,D,Ambiguous timestamp/simultaneous event sequence,10,invalid,False
3788758_p153_97665acf,3788758,UEFA Euro,5.16,5.0-6.0 sec,Pressure,Duel,North Macedonia,North Macedonia,C,Multiple contested events (duels/50-50s) delayed clear possession establishment,5,ambiguous,False
3788760_p53_3a67f123,3788760,UEFA Euro,6.075,6.0-8.0 sec,Interception,Pass,Croatia,Croatia,D,Ambiguous timestamp/simultaneous event sequence,12,invalid,False
3788760_p103_80682671,3788760,UEFA Euro,7.21,6.0-8.0 sec,Pressure,Block,Czech Republic,Croatia,E,Opponent sustained possession with 4+ actions; genuinely unlinked within 5.0s,6,invalid,False
3794687_p5_a87b0c98,3794687,UEFA Euro,7.72,6.0-8.0 sec,Interception,Ball Receipt*,Portugal,Portugal,D,Ambiguous timestamp/simultaneous event sequence,11,invalid,False
3794687_p12_eefcaafc,3794687,UEFA Euro,5.126,5.0-6.0 sec,Interception,Interception,Portugal,Portugal,D,Ambiguous timestamp/simultaneous event sequence,12,ambiguous,False
3794687_p43_ae1922dc,3794687,UEFA Euro,5.851,5.0-6.0 sec,Interception,Duel,Belgium,Belgium,C,Multiple contested events (duels/50-50s) delayed clear possession establishment,6,ambiguous,False
3794687_p52_bc3e7c86,3794687,UEFA Euro,7.654,6.0-8.0 sec,Pressure,Block,Portugal,Belgium,E,Opponent sustained possession with 4+ actions; genuinely unlinked within 5.0s,12,invalid,False
3794687_p60_95194444,3794687,UEFA Euro,7.236,6.0-8.0 sec,Pass,Ball Receipt*,Belgium,Belgium,D,Ambiguous timestamp/simultaneous event sequence,11,invalid,False
3794687_p73_2f61e04e,3794687,UEFA Euro,7.975,6.0-8.0 sec,Pass,Pass,Belgium,Belgium,D,Ambiguous timestamp/simultaneous event sequence,11,invalid,False
3794687_p83_79b2b399,3794687,UEFA Euro,6.594,6.0-8.0 sec,Pass,Pass,Belgium,Belgium,D,Ambiguous timestamp/simultaneous event sequence,6,invalid,False
3794687_p111_ca946ccc,3794687,UEFA Euro,6.877,6.0-8.0 sec,Interception,Pass,Portugal,Portugal,D,Ambiguous timestamp/simultaneous event sequence,5,invalid,False
3794687_p117_99d567e0,3794687,UEFA Euro,5.391,5.0-6.0 sec,Pressure,Clearance,Portugal,Belgium,E,Opponent sustained possession with 4+ actions; genuinely unlinked within 5.0s,5,ambiguous,False
3794687_p139_bf9d4dbe,3794687,UEFA Euro,5.261,5.0-6.0 sec,Duel,Pass,Portugal,Portugal,C,Multiple contested events (duels/50-50s) delayed clear possession establishment,8,invalid,False
3794687_p142_03601dea,3794687,UEFA Euro,5.075,5.0-6.0 sec,Pressure,Pass,Belgium,Belgium,A,Turnover detector linked to earlier action in chain or pass flight boundary,4,invalid,False
3794687_p146_031f40d1,3794687,UEFA Euro,6.676,6.0-8.0 sec,Pass,Pass,Belgium,Belgium,D,Ambiguous timestamp/simultaneous event sequence,6,invalid,False
3795107_p18_4e0f4a3c,3795107,UEFA Euro,7.94,6.0-8.0 sec,Duel,Ball Receipt*,Italy,Italy,C,Multiple contested events (duels/50-50s) delayed clear possession establishment,7,invalid,False
3795107_p33_713bdd4f,3795107,UEFA Euro,6.212,6.0-8.0 sec,Pass,Pass,Italy,Italy,D,Ambiguous timestamp/simultaneous event sequence,9,invalid,False
3795107_p34_27d14aee,3795107,UEFA Euro,6.803,6.0-8.0 sec,Pressure,Clearance,Italy,Belgium,E,Opponent sustained possession with 4+ actions; genuinely unlinked within 5.0s,8,invalid,False
3795107_p48_29add12c,3795107,UEFA Euro,6.702,6.0-8.0 sec,Pass,Block,Italy,Italy,E,Opponent sustained possession with 4+ actions; genuinely unlinked within 5.0s,7,invalid,False
3795107_p113_46f60053,3795107,UEFA Euro,5.162,5.0-6.0 sec,Pressure,Goal Keeper,Italy,Italy,E,Opponent sustained possession with 4+ actions; genuinely unlinked within 5.0s,6,ambiguous,False
3795187_p47_99217c22,3795187,UEFA Euro,5.806,5.0-6.0 sec,Pressure,Clearance,England,Ukraine,E,Opponent sustained possession with 4+ actions; genuinely unlinked within 5.0s,7,ambiguous,False
3788766_p35_8682a01c,3788766,UEFA Euro,5.846,5.0-6.0 sec,Pressure,Pass,Italy,Wales,E,Opponent sustained possession with 4+ actions; genuinely unlinked within 5.0s,7,invalid,False
3788766_p49_45d60ea1,3788766,UEFA Euro,6.981,6.0-8.0 sec,Interception,Ball Receipt*,Italy,Wales,D,Ambiguous timestamp/simultaneous event sequence,8,invalid,False
3794692_p20_b36abc77,3794692,UEFA Euro,7.208,6.0-8.0 sec,Pass,Ball Receipt*,Sweden,Sweden,D,Ambiguous timestamp/simultaneous event sequence,8,invalid,False
3794692_p61_a082f172,3794692,UEFA Euro,6.984,6.0-8.0 sec,Pass,Pass,Sweden,Sweden,D,Ambiguous timestamp/simultaneous event sequence,11,invalid,False
3794692_p71_7ae03d79,3794692,UEFA Euro,5.115,5.0-6.0 sec,Pressure,Interception,Sweden,Ukraine,E,Opponent sustained possession with 4+ actions; genuinely unlinked within 5.0s,10,ambiguous,False
3794692_p121_bba8ea63,3794692,UEFA Euro,6.059,6.0-8.0 sec,Interception,Block,Ukraine,Ukraine,D,Ambiguous timestamp/simultaneous event sequence,7,invalid,False
3794692_p143_c637d9b3,3794692,UEFA Euro,6.689,6.0-8.0 sec,Interception,Pass,Sweden,Sweden,D,Ambiguous timestamp/simultaneous event sequence,12,invalid,False
3794692_p149_72e537fc,3794692,UEFA Euro,7.327,6.0-8.0 sec,Interception,Ball Receipt*,Sweden,Sweden,D,Ambiguous timestamp/simultaneous event sequence,8,invalid,False
3794692_p153_fcdf4c35,3794692,UEFA Euro,7.313,6.0-8.0 sec,Pass,Ball Receipt*,Sweden,Sweden,D,Ambiguous timestamp/simultaneous event sequence,9,invalid,False
3794692_p161_a66a7f03,3794692,UEFA Euro,6.285,6.0-8.0 sec,Pressure,Block,Ukraine,Sweden,E,Opponent sustained possession with 4+ actions; genuinely unlinked within 5.0s,8,invalid,False
3795506_p50_40ec488e,3795506,UEFA Euro,6.202,6.0-8.0 sec,Interception,Pass,England,England,D,Ambiguous timestamp/simultaneous event sequence,9,invalid,False
3795506_p80_72d21052,3795506,UEFA Euro,7.327,6.0-8.0 sec,Pass,Pass,Italy,Italy,D,Ambiguous timestamp/simultaneous event sequence,12,invalid,False
3795506_p97_d343453a,3795506,UEFA Euro,6.453,6.0-8.0 sec,Pressure,Duel,Italy,Italy,C,Multiple contested events (duels/50-50s) delayed clear possession establishment,7,invalid,False
3795506_p156_1e777ddd,3795506,UEFA Euro,5.598,5.0-6.0 sec,Pass,Pass,Italy,Italy,C,Multiple contested events (duels/50-50s) delayed clear possession establishment,7,ambiguous,False
3795506_p194_c691316e,3795506,UEFA Euro,6.844,6.0-8.0 sec,Dribbled Past,Goal Keeper,England,England,E,Opponent sustained possession with 4+ actions; genuinely unlinked within 5.0s,5,invalid,False
3788755_p6_ff651ba3,3788755,UEFA Euro,6.543,6.0-8.0 sec,Pass,Ball Receipt*,Wales,Wales,D,Ambiguous timestamp/simultaneous event sequence,8,invalid,False
3788755_p48_ab9d0629,3788755,UEFA Euro,6.438,6.0-8.0 sec,Interception,Ball Receipt*,Wales,Wales,D,Ambiguous timestamp/simultaneous event sequence,10,invalid,False
3788755_p64_e86cbb82,3788755,UEFA Euro,5.01,5.0-6.0 sec,Duel,Block,Turkey,Wales,C,Multiple contested events (duels/50-50s) delayed clear possession establishment,6,ambiguous,False
3788755_p93_159a4c44,3788755,UEFA Euro,5.118,5.0-6.0 sec,Interception,Ball Recovery,Wales,Wales,D,Ambiguous timestamp/simultaneous event sequence,11,ambiguous,False
3788755_p151_5d9af27f,3788755,UEFA Euro,5.142,5.0-6.0 sec,Pressure,Pass,Turkey,Turkey,A,Turnover detector linked to earlier action in chain or pass flight boundary,4,invalid,False
3788761_p17_9274cb17,3788761,UEFA Euro,5.185,5.0-6.0 sec,Pressure,Clearance,Slovakia,Sweden,A,Turnover detector linked to earlier action in chain or pass flight boundary,3,ambiguous,False
3788761_p58_c1960825,3788761,UEFA Euro,7.136,6.0-8.0 sec,Pass,Pass,Slovakia,Slovakia,D,Ambiguous timestamp/simultaneous event sequence,11,invalid,False
3788761_p86_41763f2f,3788761,UEFA Euro,5.966,5.0-6.0 sec,Pressure,Duel,Sweden,Sweden,C,Multiple contested events (duels/50-50s) delayed clear possession establishment,6,ambiguous,False
3788764_p27_ccce1654,3788764,UEFA Euro,7.995,6.0-8.0 sec,Pressure,Pass,Germany,Portugal,E,Opponent sustained possession with 4+ actions; genuinely unlinked within 5.0s,6,invalid,False
3788764_p48_46d83749,3788764,UEFA Euro,5.59,5.0-6.0 sec,Pressure,Block,Germany,Portugal,A,Turnover detector linked to earlier action in chain or pass flight boundary,3,ambiguous,False
3788764_p83_33bdaaa6,3788764,UEFA Euro,7.07,6.0-8.0 sec,Pass,Pass,Portugal,Portugal,D,Ambiguous timestamp/simultaneous event sequence,9,invalid,False
3788764_p102_e9574216,3788764,UEFA Euro,6.601,6.0-8.0 sec,Pressure,Interception,Portugal,Germany,A,Turnover detector linked to earlier action in chain or pass flight boundary,4,invalid,False
3788764_p107_15f99770,3788764,UEFA Euro,6.249,6.0-8.0 sec,Interception,Pass,Portugal,Portugal,D,Ambiguous timestamp/simultaneous event sequence,6,invalid,False
3788764_p124_9108e80d,3788764,UEFA Euro,7.726,6.0-8.0 sec,Interception,Ball Receipt*,Germany,Germany,D,Ambiguous timestamp/simultaneous event sequence,14,invalid,False
3788764_p125_78857370,3788764,UEFA Euro,6.338,6.0-8.0 sec,Interception,Pass,Portugal,Portugal,D,Ambiguous timestamp/simultaneous event sequence,13,invalid,False
3788764_p132_68d941f5,3788764,UEFA Euro,6.93,6.0-8.0 sec,Interception,Ball Receipt*,Portugal,Portugal,D,Ambiguous timestamp/simultaneous event sequence,13,invalid,False
3795220_p73_f20f0231,3795220,UEFA Euro,7.542,6.0-8.0 sec,Pass,Pass,Italy,Italy,C,Multiple contested events (duels/50-50s) delayed clear possession establishment,10,invalid,False
3795220_p78_38ccf53b,3795220,UEFA Euro,6.836,6.0-8.0 sec,Interception,Pass,Spain,Spain,D,Ambiguous timestamp/simultaneous event sequence,5,invalid,False
3795220_p216_1e23f2b6,3795220,UEFA Euro,5.91,5.0-6.0 sec,Pass,Ball Recovery,Italy,Italy,D,Ambiguous timestamp/simultaneous event sequence,8,ambiguous,False
3794686_p25_c4693491,3794686,UEFA Euro,5.109,5.0-6.0 sec,Pressure,Clearance,Spain,Croatia,E,Opponent sustained possession with 4+ actions; genuinely unlinked within 5.0s,5,ambiguous,False
3794686_p120_b44c4f51,3794686,UEFA Euro,5.775,5.0-6.0 sec,Interception,Ball Receipt*,Spain,Spain,D,Ambiguous timestamp/simultaneous event sequence,11,invalid,False
3794686_p122_92a128fb,3794686,UEFA Euro,5.669,5.0-6.0 sec,Interception,Pass,Croatia,Croatia,D,Ambiguous timestamp/simultaneous event sequence,6,ambiguous,False
3794686_p131_c4720ddc,3794686,UEFA Euro,6.181,6.0-8.0 sec,Interception,Pass,Spain,Spain,D,Ambiguous timestamp/simultaneous event sequence,8,invalid,False
3794686_p189_de7e0c4b,3794686,UEFA Euro,7.143,6.0-8.0 sec,Interception,Pass,Croatia,Croatia,D,Ambiguous timestamp/simultaneous event sequence,9,invalid,False
3794686_p190_b876319e,3794686,UEFA Euro,7.885,6.0-8.0 sec,Interception,Ball Receipt*,Spain,Spain,D,Ambiguous timestamp/simultaneous event sequence,11,invalid,False
3794686_p201_4c67b73a,3794686,UEFA Euro,5.744,5.0-6.0 sec,Pass,Pass,Spain,Spain,D,Ambiguous timestamp/simultaneous event sequence,10,ambiguous,False
3788769_p102_985527ae,3788769,UEFA Euro,7.564,6.0-8.0 sec,Pass,Clearance,Denmark,Denmark,D,Ambiguous timestamp/simultaneous event sequence,7,invalid,False
3788769_p152_6a99290d,3788769,UEFA Euro,5.836,5.0-6.0 sec,Pressure,Pass,Denmark,Russia,E,Opponent sustained possession with 4+ actions; genuinely unlinked within 5.0s,8,invalid,False
3788769_p154_0336c64f,3788769,UEFA Euro,6.532,6.0-8.0 sec,Pressure,Block,Russia,Denmark,E,Opponent sustained possession with 4+ actions; genuinely unlinked within 5.0s,6,invalid,False
3788770_p6_759d55d3,3788770,UEFA Euro,5.074,5.0-6.0 sec,Pass,Pass,North Macedonia,North Macedonia,D,Ambiguous timestamp/simultaneous event sequence,9,ambiguous,False
3788770_p15_5bf0d397,3788770,UEFA Euro,5.244,5.0-6.0 sec,Pressure,Interception,Netherlands,North Macedonia,E,Opponent sustained possession with 4+ actions; genuinely unlinked within 5.0s,8,ambiguous,False
3788770_p36_6052d09a,3788770,UEFA Euro,6.454,6.0-8.0 sec,Pressure,Block,North Macedonia,Netherlands,E,Opponent sustained possession with 4+ actions; genuinely unlinked within 5.0s,6,invalid,False
3788770_p57_5473c7a9,3788770,UEFA Euro,7.008,6.0-8.0 sec,Interception,Pass,Netherlands,Netherlands,D,Ambiguous timestamp/simultaneous event sequence,11,invalid,False
3788770_p61_9c29280d,3788770,UEFA Euro,6.728,6.0-8.0 sec,Pass,Ball Recovery,Netherlands,Netherlands,D,Ambiguous timestamp/simultaneous event sequence,8,invalid,False
3788770_p110_ba336d34,3788770,UEFA Euro,5.625,5.0-6.0 sec,Interception,Pass,North Macedonia,North Macedonia,D,Ambiguous timestamp/simultaneous event sequence,9,ambiguous,False
3788770_p144_aa50bc77,3788770,UEFA Euro,7.697,6.0-8.0 sec,Pass,Ball Receipt*,North Macedonia,North Macedonia,D,Ambiguous timestamp/simultaneous event sequence,8,invalid,False
3788770_p153_c428bcce,3788770,UEFA Euro,6.955,6.0-8.0 sec,Interception,Pass,North Macedonia,North Macedonia,D,Ambiguous timestamp/simultaneous event sequence,9,invalid,False
3788770_p159_e7d8abd2,3788770,UEFA Euro,7.605,6.0-8.0 sec,Pass,Pass,North Macedonia,North Macedonia,D,Ambiguous timestamp/simultaneous event sequence,9,invalid,False
3788763_p7_59f660b6,3788763,UEFA Euro,7.851,6.0-8.0 sec,Interception,Pass,Hungary,Hungary,D,Ambiguous timestamp/simultaneous event sequence,9,invalid,False
3788763_p24_92290d74,3788763,UEFA Euro,6.754,6.0-8.0 sec,Interception,Ball Receipt*,Hungary,Hungary,D,Ambiguous timestamp/simultaneous event sequence,11,invalid,False
3788763_p28_11e7608a,3788763,UEFA Euro,7.413,6.0-8.0 sec,Pass,Pass,France,France,D,Ambiguous timestamp/simultaneous event sequence,7,invalid,False
3788763_p81_b299c571,3788763,UEFA Euro,7.456,6.0-8.0 sec,Duel,Pass,Hungary,Hungary,C,Multiple contested events (duels/50-50s) delayed clear possession establishment,8,invalid,False
3788763_p96_5254954c,3788763,UEFA Euro,6.527,6.0-8.0 sec,Pressure,Duel,France,France,C,Multiple contested events (duels/50-50s) delayed clear possession establishment,5,invalid,False
3788763_p139_62780592,3788763,UEFA Euro,5.667,5.0-6.0 sec,Pass,Duel,France,France,C,Multiple contested events (duels/50-50s) delayed clear possession establishment,8,ambiguous,False
3788763_p148_8e3c0590,3788763,UEFA Euro,7.853,6.0-8.0 sec,Pressure,Ball Recovery,France,France,E,Opponent sustained possession with 4+ actions; genuinely unlinked within 5.0s,6,invalid,False
3795109_p23_a107bbad,3795109,UEFA Euro,6.786,6.0-8.0 sec,Duel,Pass,Czech Republic,Czech Republic,C,Multiple contested events (duels/50-50s) delayed clear possession establishment,5,invalid,False
3795109_p24_fda12b76,3795109,UEFA Euro,5.675,5.0-6.0 sec,Pressure,Interception,Czech Republic,Denmark,E,Opponent sustained possession with 4+ actions; genuinely unlinked within 5.0s,7,ambiguous,False
3795109_p47_e94205f7,3795109,UEFA Euro,7.49,6.0-8.0 sec,Interception,Ball Receipt*,Czech Republic,Czech Republic,D,Ambiguous timestamp/simultaneous event sequence,10,invalid,False
3795109_p53_ac855034,3795109,UEFA Euro,7.133,6.0-8.0 sec,Pass,Ball Receipt*,Czech Republic,Czech Republic,D,Ambiguous timestamp/simultaneous event sequence,9,invalid,False
3795109_p60_0970d612,3795109,UEFA Euro,7.92,6.0-8.0 sec,Interception,Ball Receipt*,Czech Republic,Czech Republic,D,Ambiguous timestamp/simultaneous event sequence,11,invalid,False
3795109_p76_77aa18c9,3795109,UEFA Euro,7.949,6.0-8.0 sec,Interception,Ball Receipt*,Denmark,Denmark,D,Ambiguous timestamp/simultaneous event sequence,14,invalid,False
3795109_p112_caf4dca5,3795109,UEFA Euro,5.805,5.0-6.0 sec,Pressure,Pressure,Denmark,Czech Republic,E,Opponent sustained possession with 4+ actions; genuinely unlinked within 5.0s,8,ambiguous,False
3795109_p164_15922196,3795109,UEFA Euro,6.04,6.0-8.0 sec,Interception,Interception,Czech Republic,Czech Republic,D,Ambiguous timestamp/simultaneous event sequence,7,invalid,False
3788771_p18_459aa7c0,3788771,UEFA Euro,6.967,6.0-8.0 sec,Interception,Pass,Scotland,Scotland,D,Ambiguous timestamp/simultaneous event sequence,9,invalid,False
3788771_p42_d8156f05,3788771,UEFA Euro,5.602,5.0-6.0 sec,Pressure,Ball Recovery,Scotland,Scotland,E,Opponent sustained possession with 4+ actions; genuinely unlinked within 5.0s,6,invalid,False
3788771_p45_93ced095,3788771,UEFA Euro,6.521,6.0-8.0 sec,Pressure,Ball Receipt*,Scotland,Croatia,E,Opponent sustained possession with 4+ actions; genuinely unlinked within 5.0s,5,invalid,False
3788771_p53_11fc5dcc,3788771,UEFA Euro,5.924,5.0-6.0 sec,Pressure,Pass,Scotland,Croatia,E,Opponent sustained possession with 4+ actions; genuinely unlinked within 5.0s,10,ambiguous,False
3788771_p57_5effefac,3788771,UEFA Euro,7.543,6.0-8.0 sec,Block,Ball Receipt*,Scotland,Croatia,E,Opponent sustained possession with 4+ actions; genuinely unlinked within 5.0s,7,invalid,False
3788771_p58_a3cac428,3788771,UEFA Euro,6.264,6.0-8.0 sec,Interception,Ball Receipt*,Scotland,Scotland,D,Ambiguous timestamp/simultaneous event sequence,8,invalid,False
3788771_p115_b415d2d3,3788771,UEFA Euro,6.658,6.0-8.0 sec,Pass,Ball Receipt*,Croatia,Croatia,E,Opponent sustained possession with 4+ actions; genuinely unlinked within 5.0s,12,invalid,False
3788771_p122_ee52bddd,3788771,UEFA Euro,6.104,6.0-8.0 sec,Pressure,Clearance,Scotland,Croatia,E,Opponent sustained possession with 4+ actions; genuinely unlinked within 5.0s,5,invalid,False
3788771_p175_dd433605,3788771,UEFA Euro,6.279,6.0-8.0 sec,Pass,Ball Receipt*,Croatia,Croatia,D,Ambiguous timestamp/simultaneous event sequence,8,invalid,False
3794688_p13_87917322,3794688,UEFA Euro,5.863,5.0-6.0 sec,Pressure,Ball Receipt*,Germany,England,E,Opponent sustained possession with 4+ actions; genuinely unlinked within 5.0s,7,invalid,False
3794688_p19_d3a8fe8a,3794688,UEFA Euro,7.582,6.0-8.0 sec,Interception,Ball Receipt*,Germany,Germany,D,Ambiguous timestamp/simultaneous event sequence,11,invalid,False
3794688_p29_2849e72d,3794688,UEFA Euro,5.672,5.0-6.0 sec,Pass,Duel,Germany,Germany,C,Multiple contested events (duels/50-50s) delayed clear possession establishment,10,ambiguous,False
3794688_p45_c257f382,3794688,UEFA Euro,7.301,6.0-8.0 sec,Interception,Pass,Germany,Germany,D,Ambiguous timestamp/simultaneous event sequence,10,invalid,False
3794688_p46_db7c35fb,3794688,UEFA Euro,6.786,6.0-8.0 sec,Pass,Pass,England,England,D,Ambiguous timestamp/simultaneous event sequence,8,invalid,False
3794688_p64_625d977b,3794688,UEFA Euro,6.81,6.0-8.0 sec,Interception,Ball Receipt*,England,England,D,Ambiguous timestamp/simultaneous event sequence,8,invalid,False
3794688_p83_051024e5,3794688,UEFA Euro,7.087,6.0-8.0 sec,Pressure,Pass,Germany,England,E,Opponent sustained possession with 4+ actions; genuinely unlinked within 5.0s,11,invalid,False
3794688_p89_6180ebcc,3794688,UEFA Euro,7.421,6.0-8.0 sec,Pressure,Pass,Germany,England,E,Opponent sustained possession with 4+ actions; genuinely unlinked within 5.0s,9,invalid,False
3794688_p116_1f8f0ace,3794688,UEFA Euro,6.631,6.0-8.0 sec,Pass,Pass,England,England,D,Ambiguous timestamp/simultaneous event sequence,10,invalid,False
3794688_p141_604648e5,3794688,UEFA Euro,5.787,5.0-6.0 sec,Pressure,Clearance,Germany,England,A,Turnover detector linked to earlier action in chain or pass flight boundary,4,ambiguous,False
3794688_p170_e347a785,3794688,UEFA Euro,5.892,5.0-6.0 sec,Interception,Pass,England,England,D,Ambiguous timestamp/simultaneous event sequence,6,ambiguous,False
3788754_p5_9d7dbeba,3788754,UEFA Euro,7.235,6.0-8.0 sec,Pass,Ball Receipt*,Italy,Italy,D,Ambiguous timestamp/simultaneous event sequence,8,invalid,False
3788754_p46_4af26674,3788754,UEFA Euro,5.637,5.0-6.0 sec,Interception,Pass,Italy,Italy,D,Ambiguous timestamp/simultaneous event sequence,9,ambiguous,False
3788754_p57_a2273c32,3788754,UEFA Euro,6.497,6.0-8.0 sec,Pass,Pass,Italy,Italy,D,Ambiguous timestamp/simultaneous event sequence,9,invalid,False
3788754_p60_513bb9bd,3788754,UEFA Euro,5.162,5.0-6.0 sec,Pressure,Block,Italy,Italy,E,Opponent sustained possession with 4+ actions; genuinely unlinked within 5.0s,5,ambiguous,False
3788754_p62_7026b238,3788754,UEFA Euro,5.597,5.0-6.0 sec,Interception,Pass,Italy,Italy,D,Ambiguous timestamp/simultaneous event sequence,6,ambiguous,False
3788754_p66_9323f19f,3788754,UEFA Euro,7.801,6.0-8.0 sec,Interception,Pass,Italy,Italy,D,Ambiguous timestamp/simultaneous event sequence,9,invalid,False
3788754_p80_5ed23a5c,3788754,UEFA Euro,7.062,6.0-8.0 sec,Pass,Pass,Italy,Italy,E,Opponent sustained possession with 4+ actions; genuinely unlinked within 5.0s,11,invalid,False
3788754_p93_c6098f83,3788754,UEFA Euro,5.286,5.0-6.0 sec,Pass,Pass,Italy,Italy,E,Opponent sustained possession with 4+ actions; genuinely unlinked within 5.0s,5,invalid,False
3788754_p101_69900ea4,3788754,UEFA Euro,7.923,6.0-8.0 sec,Pass,Pass,Switzerland,Switzerland,D,Ambiguous timestamp/simultaneous event sequence,12,invalid,False
3788754_p103_dc7ef59c,3788754,UEFA Euro,7.904,6.0-8.0 sec,Pass,Pass,Switzerland,Switzerland,D,Ambiguous timestamp/simultaneous event sequence,9,invalid,False
3788754_p117_b6448b21,3788754,UEFA Euro,6.93,6.0-8.0 sec,Pressure,Clearance,Italy,Switzerland,E,Opponent sustained possession with 4+ actions; genuinely unlinked within 5.0s,8,invalid,False
3788754_p118_82f43a0c,3788754,UEFA Euro,6.364,6.0-8.0 sec,Block,Interception,Switzerland,Italy,D,Ambiguous timestamp/simultaneous event sequence,9,invalid,False
3788754_p119_bc15ed23,3788754,UEFA Euro,6.141,6.0-8.0 sec,Pressure,Goal Keeper,Switzerland,Switzerland,E,Opponent sustained possession with 4+ actions; genuinely unlinked within 5.0s,6,invalid,False
3788754_p125_359423bd,3788754,UEFA Euro,7.462,6.0-8.0 sec,Interception,Ball Receipt*,Switzerland,Switzerland,D,Ambiguous timestamp/simultaneous event sequence,11,invalid,False
3788754_p144_6a29e585,3788754,UEFA Euro,5.437,5.0-6.0 sec,Interception,Pass,Italy,Italy,D,Ambiguous timestamp/simultaneous event sequence,6,invalid,False
3788754_p151_a911b112,3788754,UEFA Euro,5.757,5.0-6.0 sec,Pressure,Clearance,Italy,Switzerland,E,Opponent sustained possession with 4+ actions; genuinely unlinked within 5.0s,8,ambiguous,False
3788754_p152_916d7dd5,3788754,UEFA Euro,5.879,5.0-6.0 sec,Interception,Ball Receipt*,Italy,Italy,D,Ambiguous timestamp/simultaneous event sequence,9,ambiguous,False
3788754_p160_14080b61,3788754,UEFA Euro,7.736,6.0-8.0 sec,Pass,Pass,Italy,Italy,D,Ambiguous timestamp/simultaneous event sequence,13,invalid,False
3788774_p10_d88b9f9e,3788774,UEFA Euro,6.435,6.0-8.0 sec,Pressure,Ball Receipt*,Germany,Hungary,E,Opponent sustained possession with 4+ actions; genuinely unlinked within 5.0s,11,invalid,False
3788774_p15_a783b394,3788774,UEFA Euro,7.959,6.0-8.0 sec,Interception,Ball Receipt*,Hungary,Hungary,D,Ambiguous timestamp/simultaneous event sequence,11,invalid,False
3788774_p51_7a91aaa0,3788774,UEFA Euro,7.257,6.0-8.0 sec,Interception,Pass,Germany,Hungary,D,Ambiguous timestamp/simultaneous event sequence,12,invalid,False
3788774_p53_ffd1ac0c,3788774,UEFA Euro,7.092,6.0-8.0 sec,Pressure,Clearance,Germany,Germany,E,Opponent sustained possession with 4+ actions; genuinely unlinked within 5.0s,7,invalid,False
3788774_p58_8a5fea73,3788774,UEFA Euro,7.164,6.0-8.0 sec,Interception,Pass,Germany,Germany,D,Ambiguous timestamp/simultaneous event sequence,8,invalid,False
3788774_p59_6b116f74,3788774,UEFA Euro,6.74,6.0-8.0 sec,Interception,Ball Recovery,Germany,Germany,D,Ambiguous timestamp/simultaneous event sequence,8,invalid,False
3788774_p60_4fc3bebc,3788774,UEFA Euro,7.244,6.0-8.0 sec,Interception,Pass,Hungary,Hungary,D,Ambiguous timestamp/simultaneous event sequence,12,invalid,False
3788774_p75_570b5052,3788774,UEFA Euro,6.906,6.0-8.0 sec,Duel,Pass,Hungary,Hungary,C,Multiple contested events (duels/50-50s) delayed clear possession establishment,11,invalid,False
3788774_p79_4cf3e78a,3788774,UEFA Euro,6.472,6.0-8.0 sec,Pressure,Clearance,Germany,Hungary,E,Opponent sustained possession with 4+ actions; genuinely unlinked within 5.0s,5,invalid,False
3788774_p88_097b602a,3788774,UEFA Euro,5.197,5.0-6.0 sec,Pressure,Pass,Hungary,Hungary,E,Opponent sustained possession with 4+ actions; genuinely unlinked within 5.0s,10,invalid,False
3788774_p101_430ad036,3788774,UEFA Euro,7.141,6.0-8.0 sec,Pressure,Pass,Hungary,Hungary,E,Opponent sustained possession with 4+ actions; genuinely unlinked within 5.0s,10,invalid,False
3788774_p105_a182c393,3788774,UEFA Euro,7.811,6.0-8.0 sec,Interception,Ball Receipt*,Hungary,Hungary,D,Ambiguous timestamp/simultaneous event sequence,11,invalid,False
3788762_p86_653174db,3788762,UEFA Euro,7.079,6.0-8.0 sec,Pass,Ball Receipt*,Poland,Poland,D,Ambiguous timestamp/simultaneous event sequence,11,invalid,False
3788741_p25_43c6e699,3788741,UEFA Euro,6.934,6.0-8.0 sec,Interception,Ball Receipt*,Turkey,Turkey,D,Ambiguous timestamp/simultaneous event sequence,13,invalid,False
3788741_p67_060c2e8d,3788741,UEFA Euro,5.25,5.0-6.0 sec,Pressure,Interception,Italy,Turkey,E,Opponent sustained possession with 4+ actions; genuinely unlinked within 5.0s,6,ambiguous,False
3788741_p77_229181ae,3788741,UEFA Euro,5.301,5.0-6.0 sec,Pressure,Goal Keeper,Turkey,Italy,E,Opponent sustained possession with 4+ actions; genuinely unlinked within 5.0s,8,ambiguous,False
3788741_p89_df3fb410,3788741,UEFA Euro,7.509,6.0-8.0 sec,Pressure,Ball Receipt*,Italy,Turkey,E,Opponent sustained possession with 4+ actions; genuinely unlinked within 5.0s,8,invalid,False
3788741_p121_2ab6b1d9,3788741,UEFA Euro,7.382,6.0-8.0 sec,Interception,Pass,Turkey,Turkey,E,Opponent sustained possession with 4+ actions; genuinely unlinked within 5.0s,8,invalid,False
3788741_p123_a043df97,3788741,UEFA Euro,5.569,5.0-6.0 sec,Pressure,Block,Italy,Italy,A,Turnover detector linked to earlier action in chain or pass flight boundary,4,ambiguous,False
3788741_p130_8a16b3fd,3788741,UEFA Euro,6.589,6.0-8.0 sec,Pass,Ball Receipt*,Italy,Italy,D,Ambiguous timestamp/simultaneous event sequence,8,invalid,False
3788741_p162_8b11c6ba,3788741,UEFA Euro,6.831,6.0-8.0 sec,Interception,Ball Receipt*,Italy,Italy,D,Ambiguous timestamp/simultaneous event sequence,8,invalid,False
3788772_p29_70dc8793,3788772,UEFA Euro,5.209,5.0-6.0 sec,Interception,Pass,Czech Republic,Czech Republic,E,Opponent sustained possession with 4+ actions; genuinely unlinked within 5.0s,10,ambiguous,False
3788772_p44_972eb84f,3788772,UEFA Euro,6.623,6.0-8.0 sec,Pressure,Block,Czech Republic,Czech Republic,E,Opponent sustained possession with 4+ actions; genuinely unlinked within 5.0s,6,invalid,False
3788772_p51_3a64a75a,3788772,UEFA Euro,5.434,5.0-6.0 sec,Pressure,Interception,Czech Republic,England,E,Opponent sustained possession with 4+ actions; genuinely unlinked within 5.0s,8,ambiguous,False
3788772_p55_fbba30ee,3788772,UEFA Euro,7.502,6.0-8.0 sec,Interception,Ball Receipt*,Czech Republic,Czech Republic,D,Ambiguous timestamp/simultaneous event sequence,12,invalid,False
3788772_p82_09b18d61,3788772,UEFA Euro,6.327,6.0-8.0 sec,Interception,Pass,Czech Republic,Czech Republic,D,Ambiguous timestamp/simultaneous event sequence,6,invalid,False
3788753_p36_3d0b7e44,3788753,UEFA Euro,7.091,6.0-8.0 sec,Interception,Ball Receipt*,Russia,Russia,D,Ambiguous timestamp/simultaneous event sequence,8,invalid,False
3788753_p121_e37f576c,3788753,UEFA Euro,6.672,6.0-8.0 sec,Interception,Ball Receipt*,Russia,Russia,D,Ambiguous timestamp/simultaneous event sequence,8,invalid,False
3788753_p122_3960f10f,3788753,UEFA Euro,7.269,6.0-8.0 sec,Interception,Ball Receipt*,Finland,Finland,D,Ambiguous timestamp/simultaneous event sequence,14,invalid,False
3788753_p146_5edd29e2,3788753,UEFA Euro,6.315,6.0-8.0 sec,Interception,Pass,Finland,Finland,D,Ambiguous timestamp/simultaneous event sequence,9,invalid,False
3788768_p19_1041ed44,3788768,UEFA Euro,6.398,6.0-8.0 sec,Pass,Pass,Belgium,Belgium,E,Opponent sustained possession with 4+ actions; genuinely unlinked within 5.0s,13,invalid,False
3788768_p43_a20048f0,3788768,UEFA Euro,7.118,6.0-8.0 sec,Interception,Ball Receipt*,Belgium,Belgium,D,Ambiguous timestamp/simultaneous event sequence,9,invalid,False
3788768_p49_c4ad1040,3788768,UEFA Euro,5.211,5.0-6.0 sec,Pass,Pass,Finland,Finland,D,Ambiguous timestamp/simultaneous event sequence,6,invalid,False
3788768_p65_d6492a21,3788768,UEFA Euro,6.792,6.0-8.0 sec,Interception,Ball Receipt*,Finland,Finland,D,Ambiguous timestamp/simultaneous event sequence,10,invalid,False
3788768_p67_b5b9988e,3788768,UEFA Euro,7.491,6.0-8.0 sec,Interception,Ball Receipt*,Belgium,Belgium,D,Ambiguous timestamp/simultaneous event sequence,8,invalid,False
3788768_p86_4b8612ba,3788768,UEFA Euro,6.767,6.0-8.0 sec,Duel,Pass,Belgium,Belgium,C,Multiple contested events (duels/50-50s) delayed clear possession establishment,11,invalid,False
3788768_p121_49b4ab04,3788768,UEFA Euro,7.952,6.0-8.0 sec,Interception,Pass,Belgium,Belgium,D,Ambiguous timestamp/simultaneous event sequence,12,invalid,False
3788768_p138_c2355103,3788768,UEFA Euro,5.04,5.0-6.0 sec,Pressure,Clearance,Finland,Belgium,A,Turnover detector linked to earlier action in chain or pass flight boundary,4,ambiguous,False
3788759_p51_04ae2d34,3788759,UEFA Euro,5.707,5.0-6.0 sec,Pressure,Block,Scotland,Scotland,A,Turnover detector linked to earlier action in chain or pass flight boundary,4,ambiguous,False
3788759_p64_41e0abfe,3788759,UEFA Euro,5.76,5.0-6.0 sec,Pass,Ball Recovery,Scotland,Scotland,D,Ambiguous timestamp/simultaneous event sequence,7,invalid,False
3788759_p130_91e63938,3788759,UEFA Euro,7.097,6.0-8.0 sec,Interception,Pass,Scotland,Scotland,D,Ambiguous timestamp/simultaneous event sequence,6,invalid,False
3795221_p9_864a210f,3795221,UEFA Euro,5.588,5.0-6.0 sec,Pass,Ball Receipt*,England,England,D,Ambiguous timestamp/simultaneous event sequence,8,invalid,False
3795221_p14_a10d5328,3795221,UEFA Euro,5.357,5.0-6.0 sec,Interception,Pass,Denmark,Denmark,D,Ambiguous timestamp/simultaneous event sequence,6,ambiguous,False
3795221_p23_59494ce4,3795221,UEFA Euro,5.955,5.0-6.0 sec,Pressure,Pass,England,Denmark,A,Turnover detector linked to earlier action in chain or pass flight boundary,4,invalid,False
3795221_p45_0c845617,3795221,UEFA Euro,6.682,6.0-8.0 sec,Pass,Pass,England,England,D,Ambiguous timestamp/simultaneous event sequence,6,invalid,False
3795221_p79_29674c66,3795221,UEFA Euro,7.819,6.0-8.0 sec,Interception,Interception,Denmark,Denmark,D,Ambiguous timestamp/simultaneous event sequence,10,invalid,False
3795221_p80_6ac726a7,3795221,UEFA Euro,5.439,5.0-6.0 sec,Pressure,Block,Denmark,England,E,Opponent sustained possession with 4+ actions; genuinely unlinked within 5.0s,7,ambiguous,False
3795221_p87_64da9a85,3795221,UEFA Euro,7.383,6.0-8.0 sec,Pass,Pass,England,England,D,Ambiguous timestamp/simultaneous event sequence,9,invalid,False
3795221_p99_7ba82784,3795221,UEFA Euro,5.938,5.0-6.0 sec,Pressure,Pass,Denmark,England,E,Opponent sustained possession with 4+ actions; genuinely unlinked within 5.0s,10,invalid,False
3795221_p128_169125ce,3795221,UEFA Euro,5.032,5.0-6.0 sec,Pressure,Interception,England,Denmark,E,Opponent sustained possession with 4+ actions; genuinely unlinked within 5.0s,7,ambiguous,False
3795221_p143_75efa9c7,3795221,UEFA Euro,6.309,6.0-8.0 sec,Interception,Pass,Denmark,Denmark,D,Ambiguous timestamp/simultaneous event sequence,9,invalid,False
3795221_p180_ab3c5cd3,3795221,UEFA Euro,5.456,5.0-6.0 sec,Interception,Pass,England,England,D,Ambiguous timestamp/simultaneous event sequence,6,invalid,False
3795221_p200_55100aad,3795221,UEFA Euro,7.22,6.0-8.0 sec,Duel,Clearance,Denmark,Denmark,C,Multiple contested events (duels/50-50s) delayed clear possession establishment,5,invalid,False
3788757_p16_0056be59,3788757,UEFA Euro,6.293,6.0-8.0 sec,Interception,Ball Receipt*,Belgium,Denmark,D,Ambiguous timestamp/simultaneous event sequence,17,invalid,False
3788757_p43_c51f1b4b,3788757,UEFA Euro,5.446,5.0-6.0 sec,Interception,Duel,Denmark,Denmark,C,Multiple contested events (duels/50-50s) delayed clear possession establishment,9,ambiguous,False
3788757_p58_4cddc941,3788757,UEFA Euro,5.152,5.0-6.0 sec,Pressure,Interception,Belgium,Denmark,E,Opponent sustained possession with 4+ actions; genuinely unlinked within 5.0s,8,ambiguous,False
3788757_p105_9862723a,3788757,UEFA Euro,6.993,6.0-8.0 sec,Interception,Pass,Denmark,Denmark,D,Ambiguous timestamp/simultaneous event sequence,9,invalid,False
3788757_p147_58706fca,3788757,UEFA Euro,6.486,6.0-8.0 sec,Pass,Goal Keeper,Denmark,Denmark,D,Ambiguous timestamp/simultaneous event sequence,6,invalid,False
3788757_p180_eca027f1,3788757,UEFA Euro,7.358,6.0-8.0 sec,Interception,Pass,Belgium,Belgium,D,Ambiguous timestamp/simultaneous event sequence,9,invalid,False
3788757_p181_6e4bb3df,3788757,UEFA Euro,6.639,6.0-8.0 sec,Pressure,Clearance,Belgium,Denmark,E,Opponent sustained possession with 4+ actions; genuinely unlinked within 5.0s,9,invalid,False
3788747_p68_e25243c0,3788747,UEFA Euro,6.981,6.0-8.0 sec,Interception,Ball Receipt*,North Macedonia,North Macedonia,D,Ambiguous timestamp/simultaneous event sequence,11,invalid,False
3788747_p140_137ba57d,3788747,UEFA Euro,7.93,6.0-8.0 sec,Pass,Pass,North Macedonia,North Macedonia,E,Opponent sustained possession with 4+ actions; genuinely unlinked within 5.0s,8,invalid,False
3788747_p166_604164ab,3788747,UEFA Euro,7.124,6.0-8.0 sec,Pass,Ball Receipt*,Austria,Austria,D,Ambiguous timestamp/simultaneous event sequence,10,invalid,False
3794691_p34_3ab6e97f,3794691,UEFA Euro,6.934,6.0-8.0 sec,Interception,Pass,Switzerland,Switzerland,D,Ambiguous timestamp/simultaneous event sequence,9,invalid,False
3794691_p63_dec4dd41,3794691,UEFA Euro,7.495,6.0-8.0 sec,Pass,Ball Receipt*,Switzerland,Switzerland,D,Ambiguous timestamp/simultaneous event sequence,11,invalid,False
3794691_p79_0b15aee2,3794691,UEFA Euro,6.244,6.0-8.0 sec,Duel,Pass,Switzerland,Switzerland,C,Multiple contested events (duels/50-50s) delayed clear possession establishment,11,invalid,False
3794691_p159_fc7a39a9,3794691,UEFA Euro,6.449,6.0-8.0 sec,Pressure,Pass,France,France,E,Opponent sustained possession with 4+ actions; genuinely unlinked within 5.0s,7,invalid,False
3794691_p163_95287a92,3794691,UEFA Euro,6.478,6.0-8.0 sec,Pressure,Ball Recovery,Switzerland,Switzerland,E,Opponent sustained possession with 4+ actions; genuinely unlinked within 5.0s,6,invalid,False
3794691_p188_01f7ba03,3794691,UEFA Euro,7.184,6.0-8.0 sec,Interception,Pass,France,France,D,Ambiguous timestamp/simultaneous event sequence,8,invalid,False
3788746_p10_9445beb7,3788746,UEFA Euro,6.375,6.0-8.0 sec,Pressure,Pass,Netherlands,Ukraine,E,Opponent sustained possession with 4+ actions; genuinely unlinked within 5.0s,8,invalid,False
3788746_p21_23cda68f,3788746,UEFA Euro,5.892,5.0-6.0 sec,Pass,Pass,Ukraine,Ukraine,D,Ambiguous timestamp/simultaneous event sequence,6,invalid,False
3788746_p23_6301c9a9,3788746,UEFA Euro,6.038,6.0-8.0 sec,Pass,Pass,Ukraine,Ukraine,D,Ambiguous timestamp/simultaneous event sequence,6,invalid,False
3788746_p35_9418c25d,3788746,UEFA Euro,7.564,6.0-8.0 sec,Pressure,Ball Receipt*,Ukraine,Netherlands,E,Opponent sustained possession with 4+ actions; genuinely unlinked within 5.0s,9,invalid,False
3788746_p105_eba69090,3788746,UEFA Euro,6.514,6.0-8.0 sec,Pass,Ball Receipt*,Ukraine,Ukraine,D,Ambiguous timestamp/simultaneous event sequence,8,invalid,False
3788746_p133_0e842c19,3788746,UEFA Euro,5.989,5.0-6.0 sec,Pass,Pass,Ukraine,Ukraine,D,Ambiguous timestamp/simultaneous event sequence,5,invalid,False
3788767_p96_b88e584b,3788767,UEFA Euro,7.297,6.0-8.0 sec,Interception,Pass,Austria,Austria,D,Ambiguous timestamp/simultaneous event sequence,15,invalid,False
3788767_p117_4b29d18a,3788767,UEFA Euro,7.473,6.0-8.0 sec,Interception,Pass,Ukraine,Ukraine,E,Opponent sustained possession with 4+ actions; genuinely unlinked within 5.0s,7,invalid,False
3788767_p140_d847995d,3788767,UEFA Euro,7.164,6.0-8.0 sec,Interception,Ball Receipt*,Austria,Austria,D,Ambiguous timestamp/simultaneous event sequence,11,invalid,False
3788767_p159_80b3d876,3788767,UEFA Euro,6.093,6.0-8.0 sec,Interception,Ball Receipt*,Ukraine,Ukraine,D,Ambiguous timestamp/simultaneous event sequence,8,invalid,False
3788751_p20_a51bdba3,3788751,UEFA Euro,7.094,6.0-8.0 sec,Pass,Pass,France,France,D,Ambiguous timestamp/simultaneous event sequence,11,invalid,False
3788751_p77_79ac876d,3788751,UEFA Euro,6.688,6.0-8.0 sec,Pass,Pass,Germany,Germany,D,Ambiguous timestamp/simultaneous event sequence,8,invalid,False
3788751_p92_ac44afa7,3788751,UEFA Euro,5.543,5.0-6.0 sec,Pressure,Duel,France,France,C,Multiple contested events (duels/50-50s) delayed clear possession establishment,7,ambiguous,False
3788751_p121_92e1c64b,3788751,UEFA Euro,7.406,6.0-8.0 sec,Pressure,Ball Receipt*,Germany,Germany,E,Opponent sustained possession with 4+ actions; genuinely unlinked within 5.0s,7,invalid,False
3788751_p135_99d6b128,3788751,UEFA Euro,6.174,6.0-8.0 sec,Interception,Pass,France,France,D,Ambiguous timestamp/simultaneous event sequence,9,invalid,False
3788749_p39_41da0662,3788749,UEFA Euro,7.614,6.0-8.0 sec,Pass,Pass,Slovakia,Slovakia,D,Ambiguous timestamp/simultaneous event sequence,9,invalid,False
3788756_p43_2f93b7b7,3788756,UEFA Euro,5.952,5.0-6.0 sec,Pass,Pass,Netherlands,Netherlands,D,Ambiguous timestamp/simultaneous event sequence,9,invalid,False
3788756_p62_f9289e15,3788756,UEFA Euro,6.197,6.0-8.0 sec,Duel,Ball Receipt*,Austria,Austria,C,Multiple contested events (duels/50-50s) delayed clear possession establishment,7,invalid,False
3788756_p95_b3757106,3788756,UEFA Euro,5.441,5.0-6.0 sec,Block,Duel,Netherlands,Netherlands,C,Multiple contested events (duels/50-50s) delayed clear possession establishment,8,ambiguous,False
3788756_p107_1f3a5864,3788756,UEFA Euro,5.56,5.0-6.0 sec,Pressure,Block,Netherlands,Austria,E,Opponent sustained possession with 4+ actions; genuinely unlinked within 5.0s,8,ambiguous,False
3788756_p159_494507dd,3788756,UEFA Euro,6.637,6.0-8.0 sec,Pressure,Interception,Netherlands,Austria,E,Opponent sustained possession with 4+ actions; genuinely unlinked within 5.0s,7,invalid,False
3788745_p4_e77252b4,3788745,UEFA Euro,5.967,5.0-6.0 sec,Pressure,Ball Recovery,Croatia,England,E,Opponent sustained possession with 4+ actions; genuinely unlinked within 5.0s,7,ambiguous,False
3788745_p27_0f891c94,3788745,UEFA Euro,6.118,6.0-8.0 sec,Pressure,Interception,Croatia,England,E,Opponent sustained possession with 4+ actions; genuinely unlinked within 5.0s,9,invalid,False
3788745_p90_2263cbcc,3788745,UEFA Euro,6.741,6.0-8.0 sec,Pressure,Pass,Croatia,England,E,Opponent sustained possession with 4+ actions; genuinely unlinked within 5.0s,7,invalid,False
3788745_p109_9567677f,3788745,UEFA Euro,6.116,6.0-8.0 sec,Pass,Pass,England,England,D,Ambiguous timestamp/simultaneous event sequence,8,invalid,False
3788745_p145_a08e1b5d,3788745,UEFA Euro,5.333,5.0-6.0 sec,Pass,Pass,Croatia,Croatia,D,Ambiguous timestamp/simultaneous event sequence,6,invalid,False
3788750_p64_e1fc46b1,3788750,UEFA Euro,7.797,6.0-8.0 sec,Pass,Pass,Sweden,Sweden,D,Ambiguous timestamp/simultaneous event sequence,8,invalid,False
3788750_p87_9b2885a2,3788750,UEFA Euro,7.116,6.0-8.0 sec,Pressure,Interception,Spain,Spain,E,Opponent sustained possession with 4+ actions; genuinely unlinked within 5.0s,7,invalid,False
3788748_p20_996a3518,3788748,UEFA Euro,6.857,6.0-8.0 sec,Pass,Ball Receipt*,Czech Republic,Czech Republic,C,Multiple contested events (duels/50-50s) delayed clear possession establishment,9,invalid,False
3788748_p44_3b0fc9e2,3788748,UEFA Euro,5.169,5.0-6.0 sec,Interception,Pass,Scotland,Scotland,D,Ambiguous timestamp/simultaneous event sequence,6,ambiguous,False
3788748_p129_869804f1,3788748,UEFA Euro,6.066,6.0-8.0 sec,Pressure,Foul Won,Czech Republic,Scotland,E,Opponent sustained possession with 4+ actions; genuinely unlinked within 5.0s,6,invalid,False
3788748_p164_11f9f2da,3788748,UEFA Euro,6.4,6.0-8.0 sec,Interception,Pass,Scotland,Scotland,D,Ambiguous timestamp/simultaneous event sequence,7,invalid,False
3788748_p168_a326d265,3788748,UEFA Euro,5.682,5.0-6.0 sec,Pressure,Pass,Czech Republic,Scotland,E,Opponent sustained possession with 4+ actions; genuinely unlinked within 5.0s,7,invalid,False
3788748_p178_0ced06fd,3788748,UEFA Euro,7.612,6.0-8.0 sec,Pressure,Ball Receipt*,Scotland,Czech Republic,E,Opponent sustained possession with 4+ actions; genuinely unlinked within 5.0s,9,invalid,False
3788748_p180_0277f2d1,3788748,UEFA Euro,7.588,6.0-8.0 sec,Pressure,Ball Receipt*,Scotland,Czech Republic,E,Opponent sustained possession with 4+ actions; genuinely unlinked within 5.0s,6,invalid,False
3788748_p187_a758492d,3788748,UEFA Euro,6.715,6.0-8.0 sec,Pressure,Clearance,Czech Republic,Scotland,E,Opponent sustained possession with 4+ actions; genuinely unlinked within 5.0s,5,invalid,False
3788748_p198_bfdc4748,3788748,UEFA Euro,5.953,5.0-6.0 sec,Pressure,Goal Keeper,Czech Republic,Czech Republic,E,Opponent sustained possession with 4+ actions; genuinely unlinked within 5.0s,7,ambiguous,False
3788748_p202_0faf1038,3788748,UEFA Euro,7.993,6.0-8.0 sec,Interception,Pass,Scotland,Scotland,D,Ambiguous timestamp/simultaneous event sequence,6,invalid,False
3788748_p203_72fefd6c,3788748,UEFA Euro,6.659,6.0-8.0 sec,Pass,Ball Receipt*,Czech Republic,Czech Republic,C,Multiple contested events (duels/50-50s) delayed clear possession establishment,7,invalid,False
3788742_p33_6476c048,3788742,UEFA Euro,5.673,5.0-6.0 sec,Pressure,Goal Keeper,Denmark,Finland,A,Turnover detector linked to earlier action in chain or pass flight boundary,4,ambiguous,False
3788742_p115_3c8f1f52,3788742,UEFA Euro,7.032,6.0-8.0 sec,Interception,Pass,Finland,Finland,D,Ambiguous timestamp/simultaneous event sequence,9,invalid,False
3788742_p118_67f80b90,3788742,UEFA Euro,5.543,5.0-6.0 sec,Pass,Foul Won,Finland,Finland,D,Ambiguous timestamp/simultaneous event sequence,8,ambiguous,False
3788742_p129_845b0343,3788742,UEFA Euro,7.146,6.0-8.0 sec,Interception,Pass,Finland,Finland,D,Ambiguous timestamp/simultaneous event sequence,9,invalid,False
3788742_p151_5e39b5cf,3788742,UEFA Euro,5.433,5.0-6.0 sec,Duel,Pass,Finland,Finland,C,Multiple contested events (duels/50-50s) delayed clear possession establishment,5,ambiguous,False
3788742_p156_d1e74c7c,3788742,UEFA Euro,5.942,5.0-6.0 sec,Interception,Pass,Finland,Finland,D,Ambiguous timestamp/simultaneous event sequence,6,ambiguous,False
3788742_p160_34c0c346,3788742,UEFA Euro,7.701,6.0-8.0 sec,Pass,Ball Receipt*,Finland,Finland,D,Ambiguous timestamp/simultaneous event sequence,11,invalid,False
3788776_p31_fa14cbbf,3788776,UEFA Euro,7.034,6.0-8.0 sec,Pressure,Interception,Poland,Sweden,E,Opponent sustained possession with 4+ actions; genuinely unlinked within 5.0s,9,invalid,False
3788776_p73_7b6a4ac1,3788776,UEFA Euro,5.92,5.0-6.0 sec,Pressure,Pass,Poland,Poland,A,Turnover detector linked to earlier action in chain or pass flight boundary,4,ambiguous,False
3788776_p113_353d7a4a,3788776,UEFA Euro,5.871,5.0-6.0 sec,Pressure,Block,Sweden,Sweden,E,Opponent sustained possession with 4+ actions; genuinely unlinked within 5.0s,6,ambiguous,False
3788776_p120_92fc8171,3788776,UEFA Euro,5.976,5.0-6.0 sec,Duel,Pass,Poland,Poland,C,Multiple contested events (duels/50-50s) delayed clear possession establishment,8,invalid,False
3998853_p14_543ba306,3998853,UEFA Women's Euro,6.604,6.0-8.0 sec,Interception,Ball Receipt*,Iceland Women's,Iceland Women's,D,Ambiguous timestamp/simultaneous event sequence,8,invalid,False
3998853_p108_b0539322,3998853,UEFA Women's Euro,6.473,6.0-8.0 sec,Interception,Pass,Iceland Women's,Iceland Women's,D,Ambiguous timestamp/simultaneous event sequence,6,invalid,False
3998853_p134_a446178f,3998853,UEFA Women's Euro,6.655,6.0-8.0 sec,Pass,Ball Receipt*,Norway Women's,Norway Women's,E,Opponent sustained possession with 4+ actions; genuinely unlinked within 5.0s,7,invalid,False
3998853_p144_d079e110,3998853,UEFA Women's Euro,5.215,5.0-6.0 sec,Pressure,Interception,Norway Women's,Iceland Women's,E,Opponent sustained possession with 4+ actions; genuinely unlinked within 5.0s,7,ambiguous,False
3998853_p156_54bb507b,3998853,UEFA Women's Euro,6.901,6.0-8.0 sec,Duel,Pass,Norway Women's,Norway Women's,C,Multiple contested events (duels/50-50s) delayed clear possession establishment,8,invalid,False
3788752_p12_7514e17b,3788752,UEFA Euro,5.332,5.0-6.0 sec,Pressure,Goal Keeper,Portugal,Portugal,B,StatsBomb possession indexing retained pressing team despite brief contestation,3,ambiguous,False
3788752_p28_f02f7174,3788752,UEFA Euro,5.742,5.0-6.0 sec,Pass,Pass,Hungary,Hungary,D,Ambiguous timestamp/simultaneous event sequence,6,invalid,False
3788752_p30_39874329,3788752,UEFA Euro,6.323,6.0-8.0 sec,Interception,Pass,Hungary,Hungary,D,Ambiguous timestamp/simultaneous event sequence,7,invalid,False
3788752_p37_e936633c,3788752,UEFA Euro,6.816,6.0-8.0 sec,Pressure,Block,Hungary,Portugal,E,Opponent sustained possession with 4+ actions; genuinely unlinked within 5.0s,5,invalid,False
3788752_p57_9af74ef4,3788752,UEFA Euro,6.525,6.0-8.0 sec,Pass,Ball Receipt*,Portugal,Portugal,D,Ambiguous timestamp/simultaneous event sequence,9,invalid,False
3788752_p69_05c178b1,3788752,UEFA Euro,5.957,5.0-6.0 sec,Interception,Pass,Hungary,Hungary,D,Ambiguous timestamp/simultaneous event sequence,6,ambiguous,False
3788752_p75_64653f00,3788752,UEFA Euro,6.854,6.0-8.0 sec,Pressure,Ball Receipt*,Hungary,Portugal,E,Opponent sustained possession with 4+ actions; genuinely unlinked within 5.0s,9,invalid,False
3788752_p103_7552f69e,3788752,UEFA Euro,7.81,6.0-8.0 sec,Pressure,Ball Receipt*,Hungary,Portugal,E,Opponent sustained possession with 4+ actions; genuinely unlinked within 5.0s,9,invalid,False
3788752_p115_066ddba3,3788752,UEFA Euro,7.612,6.0-8.0 sec,Pressure,Ball Receipt*,Hungary,Portugal,E,Opponent sustained possession with 4+ actions; genuinely unlinked within 5.0s,9,invalid,False
3788752_p122_b9247d11,3788752,UEFA Euro,7.011,6.0-8.0 sec,Pass,Pass,Hungary,Hungary,D,Ambiguous timestamp/simultaneous event sequence,12,invalid,False
3788752_p140_5df5cfa6,3788752,UEFA Euro,6.329,6.0-8.0 sec,Pressure,Pass,Hungary,Portugal,E,Opponent sustained possession with 4+ actions; genuinely unlinked within 5.0s,7,invalid,False
3788743_p105_c7bfa3cf,3788743,UEFA Euro,6.006,6.0-8.0 sec,Pressure,Block,Belgium,Russia,E,Opponent sustained possession with 4+ actions; genuinely unlinked within 5.0s,5,invalid,False
3788743_p168_89c9dce1,3788743,UEFA Euro,7.502,6.0-8.0 sec,Pass,Pass,Russia,Russia,D,Ambiguous timestamp/simultaneous event sequence,9,invalid,False
3788744_p7_74922c3e,3788744,UEFA Euro,6.315,6.0-8.0 sec,Pass,Pass,Wales,Wales,D,Ambiguous timestamp/simultaneous event sequence,7,invalid,False
3788744_p12_942ac1a3,3788744,UEFA Euro,6.617,6.0-8.0 sec,Pass,Ball Receipt*,Wales,Wales,D,Ambiguous timestamp/simultaneous event sequence,10,invalid,False
3788744_p35_3880981f,3788744,UEFA Euro,7.263,6.0-8.0 sec,Pass,Ball Receipt*,Wales,Wales,D,Ambiguous timestamp/simultaneous event sequence,7,invalid,False
3788744_p40_169e8ccb,3788744,UEFA Euro,5.288,5.0-6.0 sec,Interception,Pass,Switzerland,Switzerland,D,Ambiguous timestamp/simultaneous event sequence,9,invalid,False
3788744_p47_3aa17fed,3788744,UEFA Euro,7.095,6.0-8.0 sec,Pass,Ball Receipt*,Wales,Wales,D,Ambiguous timestamp/simultaneous event sequence,8,invalid,False
3788744_p56_278eb935,3788744,UEFA Euro,6.519,6.0-8.0 sec,Pass,Pass,Wales,Wales,D,Ambiguous timestamp/simultaneous event sequence,8,invalid,False
3788744_p97_34d99bc9,3788744,UEFA Euro,6.633,6.0-8.0 sec,Pressure,Clearance,Switzerland,Wales,A,Turnover detector linked to earlier action in chain or pass flight boundary,4,invalid,False
3788744_p102_d7c8f7af,3788744,UEFA Euro,6.374,6.0-8.0 sec,Interception,Pass,Wales,Wales,D,Ambiguous timestamp/simultaneous event sequence,6,invalid,False
3788744_p104_8e85e6f7,3788744,UEFA Euro,6.259,6.0-8.0 sec,Pass,Ball Receipt*,Wales,Wales,D,Ambiguous timestamp/simultaneous event sequence,8,invalid,False
3788744_p117_42431da3,3788744,UEFA Euro,5.635,5.0-6.0 sec,Interception,Pass,Switzerland,Switzerland,D,Ambiguous timestamp/simultaneous event sequence,6,invalid,False
3788775_p22_55c386f5,3788775,UEFA Euro,6.018,6.0-8.0 sec,Pressure,Interception,Spain,Spain,A,Turnover detector linked to earlier action in chain or pass flight boundary,4,invalid,False
3788775_p55_03c898b6,3788775,UEFA Euro,5.21,5.0-6.0 sec,Pressure,Pass,Spain,Spain,A,Turnover detector linked to earlier action in chain or pass flight boundary,4,invalid,False
3788775_p82_e5a3857b,3788775,UEFA Euro,7.59,6.0-8.0 sec,Pass,Ball Receipt*,Spain,Spain,D,Ambiguous timestamp/simultaneous event sequence,9,invalid,False
3788775_p89_d085e0fc,3788775,UEFA Euro,7.615,6.0-8.0 sec,Pressure,Ball Receipt*,Spain,Slovakia,E,Opponent sustained possession with 4+ actions; genuinely unlinked within 5.0s,10,invalid,False
3788775_p131_2641c3ea,3788775,UEFA Euro,7.449,6.0-8.0 sec,Pass,Pass,Spain,Spain,D,Ambiguous timestamp/simultaneous event sequence,11,invalid,False
3788775_p139_e13667c0,3788775,UEFA Euro,5.253,5.0-6.0 sec,Pass,Pass,Spain,Spain,D,Ambiguous timestamp/simultaneous event sequence,9,invalid,False
3788775_p154_b1a95a67,3788775,UEFA Euro,7.072,6.0-8.0 sec,Pass,Pass,Spain,Spain,D,Ambiguous timestamp/simultaneous event sequence,9,invalid,False
3998838_p98_25bcc2e1,3998838,UEFA Women's Euro,6.165,6.0-8.0 sec,Pressure,Block,Belgium Women's,Italy Women's,E,Opponent sustained possession with 4+ actions; genuinely unlinked within 5.0s,5,invalid,False
3998841_p33_6a089cd7,3998841,UEFA Women's Euro,7.533,6.0-8.0 sec,Pressure,Goal Keeper,Denmark Women's,Sweden Women's,A,Turnover detector linked to earlier action in chain or pass flight boundary,4,invalid,False
3998841_p49_71d9443d,3998841,UEFA Women's Euro,6.573,6.0-8.0 sec,Pass,Pass,Denmark Women's,Denmark Women's,E,Opponent sustained possession with 4+ actions; genuinely unlinked within 5.0s,9,invalid,False
3998841_p83_c4a12006,3998841,UEFA Women's Euro,5.048,5.0-6.0 sec,Pressure,Clearance,Denmark Women's,Sweden Women's,E,Opponent sustained possession with 4+ actions; genuinely unlinked within 5.0s,5,ambiguous,False
3998841_p98_2008be16,3998841,UEFA Women's Euro,5.396,5.0-6.0 sec,Interception,Ball Recovery,Sweden Women's,Sweden Women's,D,Ambiguous timestamp/simultaneous event sequence,7,ambiguous,False
3998841_p109_a5e6459d,3998841,UEFA Women's Euro,7.469,6.0-8.0 sec,Pressure,Ball Recovery,Sweden Women's,Sweden Women's,E,Opponent sustained possession with 4+ actions; genuinely unlinked within 5.0s,6,invalid,False
3998841_p164_6b83ec72,3998841,UEFA Women's Euro,5.05,5.0-6.0 sec,Pass,Ball Receipt*,Denmark Women's,Denmark Women's,E,Opponent sustained possession with 4+ actions; genuinely unlinked within 5.0s,10,ambiguous,False
3998841_p166_26332c6f,3998841,UEFA Women's Euro,7.776,6.0-8.0 sec,Pressure,Ball Recovery,Sweden Women's,Sweden Women's,E,Opponent sustained possession with 4+ actions; genuinely unlinked within 5.0s,6,invalid,False
3998841_p177_8ea2e6e8,3998841,UEFA Women's Euro,6.744,6.0-8.0 sec,Pressure,Block,Sweden Women's,Denmark Women's,A,Turnover detector linked to earlier action in chain or pass flight boundary,4,invalid,False
4018356_p82_3f2d3aa9,4018356,UEFA Women's Euro,6.701,6.0-8.0 sec,Duel,Dribble,Spain Women's,Spain Women's,C,Multiple contested events (duels/50-50s) delayed clear possession establishment,10,invalid,False
4018356_p127_715d4433,4018356,UEFA Women's Euro,7.52,6.0-8.0 sec,Interception,Ball Receipt*,Switzerland Women's,Switzerland Women's,D,Ambiguous timestamp/simultaneous event sequence,11,invalid,False
4018356_p137_68ff35ed,4018356,UEFA Women's Euro,6.046,6.0-8.0 sec,Interception,Pass,Switzerland Women's,Switzerland Women's,D,Ambiguous timestamp/simultaneous event sequence,6,invalid,False
3998858_p68_a0c33214,3998858,UEFA Women's Euro,6.119,6.0-8.0 sec,Pressure,Duel,England Women's,England Women's,C,Multiple contested events (duels/50-50s) delayed clear possession establishment,6,invalid,False
3998858_p74_521aa26b,3998858,UEFA Women's Euro,7.308,6.0-8.0 sec,Pass,Pass,England Women's,England Women's,D,Ambiguous timestamp/simultaneous event sequence,7,invalid,False
4020005_p182_ecdc9e9c,4020005,UEFA Women's Euro,7.841,6.0-8.0 sec,Interception,Goal Keeper,England Women's,England Women's,E,Opponent sustained possession with 4+ actions; genuinely unlinked within 5.0s,7,invalid,False
4018355_p35_cc6f1605,4018355,UEFA Women's Euro,7.356,6.0-8.0 sec,Pressure,Clearance,England Women's,Sweden Women's,E,Opponent sustained possession with 4+ actions; genuinely unlinked within 5.0s,5,invalid,False
4018355_p44_f6330b15,4018355,UEFA Women's Euro,7.659,6.0-8.0 sec,Interception,Ball Receipt*,England Women's,England Women's,D,Ambiguous timestamp/simultaneous event sequence,10,invalid,False
4018355_p75_849527e5,4018355,UEFA Women's Euro,5.592,5.0-6.0 sec,Block,Clearance,Sweden Women's,England Women's,E,Opponent sustained possession with 4+ actions; genuinely unlinked within 5.0s,7,ambiguous,False
4018355_p109_f481380a,4018355,UEFA Women's Euro,7.559,6.0-8.0 sec,Interception,Pass,England Women's,England Women's,D,Ambiguous timestamp/simultaneous event sequence,6,invalid,False
4018355_p159_fc927f37,4018355,UEFA Women's Euro,7.258,6.0-8.0 sec,Interception,Pass,Sweden Women's,Sweden Women's,D,Ambiguous timestamp/simultaneous event sequence,9,invalid,False
4018355_p170_ccdeedc4,4018355,UEFA Women's Euro,6.713,6.0-8.0 sec,Duel,Pass,Sweden Women's,Sweden Women's,C,Multiple contested events (duels/50-50s) delayed clear possession establishment,5,invalid,False
4018355_p220_68038fa3,4018355,UEFA Women's Euro,6.052,6.0-8.0 sec,Pressure,Duel,England Women's,Sweden Women's,C,Multiple contested events (duels/50-50s) delayed clear possession establishment,4,invalid,False
3998837_p49_ba5bc608,3998837,UEFA Women's Euro,6.261,6.0-8.0 sec,Pass,Pass,Norway Women's,Norway Women's,D,Ambiguous timestamp/simultaneous event sequence,9,invalid,False
3998837_p71_baa02911,3998837,UEFA Women's Euro,5.415,5.0-6.0 sec,Pressure,Duel,Switzerland Women's,Norway Women's,C,Multiple contested events (duels/50-50s) delayed clear possession establishment,11,ambiguous,False
3998837_p81_bc9454d4,3998837,UEFA Women's Euro,5.247,5.0-6.0 sec,Pressure,Clearance,Norway Women's,Switzerland Women's,A,Turnover detector linked to earlier action in chain or pass flight boundary,4,ambiguous,False
3998837_p101_db233d5f,3998837,UEFA Women's Euro,6.206,6.0-8.0 sec,Pressure,Clearance,Switzerland Women's,Norway Women's,E,Opponent sustained possession with 4+ actions; genuinely unlinked within 5.0s,10,invalid,False
3998837_p124_8ce5c5e9,3998837,UEFA Women's Euro,6.069,6.0-8.0 sec,Pressure,Goal Keeper,Norway Women's,Switzerland Women's,E,Opponent sustained possession with 4+ actions; genuinely unlinked within 5.0s,5,invalid,False
3998859_p55_708f458b,3998859,UEFA Women's Euro,7.284,6.0-8.0 sec,Pressure,Duel,France Women's,Netherlands Women's,C,Multiple contested events (duels/50-50s) delayed clear possession establishment,7,invalid,False
3998859_p67_a860f517,3998859,UEFA Women's Euro,5.608,5.0-6.0 sec,Pressure,Block,Netherlands Women's,France Women's,E,Opponent sustained possession with 4+ actions; genuinely unlinked within 5.0s,5,ambiguous,False
3998859_p122_571fd8f8,3998859,UEFA Women's Euro,6.2,6.0-8.0 sec,Pressure,Block,Netherlands Women's,France Women's,E,Opponent sustained possession with 4+ actions; genuinely unlinked within 5.0s,8,invalid,False
3998859_p139_0785efd2,3998859,UEFA Women's Euro,7.794,6.0-8.0 sec,Interception,Pass,France Women's,France Women's,E,Opponent sustained possession with 4+ actions; genuinely unlinked within 5.0s,8,invalid,False
3998859_p169_f0360509,3998859,UEFA Women's Euro,5.283,5.0-6.0 sec,Pressure,Ball Recovery,Netherlands Women's,Netherlands Women's,E,Opponent sustained possession with 4+ actions; genuinely unlinked within 5.0s,6,invalid,False
4020846_p36_47c8ad0b,4020846,UEFA Women's Euro,7.709,6.0-8.0 sec,Pass,Ball Receipt*,England Women's,England Women's,E,Opponent sustained possession with 4+ actions; genuinely unlinked within 5.0s,10,invalid,False
4020846_p63_944eff07,4020846,UEFA Women's Euro,5.84,5.0-6.0 sec,Pressure,Clearance,Spain Women's,Spain Women's,E,Opponent sustained possession with 4+ actions; genuinely unlinked within 5.0s,7,ambiguous,False
4020846_p69_bd2af78e,4020846,UEFA Women's Euro,6.343,6.0-8.0 sec,Pass,Pass,England Women's,England Women's,E,Opponent sustained possession with 4+ actions; genuinely unlinked within 5.0s,5,invalid,False
4020846_p153_09d8423e,4020846,UEFA Women's Euro,5.538,5.0-6.0 sec,Pressure,Pass,England Women's,England Women's,A,Turnover detector linked to earlier action in chain or pass flight boundary,4,invalid,False
4020846_p192_0badb2ec,4020846,UEFA Women's Euro,7.333,6.0-8.0 sec,Pass,Pass,England Women's,England Women's,D,Ambiguous timestamp/simultaneous event sequence,9,invalid,False
3998857_p10_d9c7dbfa,3998857,UEFA Women's Euro,6.69,6.0-8.0 sec,Interception,Pass,Denmark Women's,Denmark Women's,D,Ambiguous timestamp/simultaneous event sequence,10,invalid,False
3998857_p38_25983173,3998857,UEFA Women's Euro,5.565,5.0-6.0 sec,Pressure,Duel,Poland Women's,Poland Women's,C,Multiple contested events (duels/50-50s) delayed clear possession establishment,6,ambiguous,False
3998857_p40_e3c8acaa,3998857,UEFA Women's Euro,5.151,5.0-6.0 sec,Pressure,Clearance,Poland Women's,Denmark Women's,E,Opponent sustained possession with 4+ actions; genuinely unlinked within 5.0s,5,ambiguous,False
3998857_p67_e9c55701,3998857,UEFA Women's Euro,7.534,6.0-8.0 sec,Pass,Ball Receipt*,Denmark Women's,Denmark Women's,E,Opponent sustained possession with 4+ actions; genuinely unlinked within 5.0s,9,invalid,False
3998857_p96_cf803b0e,3998857,UEFA Women's Euro,6.315,6.0-8.0 sec,Duel,Clearance,Poland Women's,Denmark Women's,C,Multiple contested events (duels/50-50s) delayed clear possession establishment,4,invalid,False
3998857_p141_b175960b,3998857,UEFA Women's Euro,5.788,5.0-6.0 sec,Pressure,Block,Denmark Women's,Denmark Women's,E,Opponent sustained possession with 4+ actions; genuinely unlinked within 5.0s,5,ambiguous,False
3998857_p147_acde0c59,3998857,UEFA Women's Euro,5.528,5.0-6.0 sec,Interception,Ball Recovery,Poland Women's,Poland Women's,D,Ambiguous timestamp/simultaneous event sequence,8,ambiguous,False
3998857_p152_7beafe54,3998857,UEFA Women's Euro,6.946,6.0-8.0 sec,Pressure,Block,Poland Women's,Poland Women's,E,Opponent sustained possession with 4+ actions; genuinely unlinked within 5.0s,5,invalid,False
4018354_p138_6c6d67ee,4018354,UEFA Women's Euro,5.523,5.0-6.0 sec,Pass,Duel,Italy Women's,Italy Women's,C,Multiple contested events (duels/50-50s) delayed clear possession establishment,6,ambiguous,False
4018354_p150_ef67e16d,4018354,UEFA Women's Euro,6.64,6.0-8.0 sec,Interception,Ball Receipt*,Norway Women's,Norway Women's,D,Ambiguous timestamp/simultaneous event sequence,8,invalid,False
3998856_p7_c3c0c6d8,3998856,UEFA Women's Euro,6.522,6.0-8.0 sec,Interception,Ball Receipt*,Germany Women's,Germany Women's,E,Opponent sustained possession with 4+ actions; genuinely unlinked within 5.0s,10,invalid,False
3998856_p142_b86d9e99,3998856,UEFA Women's Euro,6.514,6.0-8.0 sec,Interception,Ball Recovery,Germany Women's,Germany Women's,E,Opponent sustained possession with 4+ actions; genuinely unlinked within 5.0s,7,invalid,False
3998855_p9_67cd1ceb,3998855,UEFA Women's Euro,7.101,6.0-8.0 sec,Interception,Ball Receipt*,Italy Women's,Italy Women's,D,Ambiguous timestamp/simultaneous event sequence,11,invalid,False
3998855_p67_38d07ebf,3998855,UEFA Women's Euro,7.223,6.0-8.0 sec,Interception,Pass,Italy Women's,Italy Women's,E,Opponent sustained possession with 4+ actions; genuinely unlinked within 5.0s,10,invalid,False
3998855_p99_8d553aa5,3998855,UEFA Women's Euro,5.2,5.0-6.0 sec,Dribbled Past,Block,Italy Women's,Spain Women's,E,Opponent sustained possession with 4+ actions; genuinely unlinked within 5.0s,7,ambiguous,False
3998848_p19_f2f1e1d7,3998848,UEFA Women's Euro,5.194,5.0-6.0 sec,Pressure,Block,Poland Women's,Sweden Women's,E,Opponent sustained possession with 4+ actions; genuinely unlinked within 5.0s,5,ambiguous,False
3998848_p20_1158d26e,3998848,UEFA Women's Euro,5.123,5.0-6.0 sec,Pressure,Interception,Sweden Women's,Sweden Women's,E,Opponent sustained possession with 4+ actions; genuinely unlinked within 5.0s,6,ambiguous,False
3998848_p125_5758f1ad,3998848,UEFA Women's Euro,5.274,5.0-6.0 sec,Pressure,Block,Poland Women's,Poland Women's,A,Turnover detector linked to earlier action in chain or pass flight boundary,4,ambiguous,False
3998850_p4_b942005e,3998850,UEFA Women's Euro,7.451,6.0-8.0 sec,Duel,Clearance,France Women's,France Women's,C,Multiple contested events (duels/50-50s) delayed clear possession establishment,8,invalid,False
3998850_p43_c3bd7b17,3998850,UEFA Women's Euro,6.438,6.0-8.0 sec,Pressure,Block,Wales W,Wales W,A,Turnover detector linked to earlier action in chain or pass flight boundary,4,invalid,False
3998850_p53_c6c9786b,3998850,UEFA Women's Euro,6.955,6.0-8.0 sec,Interception,Ball Receipt*,Wales W,Wales W,E,Opponent sustained possession with 4+ actions; genuinely unlinked within 5.0s,10,invalid,False
3998850_p57_ab1c5eb3,3998850,UEFA Women's Euro,5.97,5.0-6.0 sec,Pressure,Clearance,France Women's,Wales W,E,Opponent sustained possession with 4+ actions; genuinely unlinked within 5.0s,7,ambiguous,False
3998850_p125_c61157fb,3998850,UEFA Women's Euro,7.239,6.0-8.0 sec,Pass,Ball Receipt*,Wales W,Wales W,D,Ambiguous timestamp/simultaneous event sequence,10,invalid,False
4018357_p146_de6ccf04,4018357,UEFA Women's Euro,5.148,5.0-6.0 sec,Pressure,Block,France Women's,Germany Women's,A,Turnover detector linked to earlier action in chain or pass flight boundary,3,ambiguous,False
4018357_p215_19149cad,4018357,UEFA Women's Euro,7.101,6.0-8.0 sec,Pass,Ball Receipt*,Germany Women's,Germany Women's,D,Ambiguous timestamp/simultaneous event sequence,11,invalid,False
4018357_p233_9fbc7e59,4018357,UEFA Women's Euro,5.725,5.0-6.0 sec,Pressure,Clearance,France Women's,Germany Women's,A,Turnover detector linked to earlier action in chain or pass flight boundary,4,ambiguous,False
3998849_p39_1ab13c4d,3998849,UEFA Women's Euro,5.988,5.0-6.0 sec,Block,Block,Denmark Women's,Germany Women's,E,Opponent sustained possession with 4+ actions; genuinely unlinked within 5.0s,5,ambiguous,False
3998849_p84_a773136a,3998849,UEFA Women's Euro,7.637,6.0-8.0 sec,Interception,Ball Receipt*,Denmark Women's,Denmark Women's,E,Opponent sustained possession with 4+ actions; genuinely unlinked within 5.0s,10,invalid,False
3998849_p86_fad37056,3998849,UEFA Women's Euro,5.88,5.0-6.0 sec,Pressure,Clearance,Germany Women's,Denmark Women's,A,Turnover detector linked to earlier action in chain or pass flight boundary,4,ambiguous,False
3998849_p153_01da6d28,3998849,UEFA Women's Euro,7.681,6.0-8.0 sec,Pressure,Duel,Germany Women's,Germany Women's,C,Multiple contested events (duels/50-50s) delayed clear possession establishment,5,invalid,False
3998849_p159_b47f3426,3998849,UEFA Women's Euro,5.547,5.0-6.0 sec,Pressure,Clearance,Germany Women's,Denmark Women's,A,Turnover detector linked to earlier action in chain or pass flight boundary,4,ambiguous,False
3998849_p167_f4bea957,3998849,UEFA Women's Euro,7.999,6.0-8.0 sec,Duel,Pass,Denmark Women's,Denmark Women's,C,Multiple contested events (duels/50-50s) delayed clear possession establishment,8,invalid,False
3998854_p39_cd6823af,3998854,UEFA Women's Euro,5.343,5.0-6.0 sec,Pressure,Ball Recovery,Belgium Women's,Belgium Women's,E,Opponent sustained possession with 4+ actions; genuinely unlinked within 5.0s,6,invalid,False
3998854_p46_992ee6d0,3998854,UEFA Women's Euro,7.052,6.0-8.0 sec,Pressure,Clearance,Portugal Women's,Belgium Women's,E,Opponent sustained possession with 4+ actions; genuinely unlinked within 5.0s,5,invalid,False
3998854_p62_610a74a2,3998854,UEFA Women's Euro,5.117,5.0-6.0 sec,Interception,Pass,Portugal Women's,Portugal Women's,E,Opponent sustained possession with 4+ actions; genuinely unlinked within 5.0s,5,ambiguous,False
3998854_p73_284fa6fb,3998854,UEFA Women's Euro,5.718,5.0-6.0 sec,Pressure,Clearance,Portugal Women's,Belgium Women's,E,Opponent sustained possession with 4+ actions; genuinely unlinked within 5.0s,7,ambiguous,False
4020077_p12_1736fdaa,4020077,UEFA Women's Euro,5.877,5.0-6.0 sec,Interception,Duel,Spain Women's,Spain Women's,C,Multiple contested events (duels/50-50s) delayed clear possession establishment,8,ambiguous,False
4020077_p55_34b318db,4020077,UEFA Women's Euro,7.914,6.0-8.0 sec,Pass,Ball Receipt*,Germany Women's,Germany Women's,D,Ambiguous timestamp/simultaneous event sequence,8,invalid,False
4020077_p62_c044825f,4020077,UEFA Women's Euro,6.81,6.0-8.0 sec,Pass,Ball Receipt*,Germany Women's,Germany Women's,E,Opponent sustained possession with 4+ actions; genuinely unlinked within 5.0s,7,invalid,False
4020077_p119_f3e4e071,4020077,UEFA Women's Euro,7.361,6.0-8.0 sec,Pressure,Clearance,Spain Women's,Spain Women's,E,Opponent sustained possession with 4+ actions; genuinely unlinked within 5.0s,7,invalid,False
4020077_p126_dec25fd0,4020077,UEFA Women's Euro,6.422,6.0-8.0 sec,Pressure,Block,Spain Women's,Germany Women's,E,Opponent sustained possession with 4+ actions; genuinely unlinked within 5.0s,8,invalid,False
3998851_p13_28d61b52,3998851,UEFA Women's Euro,5.426,5.0-6.0 sec,Duel,Pass,England Women's,England Women's,C,Multiple contested events (duels/50-50s) delayed clear possession establishment,11,ambiguous,False
3998851_p119_879ae159,3998851,UEFA Women's Euro,5.752,5.0-6.0 sec,Pressure,Pressure,Netherlands Women's,Netherlands Women's,E,Opponent sustained possession with 4+ actions; genuinely unlinked within 5.0s,5,ambiguous,False
3998846_p24_2f72b083,3998846,UEFA Women's Euro,7.585,6.0-8.0 sec,Pressure,Block,Italy Women's,Portugal Women's,E,Opponent sustained possession with 4+ actions; genuinely unlinked within 5.0s,7,invalid,False
3998846_p49_1da02996,3998846,UEFA Women's Euro,5.991,5.0-6.0 sec,Pressure,Clearance,Portugal Women's,Italy Women's,E,Opponent sustained possession with 4+ actions; genuinely unlinked within 5.0s,5,ambiguous,False
3998846_p137_f58f0587,3998846,UEFA Women's Euro,7.085,6.0-8.0 sec,Pressure,Ball Recovery,Portugal Women's,Portugal Women's,E,Opponent sustained possession with 4+ actions; genuinely unlinked within 5.0s,6,invalid,False
3998852_p107_28e7ad1f,3998852,UEFA Women's Euro,5.675,5.0-6.0 sec,Duel,Pass,Switzerland Women's,Switzerland Women's,C,Multiple contested events (duels/50-50s) delayed clear possession establishment,9,ambiguous,False
3998852_p187_c18e5809,3998852,UEFA Women's Euro,7.836,6.0-8.0 sec,Interception,Clearance,WNT Finland,WNT Finland,E,Opponent sustained possession with 4+ actions; genuinely unlinked within 5.0s,8,invalid,False
3998842_p33_c594ad59,3998842,UEFA Women's Euro,5.112,5.0-6.0 sec,Interception,Pass,Netherlands Women's,Netherlands Women's,E,Opponent sustained possession with 4+ actions; genuinely unlinked within 5.0s,7,ambiguous,False
3998844_p8_c2433bcc,3998844,UEFA Women's Euro,7.047,6.0-8.0 sec,50/50,Ball Receipt*,Iceland Women's,Iceland Women's,C,Multiple contested events (duels/50-50s) delayed clear possession establishment,11,invalid,False
3998844_p38_7241b295,3998844,UEFA Women's Euro,5.368,5.0-6.0 sec,Pressure,Ball Recovery,Switzerland Women's,Iceland Women's,E,Opponent sustained possession with 4+ actions; genuinely unlinked within 5.0s,5,ambiguous,False
3998844_p69_23880548,3998844,UEFA Women's Euro,7.194,6.0-8.0 sec,Pass,Pass,Switzerland Women's,Switzerland Women's,E,Opponent sustained possession with 4+ actions; genuinely unlinked within 5.0s,8,invalid,False
3998844_p143_c1339955,3998844,UEFA Women's Euro,6.623,6.0-8.0 sec,Interception,Ball Receipt*,Iceland Women's,Iceland Women's,D,Ambiguous timestamp/simultaneous event sequence,8,invalid,False
3998843_p10_5b41f9c3,3998843,UEFA Women's Euro,5.787,5.0-6.0 sec,Pressure,Ball Recovery,England Women's,France Women's,E,Opponent sustained possession with 4+ actions; genuinely unlinked within 5.0s,8,ambiguous,False
3998843_p153_7b2e1eaf,3998843,UEFA Women's Euro,7.022,6.0-8.0 sec,Pass,Pass,England Women's,England Women's,D,Ambiguous timestamp/simultaneous event sequence,9,invalid,False
3998845_p26_2743262c,3998845,UEFA Women's Euro,6.757,6.0-8.0 sec,Pass,Ball Receipt*,Norway Women's,Norway Women's,E,Opponent sustained possession with 4+ actions; genuinely unlinked within 5.0s,7,invalid,False
3998845_p41_36af9c94,3998845,UEFA Women's Euro,7.786,6.0-8.0 sec,Interception,Ball Receipt*,WNT Finland,WNT Finland,D,Ambiguous timestamp/simultaneous event sequence,8,invalid,False
3998845_p52_a253b63f,3998845,UEFA Women's Euro,6.249,6.0-8.0 sec,50/50,Ball Recovery,Norway Women's,Norway Women's,C,Multiple contested events (duels/50-50s) delayed clear possession establishment,10,invalid,False
3998845_p88_a1241be6,3998845,UEFA Women's Euro,6.912,6.0-8.0 sec,Interception,Ball Receipt*,WNT Finland,WNT Finland,D,Ambiguous timestamp/simultaneous event sequence,10,invalid,False
3998845_p117_416f4515,3998845,UEFA Women's Euro,6.997,6.0-8.0 sec,Pressure,Ball Recovery,WNT Finland,WNT Finland,E,Opponent sustained possession with 4+ actions; genuinely unlinked within 5.0s,6,invalid,False
3998845_p149_c079c5c2,3998845,UEFA Women's Euro,5.157,5.0-6.0 sec,Interception,Pass,Norway Women's,Norway Women's,D,Ambiguous timestamp/simultaneous event sequence,6,ambiguous,False
3998845_p157_a5db8735,3998845,UEFA Women's Euro,7.876,6.0-8.0 sec,Interception,Pass,Norway Women's,Norway Women's,D,Ambiguous timestamp/simultaneous event sequence,9,invalid,False
3998847_p25_c715dcce,3998847,UEFA Women's Euro,6.231,6.0-8.0 sec,Interception,Pass,Spain Women's,Spain Women's,E,Opponent sustained possession with 4+ actions; genuinely unlinked within 5.0s,8,invalid,False
3998847_p36_0e784de2,3998847,UEFA Women's Euro,6.867,6.0-8.0 sec,Pressure,Clearance,Spain Women's,Belgium Women's,E,Opponent sustained possession with 4+ actions; genuinely unlinked within 5.0s,5,invalid,False
3998847_p103_bb35a71f,3998847,UEFA Women's Euro,7.475,6.0-8.0 sec,Interception,Pass,Belgium Women's,Belgium Women's,D,Ambiguous timestamp/simultaneous event sequence,10,invalid,False
3998847_p123_55842206,3998847,UEFA Women's Euro,7.472,6.0-8.0 sec,Duel,Interception,Belgium Women's,Belgium Women's,C,Multiple contested events (duels/50-50s) delayed clear possession establishment,8,invalid,False
3998836_p60_3cb31d74,3998836,UEFA Women's Euro,7.072,6.0-8.0 sec,Interception,Ball Receipt*,Iceland Women's,Iceland Women's,E,Opponent sustained possession with 4+ actions; genuinely unlinked within 5.0s,7,invalid,False
3998836_p147_0bfb8a24,3998836,UEFA Women's Euro,5.247,5.0-6.0 sec,Pressure,Clearance,WNT Finland,Iceland Women's,E,Opponent sustained possession with 4+ actions; genuinely unlinked within 5.0s,5,ambiguous,False
3998836_p157_28455939,3998836,UEFA Women's Euro,7.591,6.0-8.0 sec,Pressure,Clearance,Iceland Women's,Iceland Women's,B,StatsBomb possession indexing retained pressing team despite brief contestation,3,invalid,False
3998839_p37_3cb357da,3998839,UEFA Women's Euro,6.202,6.0-8.0 sec,Pressure,Ball Recovery,Spain Women's,Spain Women's,E,Opponent sustained possession with 4+ actions; genuinely unlinked within 5.0s,6,invalid,False
3998839_p169_0dac86f3,3998839,UEFA Women's Euro,6.393,6.0-8.0 sec,Pressure,Goal Keeper,Portugal Women's,Spain Women's,E,Opponent sustained possession with 4+ actions; genuinely unlinked within 5.0s,7,invalid,False
3835326_p12_b0555883,3835326,UEFA Women's Euro,5.795,5.0-6.0 sec,Pass,Pass,Iceland Women's,Iceland Women's,D,Ambiguous timestamp/simultaneous event sequence,6,invalid,False
3835326_p21_26f618a5,3835326,UEFA Women's Euro,5.944,5.0-6.0 sec,Interception,Ball Recovery,Iceland Women's,Iceland Women's,D,Ambiguous timestamp/simultaneous event sequence,8,ambiguous,False
3835326_p32_90f8f681,3835326,UEFA Women's Euro,7.328,6.0-8.0 sec,Interception,Ball Receipt*,Belgium Women's,Belgium Women's,D,Ambiguous timestamp/simultaneous event sequence,8,invalid,False
3835326_p68_e7fa5152,3835326,UEFA Women's Euro,7.398,6.0-8.0 sec,Interception,Ball Receipt*,Iceland Women's,Iceland Women's,D,Ambiguous timestamp/simultaneous event sequence,9,invalid,False
3835326_p72_0e42cca3,3835326,UEFA Women's Euro,5.313,5.0-6.0 sec,Interception,Pass,Belgium Women's,Belgium Women's,D,Ambiguous timestamp/simultaneous event sequence,6,ambiguous,False
3835326_p90_6ffe492f,3835326,UEFA Women's Euro,6.088,6.0-8.0 sec,Pressure,Pass,Belgium Women's,Belgium Women's,A,Turnover detector linked to earlier action in chain or pass flight boundary,4,invalid,False
3835326_p114_7dd693c5,3835326,UEFA Women's Euro,6.255,6.0-8.0 sec,Interception,Pass,Iceland Women's,Iceland Women's,D,Ambiguous timestamp/simultaneous event sequence,9,invalid,False
3835326_p115_1753ee51,3835326,UEFA Women's Euro,7.532,6.0-8.0 sec,Pass,Pass,Belgium Women's,Belgium Women's,D,Ambiguous timestamp/simultaneous event sequence,9,invalid,False
3835326_p116_cbbc630a,3835326,UEFA Women's Euro,5.212,5.0-6.0 sec,Interception,Ball Receipt*,Iceland Women's,Iceland Women's,D,Ambiguous timestamp/simultaneous event sequence,10,ambiguous,False
3835326_p150_8875edd2,3835326,UEFA Women's Euro,6.704,6.0-8.0 sec,Pass,Ball Receipt*,Belgium Women's,Belgium Women's,D,Ambiguous timestamp/simultaneous event sequence,8,invalid,False
3835326_p162_31d40f89,3835326,UEFA Women's Euro,5.458,5.0-6.0 sec,Duel,Pass,Belgium Women's,Belgium Women's,C,Multiple contested events (duels/50-50s) delayed clear possession establishment,8,ambiguous,False
3835326_p179_d7626dab,3835326,UEFA Women's Euro,7.971,6.0-8.0 sec,Interception,Ball Receipt*,Iceland Women's,Iceland Women's,D,Ambiguous timestamp/simultaneous event sequence,8,invalid,False
3835320_p14_3083e434,3835320,UEFA Women's Euro,7.845,6.0-8.0 sec,Block,Block,Norway Women's,Norway Women's,E,Opponent sustained possession with 4+ actions; genuinely unlinked within 5.0s,5,invalid,False
3835320_p61_016cda89,3835320,UEFA Women's Euro,7.777,6.0-8.0 sec,Interception,Pass,Northern Ireland W,Northern Ireland W,E,Opponent sustained possession with 4+ actions; genuinely unlinked within 5.0s,11,invalid,False
3835320_p74_27057618,3835320,UEFA Women's Euro,7.081,6.0-8.0 sec,Interception,Ball Receipt*,Northern Ireland W,Northern Ireland W,D,Ambiguous timestamp/simultaneous event sequence,11,invalid,False
3998840_p18_4cc5780a,3998840,UEFA Women's Euro,5.716,5.0-6.0 sec,Pressure,Block,Poland Women's,Germany Women's,E,Opponent sustained possession with 4+ actions; genuinely unlinked within 5.0s,7,ambiguous,False
3998840_p74_31775cc5,3998840,UEFA Women's Euro,5.114,5.0-6.0 sec,Pressure,Pressure,Poland Women's,Germany Women's,E,Opponent sustained possession with 4+ actions; genuinely unlinked within 5.0s,10,ambiguous,False
3998840_p120_adf22e62,3998840,UEFA Women's Euro,7.876,6.0-8.0 sec,Pressure,Clearance,Poland Women's,Germany Women's,E,Opponent sustained possession with 4+ actions; genuinely unlinked within 5.0s,7,invalid,False
3998840_p176_25a71f91,3998840,UEFA Women's Euro,7.192,6.0-8.0 sec,Pass,Ball Receipt*,Poland Women's,Poland Women's,D,Ambiguous timestamp/simultaneous event sequence,8,invalid,False
3844386_p31_94a62622,3844386,UEFA Women's Euro,5.404,5.0-6.0 sec,Interception,Ball Receipt*,Sweden Women's,Sweden Women's,D,Ambiguous timestamp/simultaneous event sequence,7,ambiguous,False
3844386_p74_378e680b,3844386,UEFA Women's Euro,7.716,6.0-8.0 sec,Interception,Ball Receipt*,Sweden Women's,Sweden Women's,D,Ambiguous timestamp/simultaneous event sequence,9,invalid,False
3844386_p83_0073658b,3844386,UEFA Women's Euro,7.378,6.0-8.0 sec,Pass,Pass,Sweden Women's,Sweden Women's,D,Ambiguous timestamp/simultaneous event sequence,9,invalid,False
3844386_p118_81fb0f8f,3844386,UEFA Women's Euro,5.132,5.0-6.0 sec,Pass,Ball Receipt*,Belgium Women's,Belgium Women's,D,Ambiguous timestamp/simultaneous event sequence,8,ambiguous,False
3844386_p119_696eccf4,3844386,UEFA Women's Euro,6.727,6.0-8.0 sec,Interception,Ball Receipt*,Sweden Women's,Sweden Women's,D,Ambiguous timestamp/simultaneous event sequence,8,invalid,False
3844386_p160_ea3878bb,3844386,UEFA Women's Euro,6.174,6.0-8.0 sec,Pressure,Duel,Belgium Women's,Sweden Women's,C,Multiple contested events (duels/50-50s) delayed clear possession establishment,8,invalid,False
3844386_p178_960fd6a9,3844386,UEFA Women's Euro,6.22,6.0-8.0 sec,Pressure,Block,Belgium Women's,Sweden Women's,E,Opponent sustained possession with 4+ actions; genuinely unlinked within 5.0s,8,invalid,False
3835336_p60_f3a82397,3835336,UEFA Women's Euro,5.443,5.0-6.0 sec,Pressure,Duel,Norway Women's,Norway Women's,C,Multiple contested events (duels/50-50s) delayed clear possession establishment,5,ambiguous,False
3835336_p92_ec801b3d,3835336,UEFA Women's Euro,5.043,5.0-6.0 sec,Pressure,Block,Norway Women's,Austria Women's,A,Turnover detector linked to earlier action in chain or pass flight boundary,4,ambiguous,False
3835336_p158_15602130,3835336,UEFA Women's Euro,5.021,5.0-6.0 sec,Pressure,Ball Recovery,Austria Women's,Norway Women's,E,Opponent sustained possession with 4+ actions; genuinely unlinked within 5.0s,5,ambiguous,False
3835336_p186_04fb7b74,3835336,UEFA Women's Euro,7.68,6.0-8.0 sec,Interception,Duel,Norway Women's,Norway Women's,C,Multiple contested events (duels/50-50s) delayed clear possession establishment,9,invalid,False
3835334_p75_d2b8b6ba,3835334,UEFA Women's Euro,6.406,6.0-8.0 sec,Pressure,Clearance,Italy Women's,Iceland Women's,E,Opponent sustained possession with 4+ actions; genuinely unlinked within 5.0s,5,invalid,False
3835334_p102_181ecb11,3835334,UEFA Women's Euro,7.544,6.0-8.0 sec,Pressure,Duel,Iceland Women's,Italy Women's,C,Multiple contested events (duels/50-50s) delayed clear possession establishment,5,invalid,False
3835334_p161_36eb7e60,3835334,UEFA Women's Euro,5.238,5.0-6.0 sec,Pressure,Duel,Italy Women's,Italy Women's,C,Multiple contested events (duels/50-50s) delayed clear possession establishment,7,ambiguous,False
3835334_p178_658410b6,3835334,UEFA Women's Euro,5.508,5.0-6.0 sec,Pressure,Interception,Italy Women's,Iceland Women's,E,Opponent sustained possession with 4+ actions; genuinely unlinked within 5.0s,6,ambiguous,False
3835334_p182_6aadd79e,3835334,UEFA Women's Euro,7.85,6.0-8.0 sec,Duel,Pass,Iceland Women's,Iceland Women's,C,Multiple contested events (duels/50-50s) delayed clear possession establishment,10,invalid,False
3835324_p34_f16460fd,3835324,UEFA Women's Euro,7.424,6.0-8.0 sec,Interception,Ball Receipt*,Netherlands Women's,Netherlands Women's,D,Ambiguous timestamp/simultaneous event sequence,8,invalid,False
3835324_p90_4791048c,3835324,UEFA Women's Euro,6.941,6.0-8.0 sec,Duel,Ball Receipt*,Sweden Women's,Sweden Women's,C,Multiple contested events (duels/50-50s) delayed clear possession establishment,7,invalid,False
3835324_p111_c8c413eb,3835324,UEFA Women's Euro,5.188,5.0-6.0 sec,Pressure,Clearance,Netherlands Women's,Sweden Women's,A,Turnover detector linked to earlier action in chain or pass flight boundary,4,ambiguous,False
3835324_p123_5c989409,3835324,UEFA Women's Euro,7.009,6.0-8.0 sec,Pass,Ball Recovery,Sweden Women's,Sweden Women's,D,Ambiguous timestamp/simultaneous event sequence,13,invalid,False
3835324_p156_099e7991,3835324,UEFA Women's Euro,6.793,6.0-8.0 sec,Duel,Interception,Netherlands Women's,Netherlands Women's,C,Multiple contested events (duels/50-50s) delayed clear possession establishment,7,invalid,False
3835324_p161_b69ee8a5,3835324,UEFA Women's Euro,7.697,6.0-8.0 sec,Duel,Ball Receipt*,Sweden Women's,Sweden Women's,C,Multiple contested events (duels/50-50s) delayed clear possession establishment,7,invalid,False
3835324_p166_040bae07,3835324,UEFA Women's Euro,5.817,5.0-6.0 sec,Pressure,Duel,Netherlands Women's,Sweden Women's,C,Multiple contested events (duels/50-50s) delayed clear possession establishment,5,ambiguous,False
3835324_p172_0c7af95e,3835324,UEFA Women's Euro,7.796,6.0-8.0 sec,Pass,Ball Receipt*,Sweden Women's,Sweden Women's,E,Opponent sustained possession with 4+ actions; genuinely unlinked within 5.0s,7,invalid,False
3835327_p5_300e397f,3835327,UEFA Women's Euro,7.633,6.0-8.0 sec,Pass,Ball Receipt*,England Women's,England Women's,D,Ambiguous timestamp/simultaneous event sequence,8,invalid,False
3835327_p11_39584f2b,3835327,UEFA Women's Euro,7.603,6.0-8.0 sec,Interception,Ball Receipt*,Norway Women's,Norway Women's,D,Ambiguous timestamp/simultaneous event sequence,8,invalid,False
3835327_p43_343f2723,3835327,UEFA Women's Euro,5.15,5.0-6.0 sec,Interception,Pass,England Women's,England Women's,D,Ambiguous timestamp/simultaneous event sequence,9,ambiguous,False
3835327_p79_65ffb308,3835327,UEFA Women's Euro,6.022,6.0-8.0 sec,Interception,Ball Receipt*,Norway Women's,Norway Women's,D,Ambiguous timestamp/simultaneous event sequence,8,invalid,False
3835327_p92_e110ac27,3835327,UEFA Women's Euro,6.33,6.0-8.0 sec,Interception,Ball Receipt*,Norway Women's,Norway Women's,D,Ambiguous timestamp/simultaneous event sequence,8,invalid,False
3835327_p107_5c7cec27,3835327,UEFA Women's Euro,7.054,6.0-8.0 sec,Interception,Ball Receipt*,England Women's,England Women's,D,Ambiguous timestamp/simultaneous event sequence,8,invalid,False
3835327_p124_2f236e6f,3835327,UEFA Women's Euro,5.73,5.0-6.0 sec,Pressure,Clearance,England Women's,England Women's,E,Opponent sustained possession with 4+ actions; genuinely unlinked within 5.0s,7,ambiguous,False
3835327_p152_3195db08,3835327,UEFA Women's Euro,6.91,6.0-8.0 sec,Pass,Duel,England Women's,England Women's,C,Multiple contested events (duels/50-50s) delayed clear possession establishment,9,invalid,False
3844385_p11_cbe09bc8,3844385,UEFA Women's Euro,7.993,6.0-8.0 sec,Interception,Pass,Austria Women's,Austria Women's,D,Ambiguous timestamp/simultaneous event sequence,9,invalid,False
3844385_p142_59ef6078,3844385,UEFA Women's Euro,7.435,6.0-8.0 sec,Interception,Pass,Germany Women's,Germany Women's,D,Ambiguous timestamp/simultaneous event sequence,9,invalid,False
3835339_p33_9d905d8b,3835339,UEFA Women's Euro,5.346,5.0-6.0 sec,Interception,Pass,Switzerland Women's,Switzerland Women's,D,Ambiguous timestamp/simultaneous event sequence,6,ambiguous,False
3835339_p72_553fa7ce,3835339,UEFA Women's Euro,6.83,6.0-8.0 sec,Pressure,Pass,Netherlands Women's,Netherlands Women's,A,Turnover detector linked to earlier action in chain or pass flight boundary,4,invalid,False
3835339_p85_f925ce01,3835339,UEFA Women's Euro,6.891,6.0-8.0 sec,Interception,Ball Receipt*,Netherlands Women's,Netherlands Women's,D,Ambiguous timestamp/simultaneous event sequence,8,invalid,False
3835339_p107_b70c0782,3835339,UEFA Women's Euro,7.172,6.0-8.0 sec,Interception,Ball Receipt*,Netherlands Women's,Netherlands Women's,D,Ambiguous timestamp/simultaneous event sequence,8,invalid,False
3835325_p19_278fd7fc,3835325,UEFA Women's Euro,7.279,6.0-8.0 sec,Pass,Pass,France Women's,France Women's,D,Ambiguous timestamp/simultaneous event sequence,9,invalid,False
3835325_p61_2c8f41a7,3835325,UEFA Women's Euro,5.054,5.0-6.0 sec,Interception,Pass,France Women's,France Women's,D,Ambiguous timestamp/simultaneous event sequence,6,ambiguous,False
3835325_p118_181aa821,3835325,UEFA Women's Euro,6.491,6.0-8.0 sec,Interception,Duel,France Women's,France Women's,C,Multiple contested events (duels/50-50s) delayed clear possession establishment,6,invalid,False
3835325_p159_61b59833,3835325,UEFA Women's Euro,7.399,6.0-8.0 sec,Pressure,Ball Recovery,France Women's,Italy Women's,E,Opponent sustained possession with 4+ actions; genuinely unlinked within 5.0s,8,invalid,False
3835335_p36_3239cdc5,3835335,UEFA Women's Euro,5.749,5.0-6.0 sec,Pressure,Clearance,England Women's,England Women's,A,Turnover detector linked to earlier action in chain or pass flight boundary,4,invalid,False
3835335_p61_0b5cabea,3835335,UEFA Women's Euro,6.84,6.0-8.0 sec,Interception,Pass,Northern Ireland W,Northern Ireland W,D,Ambiguous timestamp/simultaneous event sequence,10,invalid,False
3835335_p103_9d11f187,3835335,UEFA Women's Euro,7.73,6.0-8.0 sec,Pass,Pass,England Women's,England Women's,D,Ambiguous timestamp/simultaneous event sequence,6,invalid,False
3835331_p32_88c6baba,3835331,UEFA Women's Euro,5.637,5.0-6.0 sec,Pass,Pass,Switzerland Women's,Switzerland Women's,D,Ambiguous timestamp/simultaneous event sequence,8,ambiguous,False
3835331_p150_b2d85f62,3835331,UEFA Women's Euro,5.714,5.0-6.0 sec,Pass,Pass,Sweden Women's,Sweden Women's,D,Ambiguous timestamp/simultaneous event sequence,6,ambiguous,False
3835331_p183_657c1426,3835331,UEFA Women's Euro,6.06,6.0-8.0 sec,Pressure,Duel,Switzerland Women's,Switzerland Women's,C,Multiple contested events (duels/50-50s) delayed clear possession establishment,7,invalid,False
3835342_p22_9e97d019,3835342,UEFA Women's Euro,6.252,6.0-8.0 sec,Pressure,Interception,Iceland Women's,France Women's,E,Opponent sustained possession with 4+ actions; genuinely unlinked within 5.0s,8,invalid,False
3835342_p124_66f9eda3,3835342,UEFA Women's Euro,5.908,5.0-6.0 sec,Pressure,Block,France Women's,Iceland Women's,E,Opponent sustained possession with 4+ actions; genuinely unlinked within 5.0s,6,ambiguous,False
3835342_p138_14d56457,3835342,UEFA Women's Euro,7.308,6.0-8.0 sec,Interception,Pass,Iceland Women's,Iceland Women's,D,Ambiguous timestamp/simultaneous event sequence,5,invalid,False
3835342_p148_087cbbd1,3835342,UEFA Women's Euro,6.305,6.0-8.0 sec,Duel,Ball Receipt*,France Women's,France Women's,C,Multiple contested events (duels/50-50s) delayed clear possession establishment,6,invalid,False
3835342_p158_cb76d5f4,3835342,UEFA Women's Euro,6.572,6.0-8.0 sec,Interception,Pass,Iceland Women's,Iceland Women's,D,Ambiguous timestamp/simultaneous event sequence,9,invalid,False
3835342_p161_e05522b3,3835342,UEFA Women's Euro,6.107,6.0-8.0 sec,Pressure,Block,France Women's,Iceland Women's,E,Opponent sustained possession with 4+ actions; genuinely unlinked within 5.0s,8,invalid,False
3835330_p17_756f52ca,3835330,UEFA Women's Euro,6.42,6.0-8.0 sec,Interception,Ball Receipt*,Spain Women's,Spain Women's,D,Ambiguous timestamp/simultaneous event sequence,14,invalid,False
3835330_p30_257d236b,3835330,UEFA Women's Euro,6.235,6.0-8.0 sec,Pressure,Clearance,Spain Women's,Spain Women's,B,StatsBomb possession indexing retained pressing team despite brief contestation,3,invalid,False
3835330_p117_7b7b68e2,3835330,UEFA Women's Euro,7.901,6.0-8.0 sec,Pass,Duel,Spain Women's,Spain Women's,C,Multiple contested events (duels/50-50s) delayed clear possession establishment,10,invalid,False
3835330_p131_041e0aed,3835330,UEFA Women's Euro,6.073,6.0-8.0 sec,Duel,Pass,Germany Women's,Germany Women's,C,Multiple contested events (duels/50-50s) delayed clear possession establishment,5,invalid,False
3844384_p27_f4149815,3844384,UEFA Women's Euro,8.0,6.0-8.0 sec,Interception,Ball Receipt*,England Women's,England Women's,D,Ambiguous timestamp/simultaneous event sequence,13,invalid,False
3844384_p32_de17475c,3844384,UEFA Women's Euro,7.393,6.0-8.0 sec,Interception,Ball Receipt*,England Women's,England Women's,D,Ambiguous timestamp/simultaneous event sequence,12,invalid,False
3844384_p39_6d8d5c47,3844384,UEFA Women's Euro,7.649,6.0-8.0 sec,Pressure,Pass,Spain Women's,England Women's,E,Opponent sustained possession with 4+ actions; genuinely unlinked within 5.0s,8,invalid,False
3844384_p43_61e28d3e,3844384,UEFA Women's Euro,5.687,5.0-6.0 sec,Pressure,Ball Receipt*,Spain Women's,England Women's,E,Opponent sustained possession with 4+ actions; genuinely unlinked within 5.0s,7,invalid,False
3844384_p64_4b7f9fdb,3844384,UEFA Women's Euro,5.383,5.0-6.0 sec,Pass,Pass,England Women's,England Women's,D,Ambiguous timestamp/simultaneous event sequence,11,ambiguous,False
3844384_p106_b53a29f3,3844384,UEFA Women's Euro,5.347,5.0-6.0 sec,Pressure,Interception,Spain Women's,England Women's,E,Opponent sustained possession with 4+ actions; genuinely unlinked within 5.0s,7,ambiguous,False
3844384_p112_5e8ea964,3844384,UEFA Women's Euro,5.404,5.0-6.0 sec,Interception,Pass,Spain Women's,Spain Women's,D,Ambiguous timestamp/simultaneous event sequence,6,invalid,False
3844384_p114_6ad81e9a,3844384,UEFA Women's Euro,6.728,6.0-8.0 sec,Duel,Pass,Spain Women's,Spain Women's,C,Multiple contested events (duels/50-50s) delayed clear possession establishment,11,invalid,False
3844384_p129_350b2490,3844384,UEFA Women's Euro,5.675,5.0-6.0 sec,Pressure,Goal Keeper,Spain Women's,Spain Women's,E,Opponent sustained possession with 4+ actions; genuinely unlinked within 5.0s,5,ambiguous,False
3844384_p151_638f6da7,3844384,UEFA Women's Euro,7.727,6.0-8.0 sec,Pass,Ball Receipt*,England Women's,England Women's,D,Ambiguous timestamp/simultaneous event sequence,9,invalid,False
3844384_p161_9e6ae9da,3844384,UEFA Women's Euro,6.3,6.0-8.0 sec,Pressure,Interception,England Women's,Spain Women's,E,Opponent sustained possession with 4+ actions; genuinely unlinked within 5.0s,7,invalid,False
3835321_p22_129506c2,3835321,UEFA Women's Euro,5.896,5.0-6.0 sec,Pressure,Clearance,Spain Women's,WNT Finland,A,Turnover detector linked to earlier action in chain or pass flight boundary,4,ambiguous,False
3835321_p75_953c5edf,3835321,UEFA Women's Euro,6.658,6.0-8.0 sec,Pass,Pass,WNT Finland,WNT Finland,D,Ambiguous timestamp/simultaneous event sequence,12,invalid,False
3835321_p78_42418bd8,3835321,UEFA Women's Euro,6.922,6.0-8.0 sec,Block,Clearance,Spain Women's,Spain Women's,D,Ambiguous timestamp/simultaneous event sequence,8,invalid,False
3835321_p139_80fbf3d2,3835321,UEFA Women's Euro,7.402,6.0-8.0 sec,Interception,Ball Receipt*,WNT Finland,WNT Finland,D,Ambiguous timestamp/simultaneous event sequence,15,invalid,False
3835323_p19_3e70d7db,3835323,UEFA Women's Euro,7.796,6.0-8.0 sec,Pass,Pass,Portugal Women's,Portugal Women's,D,Ambiguous timestamp/simultaneous event sequence,13,invalid,False
3835323_p30_3f8723e3,3835323,UEFA Women's Euro,6.074,6.0-8.0 sec,Interception,Ball Receipt*,Portugal Women's,Portugal Women's,D,Ambiguous timestamp/simultaneous event sequence,7,invalid,False
3835323_p31_6bddafd7,3835323,UEFA Women's Euro,5.726,5.0-6.0 sec,Duel,Ball Receipt*,Switzerland Women's,Switzerland Women's,C,Multiple contested events (duels/50-50s) delayed clear possession establishment,7,invalid,False
3835323_p38_3355bb7f,3835323,UEFA Women's Euro,6.477,6.0-8.0 sec,Pass,Ball Recovery,Portugal Women's,Portugal Women's,D,Ambiguous timestamp/simultaneous event sequence,8,invalid,False
3835323_p43_81231eb5,3835323,UEFA Women's Euro,6.254,6.0-8.0 sec,Pass,Pass,Portugal Women's,Portugal Women's,E,Opponent sustained possession with 4+ actions; genuinely unlinked within 5.0s,10,invalid,False
3835323_p49_d9f93d3f,3835323,UEFA Women's Euro,5.975,5.0-6.0 sec,Pressure,Block,Switzerland Women's,Portugal Women's,E,Opponent sustained possession with 4+ actions; genuinely unlinked within 5.0s,6,ambiguous,False
3835323_p73_52aae65a,3835323,UEFA Women's Euro,7.75,6.0-8.0 sec,Interception,Pass,Switzerland Women's,Switzerland Women's,D,Ambiguous timestamp/simultaneous event sequence,9,invalid,False
3835323_p127_1cc9a160,3835323,UEFA Women's Euro,6.29,6.0-8.0 sec,Pressure,Clearance,Switzerland Women's,Portugal Women's,E,Opponent sustained possession with 4+ actions; genuinely unlinked within 5.0s,7,invalid,False
3835323_p169_f118e0ee,3835323,UEFA Women's Euro,7.194,6.0-8.0 sec,Pressure,Duel,Switzerland Women's,Switzerland Women's,C,Multiple contested events (duels/50-50s) delayed clear possession establishment,6,invalid,False
3835338_p52_dbb70f4f,3835338,UEFA Women's Euro,5.045,5.0-6.0 sec,Pressure,Block,WNT Finland,Germany Women's,E,Opponent sustained possession with 4+ actions; genuinely unlinked within 5.0s,5,ambiguous,False
3835338_p58_1493a0fc,3835338,UEFA Women's Euro,5.307,5.0-6.0 sec,Pressure,Block,Germany Women's,WNT Finland,E,Opponent sustained possession with 4+ actions; genuinely unlinked within 5.0s,7,ambiguous,False
3835338_p65_3c7b307f,3835338,UEFA Women's Euro,7.312,6.0-8.0 sec,Interception,Pass,WNT Finland,WNT Finland,D,Ambiguous timestamp/simultaneous event sequence,9,invalid,False
3835338_p92_132b8245,3835338,UEFA Women's Euro,5.296,5.0-6.0 sec,Duel,Pass,Germany Women's,Germany Women's,C,Multiple contested events (duels/50-50s) delayed clear possession establishment,5,invalid,False
3835338_p136_47a268f2,3835338,UEFA Women's Euro,7.797,6.0-8.0 sec,Pass,Pass,WNT Finland,WNT Finland,D,Ambiguous timestamp/simultaneous event sequence,9,invalid,False
3835338_p151_95e6366a,3835338,UEFA Women's Euro,7.807,6.0-8.0 sec,Interception,Ball Receipt*,Germany Women's,Germany Women's,D,Ambiguous timestamp/simultaneous event sequence,11,invalid,False
3835338_p173_f1f8fe17,3835338,UEFA Women's Euro,7.23,6.0-8.0 sec,Pass,Clearance,WNT Finland,WNT Finland,D,Ambiguous timestamp/simultaneous event sequence,7,invalid,False
3844387_p20_ca05ed40,3844387,UEFA Women's Euro,6.617,6.0-8.0 sec,Interception,Ball Receipt*,Netherlands Women's,Netherlands Women's,D,Ambiguous timestamp/simultaneous event sequence,8,invalid,False
3844387_p123_69d6978c,3844387,UEFA Women's Euro,5.905,5.0-6.0 sec,Pass,Block,France Women's,Netherlands Women's,D,Ambiguous timestamp/simultaneous event sequence,7,ambiguous,False
3844387_p154_4b612d20,3844387,UEFA Women's Euro,7.221,6.0-8.0 sec,Interception,Ball Receipt*,France Women's,France Women's,D,Ambiguous timestamp/simultaneous event sequence,8,invalid,False
3844387_p157_8f901dd2,3844387,UEFA Women's Euro,7.395,6.0-8.0 sec,Duel,Pass,Netherlands Women's,Netherlands Women's,C,Multiple contested events (duels/50-50s) delayed clear possession establishment,8,invalid,False
3844387_p179_c74711f2,3844387,UEFA Women's Euro,7.702,6.0-8.0 sec,Interception,Pass,Netherlands Women's,Netherlands Women's,D,Ambiguous timestamp/simultaneous event sequence,9,invalid,False
3844387_p187_7acb49b1,3844387,UEFA Women's Euro,6.249,6.0-8.0 sec,Interception,Ball Receipt*,France Women's,France Women's,D,Ambiguous timestamp/simultaneous event sequence,8,invalid,False
3844387_p204_79011a26,3844387,UEFA Women's Euro,7.664,6.0-8.0 sec,Pressure,Clearance,Netherlands Women's,France Women's,A,Turnover detector linked to earlier action in chain or pass flight boundary,4,invalid,False
3844387_p215_4d339f34,3844387,UEFA Women's Euro,5.958,5.0-6.0 sec,Interception,Pass,Netherlands Women's,Netherlands Women's,D,Ambiguous timestamp/simultaneous event sequence,6,invalid,False
3844387_p218_5590a34d,3844387,UEFA Women's Euro,6.42,6.0-8.0 sec,Pass,Pass,France Women's,France Women's,D,Ambiguous timestamp/simultaneous event sequence,6,invalid,False
3844387_p237_33f02227,3844387,UEFA Women's Euro,5.594,5.0-6.0 sec,Pressure,Pass,Netherlands Women's,Netherlands Women's,A,Turnover detector linked to earlier action in chain or pass flight boundary,4,invalid,False
3835337_p5_e554ec92,3835337,UEFA Women's Euro,6.398,6.0-8.0 sec,Interception,Pass,Denmark Women's,Denmark Women's,D,Ambiguous timestamp/simultaneous event sequence,9,invalid,False
3835337_p31_4741df43,3835337,UEFA Women's Euro,7.268,6.0-8.0 sec,Pressure,Ball Recovery,Denmark Women's,Denmark Women's,E,Opponent sustained possession with 4+ actions; genuinely unlinked within 5.0s,6,invalid,False
3835337_p50_bcbdc213,3835337,UEFA Women's Euro,6.693,6.0-8.0 sec,Interception,Ball Receipt*,Denmark Women's,Denmark Women's,D,Ambiguous timestamp/simultaneous event sequence,11,invalid,False
3835337_p134_1177a6c9,3835337,UEFA Women's Euro,7.357,6.0-8.0 sec,Duel,Pass,Spain Women's,Spain Women's,C,Multiple contested events (duels/50-50s) delayed clear possession establishment,5,invalid,False
3845507_p42_18253aa4,3845507,UEFA Women's Euro,5.793,5.0-6.0 sec,Pressure,Block,France Women's,Germany Women's,E,Opponent sustained possession with 4+ actions; genuinely unlinked within 5.0s,8,ambiguous,False
3845507_p46_42e9feca,3845507,UEFA Women's Euro,6.431,6.0-8.0 sec,Interception,Ball Receipt*,Germany Women's,Germany Women's,D,Ambiguous timestamp/simultaneous event sequence,8,invalid,False
3845507_p141_89123177,3845507,UEFA Women's Euro,5.84,5.0-6.0 sec,Pressure,Pass,Germany Women's,Germany Women's,A,Turnover detector linked to earlier action in chain or pass flight boundary,4,invalid,False
3845507_p156_c8a95819,3845507,UEFA Women's Euro,5.475,5.0-6.0 sec,Duel,Pass,France Women's,France Women's,C,Multiple contested events (duels/50-50s) delayed clear possession establishment,8,invalid,False
3847567_p4_dff72252,3847567,UEFA Women's Euro,5.974,5.0-6.0 sec,Pressure,Pass,England Women's,England Women's,A,Turnover detector linked to earlier action in chain or pass flight boundary,4,invalid,False
3847567_p25_e6f6e32f,3847567,UEFA Women's Euro,6.135,6.0-8.0 sec,Pressure,Clearance,Germany Women's,Germany Women's,A,Turnover detector linked to earlier action in chain or pass flight boundary,4,invalid,False
3847567_p66_30f9ca7e,3847567,UEFA Women's Euro,7.596,6.0-8.0 sec,Pressure,Block,Germany Women's,Germany Women's,E,Opponent sustained possession with 4+ actions; genuinely unlinked within 5.0s,5,invalid,False
3847567_p73_3684eb7e,3847567,UEFA Women's Euro,7.454,6.0-8.0 sec,Pass,Ball Receipt*,England Women's,England Women's,E,Opponent sustained possession with 4+ actions; genuinely unlinked within 5.0s,6,invalid,False
3847567_p124_27709bb0,3847567,UEFA Women's Euro,7.27,6.0-8.0 sec,Pass,Ball Receipt*,England Women's,England Women's,D,Ambiguous timestamp/simultaneous event sequence,13,invalid,False
3847567_p153_8476e4c1,3847567,UEFA Women's Euro,7.57,6.0-8.0 sec,Pressure,Ball Recovery,Germany Women's,Germany Women's,E,Opponent sustained possession with 4+ actions; genuinely unlinked within 5.0s,6,invalid,False
3847567_p199_95e5d029,3847567,UEFA Women's Euro,6.18,6.0-8.0 sec,Pressure,Pass,England Women's,England Women's,A,Turnover detector linked to earlier action in chain or pass flight boundary,4,invalid,False
3847567_p206_7563da6c,3847567,UEFA Women's Euro,5.328,5.0-6.0 sec,Pass,Pass,England Women's,England Women's,E,Opponent sustained possession with 4+ actions; genuinely unlinked within 5.0s,10,invalid,False
3835329_p4_e3704b3e,3835329,UEFA Women's Euro,6.017,6.0-8.0 sec,Interception,Ball Recovery,Denmark Women's,Denmark Women's,D,Ambiguous timestamp/simultaneous event sequence,10,invalid,False
3835329_p19_15ada551,3835329,UEFA Women's Euro,7.131,6.0-8.0 sec,Pass,Pass,Denmark Women's,Denmark Women's,D,Ambiguous timestamp/simultaneous event sequence,9,invalid,False
3835329_p23_66e094f4,3835329,UEFA Women's Euro,7.022,6.0-8.0 sec,Pass,Pass,Denmark Women's,Denmark Women's,D,Ambiguous timestamp/simultaneous event sequence,8,invalid,False
3835329_p51_d27e49b2,3835329,UEFA Women's Euro,7.883,6.0-8.0 sec,Pass,Pass,WNT Finland,WNT Finland,D,Ambiguous timestamp/simultaneous event sequence,9,invalid,False
3835329_p65_1dad3d86,3835329,UEFA Women's Euro,6.402,6.0-8.0 sec,Interception,Ball Receipt*,Denmark Women's,Denmark Women's,D,Ambiguous timestamp/simultaneous event sequence,8,invalid,False
3835329_p110_bc9178bf,3835329,UEFA Women's Euro,6.754,6.0-8.0 sec,Pressure,Block,Denmark Women's,WNT Finland,E,Opponent sustained possession with 4+ actions; genuinely unlinked within 5.0s,7,invalid,False
3835329_p116_189d9a07,3835329,UEFA Women's Euro,5.639,5.0-6.0 sec,Pressure,Block,WNT Finland,Denmark Women's,E,Opponent sustained possession with 4+ actions; genuinely unlinked within 5.0s,5,ambiguous,False
3835329_p131_09042fae,3835329,UEFA Women's Euro,6.272,6.0-8.0 sec,Interception,Goal Keeper,WNT Finland,Denmark Women's,D,Ambiguous timestamp/simultaneous event sequence,5,invalid,False
3835329_p147_6d8a2d80,3835329,UEFA Women's Euro,6.89,6.0-8.0 sec,Interception,Ball Receipt*,Denmark Women's,Denmark Women's,D,Ambiguous timestamp/simultaneous event sequence,10,invalid,False
3835329_p176_5d959bf4,3835329,UEFA Women's Euro,7.616,6.0-8.0 sec,Pressure,Pass,Denmark Women's,Denmark Women's,E,Opponent sustained possession with 4+ actions; genuinely unlinked within 5.0s,9,invalid,False
3835322_p20_c6bb2c30,3835322,UEFA Women's Euro,6.16,6.0-8.0 sec,Duel,Pass,Denmark Women's,Denmark Women's,C,Multiple contested events (duels/50-50s) delayed clear possession establishment,8,invalid,False
3835322_p44_f2369784,3835322,UEFA Women's Euro,6.877,6.0-8.0 sec,Pass,Ball Receipt*,Denmark Women's,Denmark Women's,D,Ambiguous timestamp/simultaneous event sequence,12,invalid,False
3835322_p75_2c3ceda4,3835322,UEFA Women's Euro,5.798,5.0-6.0 sec,Pass,Pass,Denmark Women's,Denmark Women's,D,Ambiguous timestamp/simultaneous event sequence,6,invalid,False
3835322_p118_1a85db13,3835322,UEFA Women's Euro,5.959,5.0-6.0 sec,Pressure,Interception,Denmark Women's,Germany Women's,E,Opponent sustained possession with 4+ actions; genuinely unlinked within 5.0s,9,ambiguous,False
3835322_p139_2d9bc56b,3835322,UEFA Women's Euro,5.593,5.0-6.0 sec,Pressure,Block,Denmark Women's,Germany Women's,E,Opponent sustained possession with 4+ actions; genuinely unlinked within 5.0s,8,invalid,False
3835322_p159_ab6e7522,3835322,UEFA Women's Euro,7.524,6.0-8.0 sec,Interception,Pass,Denmark Women's,Denmark Women's,D,Ambiguous timestamp/simultaneous event sequence,12,invalid,False
3835322_p197_2c21bc7e,3835322,UEFA Women's Euro,7.215,6.0-8.0 sec,Foul Committed,Clearance,Denmark Women's,Denmark Women's,E,Opponent sustained possession with 4+ actions; genuinely unlinked within 5.0s,6,invalid,False
3835332_p36_ffa1eee4,3835332,UEFA Women's Euro,7.565,6.0-8.0 sec,Pass,Pass,Netherlands Women's,Netherlands Women's,E,Opponent sustained possession with 4+ actions; genuinely unlinked within 5.0s,8,invalid,False
3835332_p69_59a08ccb,3835332,UEFA Women's Euro,6.505,6.0-8.0 sec,Interception,Ball Receipt*,Portugal Women's,Portugal Women's,D,Ambiguous timestamp/simultaneous event sequence,10,invalid,False
3835332_p72_a87cbebf,3835332,UEFA Women's Euro,6.917,6.0-8.0 sec,Pass,Pass,Portugal Women's,Portugal Women's,D,Ambiguous timestamp/simultaneous event sequence,9,invalid,False
3835332_p152_a8508b4b,3835332,UEFA Women's Euro,6.473,6.0-8.0 sec,Pass,Pass,Portugal Women's,Portugal Women's,D,Ambiguous timestamp/simultaneous event sequence,6,invalid,False
3835341_p4_065b2d93,3835341,UEFA Women's Euro,6.323,6.0-8.0 sec,Interception,Pass,Italy Women's,Italy Women's,D,Ambiguous timestamp/simultaneous event sequence,9,invalid,False
3835341_p16_cb967edc,3835341,UEFA Women's Euro,5.518,5.0-6.0 sec,Interception,Pass,Belgium Women's,Belgium Women's,D,Ambiguous timestamp/simultaneous event sequence,9,invalid,False
3835341_p23_5e1977c5,3835341,UEFA Women's Euro,6.931,6.0-8.0 sec,Pass,Ball Receipt*,Italy Women's,Italy Women's,D,Ambiguous timestamp/simultaneous event sequence,8,invalid,False
3835341_p56_1aa241c2,3835341,UEFA Women's Euro,7.752,6.0-8.0 sec,Interception,Ball Receipt*,Italy Women's,Italy Women's,D,Ambiguous timestamp/simultaneous event sequence,8,invalid,False
3835341_p68_2f0f4f16,3835341,UEFA Women's Euro,7.314,6.0-8.0 sec,Interception,Pass,Italy Women's,Italy Women's,D,Ambiguous timestamp/simultaneous event sequence,9,invalid,False
3835341_p113_be23dbf0,3835341,UEFA Women's Euro,5.204,5.0-6.0 sec,Pass,Ball Recovery,Belgium Women's,Belgium Women's,D,Ambiguous timestamp/simultaneous event sequence,9,ambiguous,False
3835341_p120_53da07a9,3835341,UEFA Women's Euro,5.102,5.0-6.0 sec,Duel,Pass,Italy Women's,Belgium Women's,C,Multiple contested events (duels/50-50s) delayed clear possession establishment,5,invalid,False
3835341_p125_550e8fd7,3835341,UEFA Women's Euro,5.523,5.0-6.0 sec,Interception,Ball Receipt*,Italy Women's,Belgium Women's,D,Ambiguous timestamp/simultaneous event sequence,8,invalid,False
3835341_p131_13b9732b,3835341,UEFA Women's Euro,6.883,6.0-8.0 sec,Interception,Ball Receipt*,Italy Women's,Italy Women's,D,Ambiguous timestamp/simultaneous event sequence,11,invalid,False
3835341_p134_e159b778,3835341,UEFA Women's Euro,6.127,6.0-8.0 sec,Interception,Block,Belgium Women's,Italy Women's,D,Ambiguous timestamp/simultaneous event sequence,8,invalid,False
3835341_p141_9c488b01,3835341,UEFA Women's Euro,6.463,6.0-8.0 sec,Interception,Pass,Belgium Women's,Belgium Women's,D,Ambiguous timestamp/simultaneous event sequence,10,invalid,False
3835341_p142_b9886f0d,3835341,UEFA Women's Euro,5.975,5.0-6.0 sec,Pressure,Clearance,Italy Women's,Italy Women's,A,Turnover detector linked to earlier action in chain or pass flight boundary,4,ambiguous,False
3835341_p166_74afea5b,3835341,UEFA Women's Euro,6.349,6.0-8.0 sec,Interception,Duel,Italy Women's,Italy Women's,C,Multiple contested events (duels/50-50s) delayed clear possession establishment,8,invalid,False
3835341_p175_9277fc4f,3835341,UEFA Women's Euro,7.362,6.0-8.0 sec,Block,Ball Receipt*,Italy Women's,Belgium Women's,D,Ambiguous timestamp/simultaneous event sequence,7,invalid,False
3835328_p63_08a84668,3835328,UEFA Women's Euro,7.812,6.0-8.0 sec,Duel,Pass,Austria Women's,Austria Women's,C,Multiple contested events (duels/50-50s) delayed clear possession establishment,8,invalid,False
3835328_p77_c9a80c3a,3835328,UEFA Women's Euro,5.502,5.0-6.0 sec,Pressure,Duel,Northern Ireland W,Austria Women's,C,Multiple contested events (duels/50-50s) delayed clear possession establishment,4,ambiguous,False
3835328_p131_afc0e80b,3835328,UEFA Women's Euro,5.793,5.0-6.0 sec,Pressure,Interception,Northern Ireland W,Northern Ireland W,E,Opponent sustained possession with 4+ actions; genuinely unlinked within 5.0s,6,ambiguous,False
3835328_p132_40c27016,3835328,UEFA Women's Euro,5.416,5.0-6.0 sec,Pressure,Block,Northern Ireland W,Austria Women's,E,Opponent sustained possession with 4+ actions; genuinely unlinked within 5.0s,7,ambiguous,False
3835328_p147_b4c8f39c,3835328,UEFA Women's Euro,5.184,5.0-6.0 sec,Pressure,Clearance,Austria Women's,Northern Ireland W,E,Opponent sustained possession with 4+ actions; genuinely unlinked within 5.0s,7,ambiguous,False
3835328_p151_0121f33f,3835328,UEFA Women's Euro,7.899,6.0-8.0 sec,Duel,Goal Keeper,Austria Women's,Austria Women's,C,Multiple contested events (duels/50-50s) delayed clear possession establishment,8,invalid,False
3835340_p39_d399f6f2,3835340,UEFA Women's Euro,6.102,6.0-8.0 sec,Interception,Pass,Portugal Women's,Portugal Women's,D,Ambiguous timestamp/simultaneous event sequence,8,invalid,False
3835340_p121_2f684065,3835340,UEFA Women's Euro,5.916,5.0-6.0 sec,Pressure,Interception,Sweden Women's,Sweden Women's,E,Opponent sustained possession with 4+ actions; genuinely unlinked within 5.0s,5,ambiguous,False
3835340_p150_1bab1c50,3835340,UEFA Women's Euro,5.359,5.0-6.0 sec,Interception,Ball Recovery,Sweden Women's,Sweden Women's,D,Ambiguous timestamp/simultaneous event sequence,8,ambiguous,False
3835319_p26_0ce8d1b6,3835319,UEFA Women's Euro,7.828,6.0-8.0 sec,Pass,Pass,Austria Women's,Austria Women's,D,Ambiguous timestamp/simultaneous event sequence,9,invalid,False
3835319_p49_9ad3c4e2,3835319,UEFA Women's Euro,7.727,6.0-8.0 sec,Interception,Ball Receipt*,England Women's,England Women's,D,Ambiguous timestamp/simultaneous event sequence,11,invalid,False
3835319_p61_4841c8dd,3835319,UEFA Women's Euro,5.259,5.0-6.0 sec,Interception,Pass,Austria Women's,Austria Women's,D,Ambiguous timestamp/simultaneous event sequence,6,invalid,False
3835319_p62_e9245ab0,3835319,UEFA Women's Euro,7.506,6.0-8.0 sec,Pass,Pass,England Women's,England Women's,E,Opponent sustained possession with 4+ actions; genuinely unlinked within 5.0s,8,invalid,False
3835319_p159_47ee9b69,3835319,UEFA Women's Euro,6.97,6.0-8.0 sec,Block,Clearance,Austria Women's,England Women's,E,Opponent sustained possession with 4+ actions; genuinely unlinked within 5.0s,6,invalid,False
3835319_p173_679cf46d,3835319,UEFA Women's Euro,6.829,6.0-8.0 sec,Pressure,Interception,Austria Women's,England Women's,E,Opponent sustained possession with 4+ actions; genuinely unlinked within 5.0s,5,invalid,False
3893825_p17_02a41b3b,3893825,Women's World Cup,6.095,6.0-8.0 sec,Pressure,Ball Recovery,Denmark Women's,Haiti Women's,E,Opponent sustained possession with 4+ actions; genuinely unlinked within 5.0s,5,invalid,False
3893825_p49_72cac19c,3893825,Women's World Cup,5.61,5.0-6.0 sec,Interception,Pass,Haiti Women's,Haiti Women's,D,Ambiguous timestamp/simultaneous event sequence,6,invalid,False
3893825_p54_4f6f55aa,3893825,Women's World Cup,6.465,6.0-8.0 sec,Interception,Pass,Haiti Women's,Haiti Women's,D,Ambiguous timestamp/simultaneous event sequence,5,invalid,False
3893825_p72_a4d37e36,3893825,Women's World Cup,6.385,6.0-8.0 sec,Duel,Pass,Haiti Women's,Haiti Women's,C,Multiple contested events (duels/50-50s) delayed clear possession establishment,8,invalid,False
3893825_p146_190826d1,3893825,Women's World Cup,5.884,5.0-6.0 sec,Block,Block,Haiti Women's,Haiti Women's,D,Ambiguous timestamp/simultaneous event sequence,9,ambiguous,False
3893825_p177_1a40b49d,3893825,Women's World Cup,6.232,6.0-8.0 sec,Pressure,Pass,Haiti Women's,Haiti Women's,E,Opponent sustained possession with 4+ actions; genuinely unlinked within 5.0s,5,invalid,False
3893805_p3_bac90420,3893805,Women's World Cup,7.68,6.0-8.0 sec,Duel,Pass,Costa Rica Women's,Costa Rica Women's,C,Multiple contested events (duels/50-50s) delayed clear possession establishment,8,invalid,False
3893805_p41_70eac9be,3893805,Women's World Cup,6.79,6.0-8.0 sec,Pass,Pass,Japan Women's,Japan Women's,D,Ambiguous timestamp/simultaneous event sequence,9,invalid,False
3893805_p73_e7390fa2,3893805,Women's World Cup,6.724,6.0-8.0 sec,Pass,Ball Receipt*,Japan Women's,Japan Women's,D,Ambiguous timestamp/simultaneous event sequence,11,invalid,False
3893805_p78_a611951e,3893805,Women's World Cup,7.438,6.0-8.0 sec,Interception,Pass,Japan Women's,Japan Women's,D,Ambiguous timestamp/simultaneous event sequence,9,invalid,False
3893805_p97_d2dc4b92,3893805,Women's World Cup,5.994,5.0-6.0 sec,Pressure,Ball Recovery,Costa Rica Women's,Costa Rica Women's,E,Opponent sustained possession with 4+ actions; genuinely unlinked within 5.0s,6,ambiguous,False
3893805_p168_0d53603a,3893805,Women's World Cup,5.605,5.0-6.0 sec,Pressure,Goal Keeper,Costa Rica Women's,Costa Rica Women's,E,Opponent sustained possession with 4+ actions; genuinely unlinked within 5.0s,7,ambiguous,False
3893805_p169_4b7b4d58,3893805,Women's World Cup,5.012,5.0-6.0 sec,Pressure,Clearance,Japan Women's,Japan Women's,A,Turnover detector linked to earlier action in chain or pass flight boundary,4,ambiguous,False
3893805_p187_5a2dc4ed,3893805,Women's World Cup,7.379,6.0-8.0 sec,Interception,Ball Receipt*,Costa Rica Women's,Costa Rica Women's,D,Ambiguous timestamp/simultaneous event sequence,8,invalid,False
3893798_p94_083846ee,3893798,Women's World Cup,6.927,6.0-8.0 sec,Pressure,Clearance,Jamaica Women's,France Women's,A,Turnover detector linked to earlier action in chain or pass flight boundary,4,invalid,False
3893798_p103_50e7729b,3893798,Women's World Cup,5.163,5.0-6.0 sec,Pass,Pass,Jamaica Women's,Jamaica Women's,D,Ambiguous timestamp/simultaneous event sequence,6,ambiguous,False
3893798_p110_2a07ebf6,3893798,Women's World Cup,7.662,6.0-8.0 sec,Interception,Ball Receipt*,Jamaica Women's,Jamaica Women's,D,Ambiguous timestamp/simultaneous event sequence,8,invalid,False
3893798_p142_4f5ad8ee,3893798,Women's World Cup,6.66,6.0-8.0 sec,Pressure,Block,Jamaica Women's,France Women's,E,Opponent sustained possession with 4+ actions; genuinely unlinked within 5.0s,8,invalid,False
3893808_p44_700e3187,3893808,Women's World Cup,5.398,5.0-6.0 sec,Interception,Pass,Netherlands Women's,Netherlands Women's,D,Ambiguous timestamp/simultaneous event sequence,6,ambiguous,False
3893808_p137_1672e871,3893808,Women's World Cup,5.643,5.0-6.0 sec,Pressure,Interception,Netherlands Women's,United States Women's,E,Opponent sustained possession with 4+ actions; genuinely unlinked within 5.0s,8,ambiguous,False
3893795_p57_52471941,3893795,Women's World Cup,6.045,6.0-8.0 sec,Pressure,Block,China PR Women's,Denmark Women's,E,Opponent sustained possession with 4+ actions; genuinely unlinked within 5.0s,8,invalid,False
3893795_p122_8d11ca97,3893795,Women's World Cup,6.864,6.0-8.0 sec,Pressure,Ball Recovery,Denmark Women's,Denmark Women's,A,Turnover detector linked to earlier action in chain or pass flight boundary,4,invalid,False
3893795_p159_b086152c,3893795,Women's World Cup,7.08,6.0-8.0 sec,Pass,Pass,China PR Women's,China PR Women's,D,Ambiguous timestamp/simultaneous event sequence,11,invalid,False
3893795_p189_bfd977bf,3893795,Women's World Cup,5.474,5.0-6.0 sec,Block,Block,Denmark Women's,Denmark Women's,D,Ambiguous timestamp/simultaneous event sequence,9,ambiguous,False
3893818_p79_bfa75280,3893818,Women's World Cup,6.992,6.0-8.0 sec,Duel,Ball Receipt*,Germany Women's,Germany Women's,C,Multiple contested events (duels/50-50s) delayed clear possession establishment,10,invalid,False
3893818_p96_bdb4b28d,3893818,Women's World Cup,5.074,5.0-6.0 sec,Pressure,Pressure,Germany Women's,Germany Women's,E,Opponent sustained possession with 4+ actions; genuinely unlinked within 5.0s,7,ambiguous,False
3893818_p143_cbc916f9,3893818,Women's World Cup,5.763,5.0-6.0 sec,Interception,Pass,Germany Women's,Germany Women's,D,Ambiguous timestamp/simultaneous event sequence,6,invalid,False
3893818_p148_5f14c9e2,3893818,Women's World Cup,5.265,5.0-6.0 sec,Pressure,Block,Germany Women's,Colombia Women's,E,Opponent sustained possession with 4+ actions; genuinely unlinked within 5.0s,8,ambiguous,False
3901734_p34_b34b51c5,3901734,Women's World Cup,7.289,6.0-8.0 sec,Pass,Ball Receipt*,Norway Women's,Norway Women's,D,Ambiguous timestamp/simultaneous event sequence,8,invalid,False
3901734_p55_5f48dd10,3901734,Women's World Cup,7.524,6.0-8.0 sec,Pass,Ball Receipt*,Norway Women's,Norway Women's,D,Ambiguous timestamp/simultaneous event sequence,12,invalid,False
3901734_p120_3be28f40,3901734,Women's World Cup,7.505,6.0-8.0 sec,Interception,Pass,Japan Women's,Japan Women's,D,Ambiguous timestamp/simultaneous event sequence,11,invalid,False
3901734_p121_34bc0d73,3901734,Women's World Cup,7.172,6.0-8.0 sec,Interception,Pass,Norway Women's,Norway Women's,D,Ambiguous timestamp/simultaneous event sequence,11,invalid,False
3901734_p129_4fbfca93,3901734,Women's World Cup,7.552,6.0-8.0 sec,Foul Committed,Goal Keeper,Norway Women's,Japan Women's,A,Turnover detector linked to earlier action in chain or pass flight boundary,4,invalid,False
3901734_p147_9651b1bb,3901734,Women's World Cup,5.365,5.0-6.0 sec,Duel,Block,Japan Women's,Norway Women's,C,Multiple contested events (duels/50-50s) delayed clear possession establishment,7,ambiguous,False
3901734_p150_a2789281,3901734,Women's World Cup,5.822,5.0-6.0 sec,Interception,Pass,Japan Women's,Japan Women's,D,Ambiguous timestamp/simultaneous event sequence,6,invalid,False
3893829_p107_97d57479,3893829,Women's World Cup,7.451,6.0-8.0 sec,Pass,Pass,Panama Women's,Panama Women's,D,Ambiguous timestamp/simultaneous event sequence,9,invalid,False
3893829_p144_0bf6ff90,3893829,Women's World Cup,5.186,5.0-6.0 sec,Pressure,Duel,Panama Women's,France Women's,C,Multiple contested events (duels/50-50s) delayed clear possession establishment,9,ambiguous,False
3893829_p158_b0645059,3893829,Women's World Cup,5.979,5.0-6.0 sec,Pass,Pass,Panama Women's,Panama Women's,E,Opponent sustained possession with 4+ actions; genuinely unlinked within 5.0s,6,invalid,False
3893834_p48_0b0e99d6,3893834,Women's World Cup,7.437,6.0-8.0 sec,Pass,Ball Receipt*,Morocco Women's,Morocco Women's,D,Ambiguous timestamp/simultaneous event sequence,8,invalid,False
3893834_p129_a0477fe6,3893834,Women's World Cup,7.203,6.0-8.0 sec,Interception,Interception,Morocco Women's,Morocco Women's,D,Ambiguous timestamp/simultaneous event sequence,9,invalid,False
3893834_p148_5ea6dec2,3893834,Women's World Cup,6.967,6.0-8.0 sec,Duel,Pass,Colombia Women's,Colombia Women's,C,Multiple contested events (duels/50-50s) delayed clear possession establishment,8,invalid,False
3893834_p175_ed1f0115,3893834,Women's World Cup,7.082,6.0-8.0 sec,Interception,Clearance,Colombia Women's,Colombia Women's,D,Ambiguous timestamp/simultaneous event sequence,7,invalid,False
3893834_p186_ae5547c1,3893834,Women's World Cup,7.2,6.0-8.0 sec,Pressure,Goal Keeper,Morocco Women's,Colombia Women's,A,Turnover detector linked to earlier action in chain or pass flight boundary,3,invalid,False
3893834_p197_3e08afa2,3893834,Women's World Cup,5.079,5.0-6.0 sec,Interception,Duel,Colombia Women's,Colombia Women's,C,Multiple contested events (duels/50-50s) delayed clear possession establishment,10,ambiguous,False
3893802_p9_5d9beb0d,3893802,Women's World Cup,6.322,6.0-8.0 sec,Interception,Ball Receipt*,Korea Republic Women's,Korea Republic Women's,D,Ambiguous timestamp/simultaneous event sequence,11,invalid,False
3893802_p113_20d2eaeb,3893802,Women's World Cup,5.54,5.0-6.0 sec,Pressure,Pass,Korea Republic Women's,Korea Republic Women's,B,StatsBomb possession indexing retained pressing team despite brief contestation,2,ambiguous,False
3893802_p179_86a219d8,3893802,Women's World Cup,6.308,6.0-8.0 sec,Pressure,Goal Keeper,Colombia Women's,Colombia Women's,B,StatsBomb possession indexing retained pressing team despite brief contestation,3,invalid,False
3835333_p16_67309522,3835333,UEFA Women's Euro,5.766,5.0-6.0 sec,Pass,Pass,Belgium Women's,Belgium Women's,D,Ambiguous timestamp/simultaneous event sequence,7,invalid,False
3835333_p49_520fdb2d,3835333,UEFA Women's Euro,5.975,5.0-6.0 sec,Pressure,Block,France Women's,Belgium Women's,E,Opponent sustained possession with 4+ actions; genuinely unlinked within 5.0s,8,ambiguous,False
3835333_p121_4c7d9e3c,3835333,UEFA Women's Euro,5.806,5.0-6.0 sec,Interception,Ball Receipt*,France Women's,France Women's,D,Ambiguous timestamp/simultaneous event sequence,8,invalid,False
3835333_p122_af7d9d54,3835333,UEFA Women's Euro,7.222,6.0-8.0 sec,Pass,Pass,Belgium Women's,Belgium Women's,D,Ambiguous timestamp/simultaneous event sequence,6,invalid,False
3835333_p124_2a6ed931,3835333,UEFA Women's Euro,7.294,6.0-8.0 sec,Duel,Duel,France Women's,France Women's,C,Multiple contested events (duels/50-50s) delayed clear possession establishment,8,invalid,False
3835333_p128_ccafdaa0,3835333,UEFA Women's Euro,5.24,5.0-6.0 sec,Block,Block,France Women's,Belgium Women's,D,Ambiguous timestamp/simultaneous event sequence,9,ambiguous,False
3835333_p133_c05608a1,3835333,UEFA Women's Euro,7.371,6.0-8.0 sec,Pass,Pass,France Women's,France Women's,D,Ambiguous timestamp/simultaneous event sequence,8,invalid,False
3835333_p150_0765dd96,3835333,UEFA Women's Euro,5.199,5.0-6.0 sec,Pressure,Clearance,France Women's,Belgium Women's,E,Opponent sustained possession with 4+ actions; genuinely unlinked within 5.0s,5,ambiguous,False
3835333_p175_7ec58216,3835333,UEFA Women's Euro,5.705,5.0-6.0 sec,Pressure,Block,Belgium Women's,France Women's,E,Opponent sustained possession with 4+ actions; genuinely unlinked within 5.0s,7,ambiguous,False
3835333_p179_47b88f72,3835333,UEFA Women's Euro,6.778,6.0-8.0 sec,Duel,Ball Receipt*,Belgium Women's,Belgium Women's,C,Multiple contested events (duels/50-50s) delayed clear possession establishment,7,invalid,False
3893800_p115_f6130fb6,3893800,Women's World Cup,5.701,5.0-6.0 sec,Interception,Ball Recovery,Argentina Women's,Argentina Women's,D,Ambiguous timestamp/simultaneous event sequence,8,ambiguous,False
3893815_p18_096da6e1,3893815,Women's World Cup,5.665,5.0-6.0 sec,Pressure,Interception,Brazil Women's,France Women's,E,Opponent sustained possession with 4+ actions; genuinely unlinked within 5.0s,8,ambiguous,False
3893815_p156_37ef0861,3893815,Women's World Cup,7.467,6.0-8.0 sec,Interception,Ball Receipt*,Brazil Women's,Brazil Women's,D,Ambiguous timestamp/simultaneous event sequence,11,invalid,False
3893799_p20_4ec059bd,3893799,Women's World Cup,5.005,5.0-6.0 sec,Pressure,Block,Germany Women's,Germany Women's,E,Opponent sustained possession with 4+ actions; genuinely unlinked within 5.0s,6,ambiguous,False
3893799_p35_089711a5,3893799,Women's World Cup,6.791,6.0-8.0 sec,Interception,Pass,Morocco Women's,Morocco Women's,D,Ambiguous timestamp/simultaneous event sequence,9,invalid,False
3893799_p38_bea6c5a3,3893799,Women's World Cup,5.534,5.0-6.0 sec,Interception,Interception,Germany Women's,Morocco Women's,D,Ambiguous timestamp/simultaneous event sequence,6,ambiguous,False
3893799_p129_c8503233,3893799,Women's World Cup,6.082,6.0-8.0 sec,Pressure,Ball Recovery,Germany Women's,Germany Women's,E,Opponent sustained possession with 4+ actions; genuinely unlinked within 5.0s,6,invalid,False
3893824_p29_9d4e5992,3893824,Women's World Cup,7.979,6.0-8.0 sec,Interception,Ball Receipt*,Nigeria Women's,Nigeria Women's,D,Ambiguous timestamp/simultaneous event sequence,8,invalid,False
3893824_p82_e23aefee,3893824,Women's World Cup,7.414,6.0-8.0 sec,Duel,Pass,Republic of Ireland Women's,Republic of Ireland Women's,C,Multiple contested events (duels/50-50s) delayed clear possession establishment,8,invalid,False
3893824_p122_a33c0901,3893824,Women's World Cup,5.044,5.0-6.0 sec,Pressure,Interception,Nigeria Women's,Nigeria Women's,E,Opponent sustained possession with 4+ actions; genuinely unlinked within 5.0s,6,ambiguous,False
3893824_p124_5280c61b,3893824,Women's World Cup,6.509,6.0-8.0 sec,Interception,Pass,Nigeria Women's,Nigeria Women's,D,Ambiguous timestamp/simultaneous event sequence,6,invalid,False
3893819_p19_afe92961,3893819,Women's World Cup,6.528,6.0-8.0 sec,Pressure,Duel,Korea Republic Women's,Korea Republic Women's,C,Multiple contested events (duels/50-50s) delayed clear possession establishment,6,invalid,False
3893819_p58_5e3e916e,3893819,Women's World Cup,7.189,6.0-8.0 sec,Interception,Pass,Morocco Women's,Morocco Women's,E,Opponent sustained possession with 4+ actions; genuinely unlinked within 5.0s,11,invalid,False
3893819_p90_9a79a82b,3893819,Women's World Cup,5.45,5.0-6.0 sec,Pressure,Clearance,Korea Republic Women's,Morocco Women's,E,Opponent sustained possession with 4+ actions; genuinely unlinked within 5.0s,7,ambiguous,False
3893819_p106_38a9ae79,3893819,Women's World Cup,6.239,6.0-8.0 sec,Pressure,Ball Recovery,Korea Republic Women's,Korea Republic Women's,E,Opponent sustained possession with 4+ actions; genuinely unlinked within 5.0s,6,invalid,False
3893819_p174_5b4a8d87,3893819,Women's World Cup,6.415,6.0-8.0 sec,Pressure,Clearance,Morocco Women's,Korea Republic Women's,E,Opponent sustained possession with 4+ actions; genuinely unlinked within 5.0s,7,invalid,False
3902968_p26_aa787b5a,3902968,Women's World Cup,7.007,6.0-8.0 sec,Pressure,Block,France Women's,Australia Women's,E,Opponent sustained possession with 4+ actions; genuinely unlinked within 5.0s,5,invalid,False
3902968_p237_74cfebb2,3902968,Women's World Cup,5.892,5.0-6.0 sec,Pressure,Ball Recovery,Australia Women's,Australia Women's,E,Opponent sustained possession with 4+ actions; genuinely unlinked within 5.0s,6,ambiguous,False
3901736_p62_80fade92,3901736,Women's World Cup,7.205,6.0-8.0 sec,Pass,Pass,Australia Women's,Australia Women's,D,Ambiguous timestamp/simultaneous event sequence,9,invalid,False
3901736_p78_85a77f49,3901736,Women's World Cup,5.358,5.0-6.0 sec,Pass,Pass,Australia Women's,Australia Women's,C,Multiple contested events (duels/50-50s) delayed clear possession establishment,7,invalid,False
3901736_p109_c7adb8cf,3901736,Women's World Cup,7.361,6.0-8.0 sec,Duel,Pass,Australia Women's,Australia Women's,C,Multiple contested events (duels/50-50s) delayed clear possession establishment,10,invalid,False
3901736_p116_994622bd,3901736,Women's World Cup,7.873,6.0-8.0 sec,Pass,Pass,Australia Women's,Australia Women's,C,Multiple contested events (duels/50-50s) delayed clear possession establishment,12,invalid,False
3901736_p164_6cccbbb0,3901736,Women's World Cup,7.359,6.0-8.0 sec,Duel,Pass,Denmark Women's,Denmark Women's,C,Multiple contested events (duels/50-50s) delayed clear possession establishment,5,invalid,False
3893831_p60_34f6a5c4,3893831,Women's World Cup,7.56,6.0-8.0 sec,Pressure,Ball Receipt*,South Africa Women's,South Africa Women's,E,Opponent sustained possession with 4+ actions; genuinely unlinked within 5.0s,6,invalid,False
3893830_p60_b125f8a5,3893830,Women's World Cup,7.552,6.0-8.0 sec,Duel,Pass,Sweden Women's,Sweden Women's,C,Multiple contested events (duels/50-50s) delayed clear possession establishment,8,invalid,False
3893830_p67_e067607d,3893830,Women's World Cup,5.363,5.0-6.0 sec,Pressure,Clearance,Argentina Women's,Argentina Women's,A,Turnover detector linked to earlier action in chain or pass flight boundary,4,ambiguous,False
3893830_p160_97901c64,3893830,Women's World Cup,5.306,5.0-6.0 sec,Pressure,Interception,Sweden Women's,Argentina Women's,E,Opponent sustained possession with 4+ actions; genuinely unlinked within 5.0s,7,ambiguous,False
3893830_p162_273661fc,3893830,Women's World Cup,5.959,5.0-6.0 sec,Pressure,50/50,Argentina Women's,Sweden Women's,C,Multiple contested events (duels/50-50s) delayed clear possession establishment,7,ambiguous,False
3893830_p178_fe18ff59,3893830,Women's World Cup,5.831,5.0-6.0 sec,Interception,Pass,Sweden Women's,Sweden Women's,D,Ambiguous timestamp/simultaneous event sequence,6,ambiguous,False
3893830_p196_ef28a985,3893830,Women's World Cup,5.737,5.0-6.0 sec,Interception,Pass,Argentina Women's,Argentina Women's,D,Ambiguous timestamp/simultaneous event sequence,6,invalid,False
3893833_p85_5bbb4da6,3893833,Women's World Cup,6.498,6.0-8.0 sec,Pressure,Clearance,Korea Republic Women's,Germany Women's,E,Opponent sustained possession with 4+ actions; genuinely unlinked within 5.0s,10,invalid,False
3893833_p92_241989ac,3893833,Women's World Cup,5.076,5.0-6.0 sec,Pressure,Pass,Korea Republic Women's,Korea Republic Women's,B,StatsBomb possession indexing retained pressing team despite brief contestation,2,ambiguous,False
3893833_p143_9e0daaa3,3893833,Women's World Cup,5.059,5.0-6.0 sec,Pressure,Pass,Korea Republic Women's,Korea Republic Women's,A,Turnover detector linked to earlier action in chain or pass flight boundary,4,ambiguous,False
3893833_p158_20849f7c,3893833,Women's World Cup,6.102,6.0-8.0 sec,Interception,Pass,Germany Women's,Germany Women's,D,Ambiguous timestamp/simultaneous event sequence,8,invalid,False
3893793_p34_dac1a324,3893793,Women's World Cup,7.87,6.0-8.0 sec,Interception,Ball Receipt*,Zambia W,Zambia W,D,Ambiguous timestamp/simultaneous event sequence,8,invalid,False
3893793_p74_14d19334,3893793,Women's World Cup,5.093,5.0-6.0 sec,Pressure,Interception,Zambia W,Japan Women's,E,Opponent sustained possession with 4+ actions; genuinely unlinked within 5.0s,5,ambiguous,False
3893793_p100_e69c32df,3893793,Women's World Cup,5.607,5.0-6.0 sec,Pressure,Interception,Zambia W,Japan Women's,E,Opponent sustained possession with 4+ actions; genuinely unlinked within 5.0s,7,ambiguous,False
3893793_p102_56d772bf,3893793,Women's World Cup,5.754,5.0-6.0 sec,Pressure,Ball Recovery,Zambia W,Zambia W,E,Opponent sustained possession with 4+ actions; genuinely unlinked within 5.0s,6,ambiguous,False
3893793_p127_f07ce120,3893793,Women's World Cup,6.121,6.0-8.0 sec,Pressure,Ball Recovery,Zambia W,Zambia W,E,Opponent sustained possession with 4+ actions; genuinely unlinked within 5.0s,6,invalid,False
3893793_p186_c142f844,3893793,Women's World Cup,6.044,6.0-8.0 sec,Interception,Pass,Zambia W,Zambia W,D,Ambiguous timestamp/simultaneous event sequence,9,invalid,False
3893827_p81_01c7d4b5,3893827,Women's World Cup,7.92,6.0-8.0 sec,Pressure,Goal Keeper,Netherlands Women's,Netherlands Women's,A,Turnover detector linked to earlier action in chain or pass flight boundary,4,invalid,False
3893827_p158_81f02f63,3893827,Women's World Cup,5.497,5.0-6.0 sec,Pass,Pass,Vietnam Women's,Vietnam Women's,D,Ambiguous timestamp/simultaneous event sequence,6,invalid,False
3893827_p163_f5b9becd,3893827,Women's World Cup,7.747,6.0-8.0 sec,Pass,Ball Receipt*,Vietnam Women's,Vietnam Women's,D,Ambiguous timestamp/simultaneous event sequence,8,invalid,False
3901833_p85_22da1c4e,3901833,Women's World Cup,7.156,6.0-8.0 sec,Interception,Ball Receipt*,France Women's,France Women's,D,Ambiguous timestamp/simultaneous event sequence,8,invalid,False
3901833_p140_8bd8a7c7,3901833,Women's World Cup,7.496,6.0-8.0 sec,Interception,Ball Receipt*,Morocco Women's,Morocco Women's,D,Ambiguous timestamp/simultaneous event sequence,8,invalid,False
3893816_p5_570f763f,3893816,Women's World Cup,6.09,6.0-8.0 sec,Pressure,Clearance,Jamaica Women's,Jamaica Women's,E,Opponent sustained possession with 4+ actions; genuinely unlinked within 5.0s,6,invalid,False
3893816_p103_e169e341,3893816,Women's World Cup,6.436,6.0-8.0 sec,Pressure,Pass,Panama Women's,Panama Women's,A,Turnover detector linked to earlier action in chain or pass flight boundary,4,invalid,False
3893816_p192_4965dcba,3893816,Women's World Cup,6.151,6.0-8.0 sec,Duel,Pass,Jamaica Women's,Jamaica Women's,C,Multiple contested events (duels/50-50s) delayed clear possession establishment,4,invalid,False
3893826_p25_a20c5d74,3893826,Women's World Cup,6.899,6.0-8.0 sec,Pass,Ball Receipt*,Portugal Women's,Portugal Women's,D,Ambiguous timestamp/simultaneous event sequence,8,invalid,False
3893826_p43_19282b94,3893826,Women's World Cup,7.686,6.0-8.0 sec,Pressure,Clearance,Portugal Women's,Portugal Women's,E,Opponent sustained possession with 4+ actions; genuinely unlinked within 5.0s,5,invalid,False
3893826_p48_1ae97f9b,3893826,Women's World Cup,5.08,5.0-6.0 sec,Interception,Pressure,Portugal Women's,United States Women's,D,Ambiguous timestamp/simultaneous event sequence,6,ambiguous,False
3893826_p89_b5bdfa91,3893826,Women's World Cup,7.932,6.0-8.0 sec,Duel,Clearance,Portugal Women's,United States Women's,C,Multiple contested events (duels/50-50s) delayed clear possession establishment,8,invalid,False
3893826_p125_a3804adf,3893826,Women's World Cup,6.829,6.0-8.0 sec,Pass,Pass,Portugal Women's,Portugal Women's,D,Ambiguous timestamp/simultaneous event sequence,6,invalid,False
3893826_p130_9d827c85,3893826,Women's World Cup,7.916,6.0-8.0 sec,Pass,Block,United States Women's,United States Women's,D,Ambiguous timestamp/simultaneous event sequence,6,invalid,False
3893826_p165_ad0e0972,3893826,Women's World Cup,5.104,5.0-6.0 sec,Pressure,Pass,Portugal Women's,Portugal Women's,A,Turnover detector linked to earlier action in chain or pass flight boundary,4,ambiguous,False
3906390_p97_a430da59,3906390,Women's World Cup,7.628,6.0-8.0 sec,Pass,Pass,Spain Women's,Spain Women's,C,Multiple contested events (duels/50-50s) delayed clear possession establishment,10,invalid,False
3906390_p131_eb54c938,3906390,Women's World Cup,6.997,6.0-8.0 sec,Pass,Pass,England Women's,England Women's,D,Ambiguous timestamp/simultaneous event sequence,7,invalid,False
3893790_p15_5bf5d668,3893790,Women's World Cup,7.24,6.0-8.0 sec,Pass,Pass,Nigeria Women's,Nigeria Women's,D,Ambiguous timestamp/simultaneous event sequence,9,invalid,False
3893790_p94_d13eed76,3893790,Women's World Cup,7.436,6.0-8.0 sec,Duel,Ball Receipt*,Nigeria Women's,Nigeria Women's,C,Multiple contested events (duels/50-50s) delayed clear possession establishment,9,invalid,False
3893790_p106_295c5569,3893790,Women's World Cup,5.133,5.0-6.0 sec,Duel,Pass,Canada Women's,Canada Women's,C,Multiple contested events (duels/50-50s) delayed clear possession establishment,5,invalid,False
3893790_p172_aea04013,3893790,Women's World Cup,7.686,6.0-8.0 sec,Duel,Ball Recovery,Nigeria Women's,Nigeria Women's,C,Multiple contested events (duels/50-50s) delayed clear possession establishment,7,invalid,False
3893796_p34_52891a62,3893796,Women's World Cup,5.576,5.0-6.0 sec,Pass,Ball Receipt*,South Africa Women's,South Africa Women's,D,Ambiguous timestamp/simultaneous event sequence,8,invalid,False
3893796_p42_379d2a9c,3893796,Women's World Cup,7.186,6.0-8.0 sec,Interception,Ball Receipt*,South Africa Women's,South Africa Women's,D,Ambiguous timestamp/simultaneous event sequence,8,invalid,False
3893796_p73_803ae6cb,3893796,Women's World Cup,6.204,6.0-8.0 sec,Pressure,Ball Recovery,South Africa Women's,South Africa Women's,E,Opponent sustained possession with 4+ actions; genuinely unlinked within 5.0s,6,invalid,False
3893796_p78_2752d4c1,3893796,Women's World Cup,6.611,6.0-8.0 sec,Pressure,Ball Recovery,South Africa Women's,South Africa Women's,E,Opponent sustained possession with 4+ actions; genuinely unlinked within 5.0s,6,invalid,False
3893796_p99_fdea4038,3893796,Women's World Cup,7.096,6.0-8.0 sec,Pass,Ball Recovery,South Africa Women's,South Africa Women's,D,Ambiguous timestamp/simultaneous event sequence,10,invalid,False
3893796_p100_a592b43f,3893796,Women's World Cup,7.293,6.0-8.0 sec,Pressure,Interception,South Africa Women's,Sweden Women's,E,Opponent sustained possession with 4+ actions; genuinely unlinked within 5.0s,7,invalid,False
3893796_p160_2fedfe25,3893796,Women's World Cup,7.65,6.0-8.0 sec,Pressure,Block,Sweden Women's,South Africa Women's,A,Turnover detector linked to earlier action in chain or pass flight boundary,4,invalid,False
3893796_p165_b5799174,3893796,Women's World Cup,7.537,6.0-8.0 sec,Pass,Ball Receipt*,South Africa Women's,South Africa Women's,D,Ambiguous timestamp/simultaneous event sequence,7,invalid,False
3893813_p18_5f24ceb9,3893813,Women's World Cup,5.267,5.0-6.0 sec,Pressure,Clearance,China PR Women's,Haiti Women's,E,Opponent sustained possession with 4+ actions; genuinely unlinked within 5.0s,5,ambiguous,False
3893813_p56_27f64667,3893813,Women's World Cup,5.512,5.0-6.0 sec,Pressure,Clearance,China PR Women's,Haiti Women's,E,Opponent sustained possession with 4+ actions; genuinely unlinked within 5.0s,5,ambiguous,False
3893813_p91_76a56b20,3893813,Women's World Cup,6.98,6.0-8.0 sec,Duel,Ball Recovery,China PR Women's,China PR Women's,C,Multiple contested events (duels/50-50s) delayed clear possession establishment,7,invalid,False
3893813_p151_246711a8,3893813,Women's World Cup,5.292,5.0-6.0 sec,Interception,Duel,China PR Women's,China PR Women's,C,Multiple contested events (duels/50-50s) delayed clear possession establishment,6,ambiguous,False
3893787_p56_dd1615be,3893787,Women's World Cup,5.219,5.0-6.0 sec,Pressure,Interception,New Zealand Women's,New Zealand Women's,E,Opponent sustained possession with 4+ actions; genuinely unlinked within 5.0s,6,ambiguous,False
3893787_p167_76af7892,3893787,Women's World Cup,5.125,5.0-6.0 sec,Pass,Pass,Norway Women's,Norway Women's,D,Ambiguous timestamp/simultaneous event sequence,6,ambiguous,False
3893804_p127_9d86f8d5,3893804,Women's World Cup,5.725,5.0-6.0 sec,Pressure,Pass,Norway Women's,Norway Women's,A,Turnover detector linked to earlier action in chain or pass flight boundary,4,invalid,False
3893791_p116_58d3d77c,3893791,Women's World Cup,5.068,5.0-6.0 sec,Pressure,Block,Spain Women's,Costa Rica Women's,E,Opponent sustained possession with 4+ actions; genuinely unlinked within 5.0s,7,ambiguous,False
3893791_p136_3cde8094,3893791,Women's World Cup,7.412,6.0-8.0 sec,Pressure,Ball Recovery,Spain Women's,Costa Rica Women's,E,Opponent sustained possession with 4+ actions; genuinely unlinked within 5.0s,9,invalid,False
3893791_p155_4f1f5e93,3893791,Women's World Cup,5.028,5.0-6.0 sec,Pressure,Clearance,Costa Rica Women's,Spain Women's,A,Turnover detector linked to earlier action in chain or pass flight boundary,4,ambiguous,False
3893823_p20_ca7943ff,3893823,Women's World Cup,6.068,6.0-8.0 sec,Pressure,Ball Recovery,Zambia W,Zambia W,E,Opponent sustained possession with 4+ actions; genuinely unlinked within 5.0s,6,invalid,False
3893823_p50_d4540460,3893823,Women's World Cup,5.772,5.0-6.0 sec,Pressure,Ball Recovery,Costa Rica Women's,Costa Rica Women's,E,Opponent sustained possession with 4+ actions; genuinely unlinked within 5.0s,6,invalid,False
3893823_p54_0d388185,3893823,Women's World Cup,5.247,5.0-6.0 sec,Pressure,Block,Costa Rica Women's,Zambia W,A,Turnover detector linked to earlier action in chain or pass flight boundary,4,ambiguous,False
3893823_p175_0455c54d,3893823,Women's World Cup,6.174,6.0-8.0 sec,Block,Clearance,Costa Rica Women's,Zambia W,E,Opponent sustained possession with 4+ actions; genuinely unlinked within 5.0s,8,invalid,False
3893823_p182_0cc7d2e2,3893823,Women's World Cup,7.702,6.0-8.0 sec,Pressure,Block,Costa Rica Women's,Zambia W,E,Opponent sustained possession with 4+ actions; genuinely unlinked within 5.0s,6,invalid,False
3893821_p5_765ebf41,3893821,Women's World Cup,5.074,5.0-6.0 sec,Pressure,Clearance,Canada Women's,Australia Women's,A,Turnover detector linked to earlier action in chain or pass flight boundary,3,ambiguous,False
3893821_p32_51d9fdbd,3893821,Women's World Cup,6.159,6.0-8.0 sec,Pressure,Pass,Canada Women's,Canada Women's,A,Turnover detector linked to earlier action in chain or pass flight boundary,4,invalid,False
3893821_p47_c4ff6412,3893821,Women's World Cup,5.547,5.0-6.0 sec,Pass,Pass,Australia Women's,Australia Women's,D,Ambiguous timestamp/simultaneous event sequence,9,ambiguous,False
3893821_p65_37f8b9a0,3893821,Women's World Cup,7.042,6.0-8.0 sec,Pass,Pass,Australia Women's,Australia Women's,D,Ambiguous timestamp/simultaneous event sequence,9,invalid,False
3893821_p124_626916bb,3893821,Women's World Cup,7.97,6.0-8.0 sec,Interception,Pass,Canada Women's,Canada Women's,D,Ambiguous timestamp/simultaneous event sequence,9,invalid,False
3893810_p54_8723786c,3893810,Women's World Cup,5.747,5.0-6.0 sec,Pressure,Clearance,Portugal Women's,Portugal Women's,E,Opponent sustained possession with 4+ actions; genuinely unlinked within 5.0s,7,ambiguous,False
3893810_p89_aae3c5a9,3893810,Women's World Cup,5.362,5.0-6.0 sec,Interception,Duel,Portugal Women's,Portugal Women's,C,Multiple contested events (duels/50-50s) delayed clear possession establishment,6,ambiguous,False
3893810_p151_a5697a5c,3893810,Women's World Cup,5.071,5.0-6.0 sec,Interception,Block,Portugal Women's,Portugal Women's,D,Ambiguous timestamp/simultaneous event sequence,7,ambiguous,False
3893820_p120_928aa3a3,3893820,Women's World Cup,7.976,6.0-8.0 sec,Pass,Ball Receipt*,Philippines Women's,Philippines Women's,D,Ambiguous timestamp/simultaneous event sequence,12,invalid,False
3893820_p183_03e2ca65,3893820,Women's World Cup,6.144,6.0-8.0 sec,Pressure,Ball Recovery,Norway Women's,Philippines Women's,E,Opponent sustained possession with 4+ actions; genuinely unlinked within 5.0s,5,invalid,False
3901733_p52_997227d6,3901733,Women's World Cup,5.036,5.0-6.0 sec,Pressure,Interception,Spain Women's,Spain Women's,A,Turnover detector linked to earlier action in chain or pass flight boundary,4,ambiguous,False
3901733_p79_a437b1b6,3901733,Women's World Cup,6.324,6.0-8.0 sec,Interception,Pass,Switzerland Women's,Switzerland Women's,D,Ambiguous timestamp/simultaneous event sequence,9,invalid,False
3901733_p124_f64681b1,3901733,Women's World Cup,5.542,5.0-6.0 sec,Pressure,Clearance,Spain Women's,Switzerland Women's,E,Opponent sustained possession with 4+ actions; genuinely unlinked within 5.0s,5,ambiguous,False
3904628_p44_5e56d5db,3904628,Women's World Cup,7.825,6.0-8.0 sec,50/50,Pass,Sweden Women's,Sweden Women's,C,Multiple contested events (duels/50-50s) delayed clear possession establishment,12,invalid,False
3904628_p143_73ad27b0,3904628,Women's World Cup,7.764,6.0-8.0 sec,Pressure,Ball Recovery,Spain Women's,Spain Women's,E,Opponent sustained possession with 4+ actions; genuinely unlinked within 5.0s,6,invalid,False
3904628_p162_34f6979d,3904628,Women's World Cup,5.502,5.0-6.0 sec,Pressure,Goal Keeper,Sweden Women's,Spain Women's,E,Opponent sustained possession with 4+ actions; genuinely unlinked within 5.0s,10,invalid,False
3904628_p178_c5b769bb,3904628,Women's World Cup,5.507,5.0-6.0 sec,Block,Clearance,Spain Women's,Sweden Women's,D,Ambiguous timestamp/simultaneous event sequence,7,ambiguous,False
3901832_p124_d54da70d,3901832,Women's World Cup,5.524,5.0-6.0 sec,Duel,Clearance,Colombia Women's,Jamaica Women's,C,Multiple contested events (duels/50-50s) delayed clear possession establishment,8,ambiguous,False
3904629_p109_ca8c831d,3904629,Women's World Cup,7.181,6.0-8.0 sec,Pass,Pass,England Women's,England Women's,D,Ambiguous timestamp/simultaneous event sequence,9,invalid,False
3906389_p61_a1161a7f,3906389,Women's World Cup,5.864,5.0-6.0 sec,Pressure,Pass,Sweden Women's,Sweden Women's,B,StatsBomb possession indexing retained pressing team despite brief contestation,3,ambiguous,False
3906389_p64_2585a6c7,3906389,Women's World Cup,6.237,6.0-8.0 sec,Interception,Ball Receipt*,Sweden Women's,Sweden Women's,D,Ambiguous timestamp/simultaneous event sequence,11,invalid,False
3906389_p104_9603cc4d,3906389,Women's World Cup,5.867,5.0-6.0 sec,Interception,Pass,Australia Women's,Australia Women's,D,Ambiguous timestamp/simultaneous event sequence,6,invalid,False
3906389_p121_9596e7e7,3906389,Women's World Cup,6.402,6.0-8.0 sec,Pressure,Pressure,Australia Women's,Sweden Women's,E,Opponent sustained possession with 4+ actions; genuinely unlinked within 5.0s,7,invalid,False
3893806_p7_0bb1ff98,3893806,Women's World Cup,5.12,5.0-6.0 sec,Interception,Duel,Spain Women's,Spain Women's,C,Multiple contested events (duels/50-50s) delayed clear possession establishment,6,ambiguous,False
3893806_p13_c2fee898,3893806,Women's World Cup,5.873,5.0-6.0 sec,Pressure,Goal Keeper,Spain Women's,Zambia W,E,Opponent sustained possession with 4+ actions; genuinely unlinked within 5.0s,7,ambiguous,False
3893806_p27_9e75ec48,3893806,Women's World Cup,5.61,5.0-6.0 sec,Interception,Pass,Zambia W,Zambia W,D,Ambiguous timestamp/simultaneous event sequence,6,invalid,False
3893806_p74_50eb4d6a,3893806,Women's World Cup,6.713,6.0-8.0 sec,Pressure,Clearance,Zambia W,Spain Women's,E,Opponent sustained possession with 4+ actions; genuinely unlinked within 5.0s,5,invalid,False
3893806_p147_c97fe2fa,3893806,Women's World Cup,7.083,6.0-8.0 sec,Interception,Ball Receipt*,Zambia W,Zambia W,D,Ambiguous timestamp/simultaneous event sequence,8,invalid,False
3893817_p37_e229c10b,3893817,Women's World Cup,7.064,6.0-8.0 sec,Pass,Pass,Switzerland Women's,Switzerland Women's,D,Ambiguous timestamp/simultaneous event sequence,6,invalid,False
3893817_p56_d67b63a7,3893817,Women's World Cup,5.874,5.0-6.0 sec,Pressure,Interception,Switzerland Women's,New Zealand Women's,A,Turnover detector linked to earlier action in chain or pass flight boundary,4,ambiguous,False
3893817_p67_81f395c1,3893817,Women's World Cup,5.463,5.0-6.0 sec,Block,Pass,New Zealand Women's,New Zealand Women's,D,Ambiguous timestamp/simultaneous event sequence,5,invalid,False
3893817_p154_987b9721,3893817,Women's World Cup,6.659,6.0-8.0 sec,Block,Block,Switzerland Women's,New Zealand Women's,D,Ambiguous timestamp/simultaneous event sequence,6,invalid,False
3901796_p13_263160b2,3901796,Women's World Cup,6.127,6.0-8.0 sec,Pass,Pass,South Africa Women's,South Africa Women's,D,Ambiguous timestamp/simultaneous event sequence,6,invalid,False
3901796_p115_e2c13d5b,3901796,Women's World Cup,6.472,6.0-8.0 sec,Pressure,Pass,Netherlands Women's,Netherlands Women's,A,Turnover detector linked to earlier action in chain or pass flight boundary,4,invalid,False
3893801_p42_64d4e468,3893801,Women's World Cup,6.566,6.0-8.0 sec,Duel,Ball Recovery,Panama Women's,Panama Women's,C,Multiple contested events (duels/50-50s) delayed clear possession establishment,7,invalid,False
3893801_p48_5116029b,3893801,Women's World Cup,7.626,6.0-8.0 sec,Pass,Ball Receipt*,Panama Women's,Panama Women's,D,Ambiguous timestamp/simultaneous event sequence,11,invalid,False
3893801_p63_f0b11e70,3893801,Women's World Cup,6.439,6.0-8.0 sec,Pass,Pass,Brazil Women's,Brazil Women's,D,Ambiguous timestamp/simultaneous event sequence,9,invalid,False
3893801_p72_4a6fe373,3893801,Women's World Cup,5.558,5.0-6.0 sec,Pressure,Goal Keeper,Brazil Women's,Brazil Women's,A,Turnover detector linked to earlier action in chain or pass flight boundary,4,ambiguous,False
3893801_p103_8c9d24c0,3893801,Women's World Cup,7.771,6.0-8.0 sec,Pass,Pass,Panama Women's,Panama Women's,D,Ambiguous timestamp/simultaneous event sequence,9,invalid,False
3893801_p123_656e702c,3893801,Women's World Cup,6.825,6.0-8.0 sec,Pressure,Pass,Brazil Women's,Brazil Women's,B,StatsBomb possession indexing retained pressing team despite brief contestation,3,invalid,False
3893801_p124_d0ea4274,3893801,Women's World Cup,6.24,6.0-8.0 sec,Pressure,Block,Brazil Women's,Panama Women's,E,Opponent sustained possession with 4+ actions; genuinely unlinked within 5.0s,8,invalid,False
3893801_p188_ac57cc34,3893801,Women's World Cup,6.344,6.0-8.0 sec,Duel,Ball Receipt*,Panama Women's,Panama Women's,C,Multiple contested events (duels/50-50s) delayed clear possession establishment,9,invalid,False
3893809_p11_71be4cfc,3893809,Women's World Cup,5.398,5.0-6.0 sec,Pressure,Pass,Nigeria Women's,Nigeria Women's,A,Turnover detector linked to earlier action in chain or pass flight boundary,4,ambiguous,False
3893809_p90_fcd30c49,3893809,Women's World Cup,5.075,5.0-6.0 sec,Interception,Duel,Australia Women's,Australia Women's,C,Multiple contested events (duels/50-50s) delayed clear possession establishment,6,ambiguous,False
3893809_p102_3b106628,3893809,Women's World Cup,5.272,5.0-6.0 sec,Pressure,Ball Receipt*,Nigeria Women's,Nigeria Women's,E,Opponent sustained possession with 4+ actions; genuinely unlinked within 5.0s,8,invalid,False
3893809_p137_16354ebb,3893809,Women's World Cup,7.232,6.0-8.0 sec,Interception,Pass,Australia Women's,Australia Women's,D,Ambiguous timestamp/simultaneous event sequence,6,invalid,False
3893809_p156_2cde9291,3893809,Women's World Cup,5.646,5.0-6.0 sec,Pressure,Pass,Nigeria Women's,Nigeria Women's,A,Turnover detector linked to earlier action in chain or pass flight boundary,4,ambiguous,False
3893822_p45_67337baa,3893822,Women's World Cup,6.979,6.0-8.0 sec,Pass,Pass,Spain Women's,Spain Women's,D,Ambiguous timestamp/simultaneous event sequence,9,invalid,False
3893822_p88_89f5f758,3893822,Women's World Cup,5.047,5.0-6.0 sec,Pressure,Interception,Japan Women's,Japan Women's,E,Opponent sustained possession with 4+ actions; genuinely unlinked within 5.0s,6,ambiguous,False
3893822_p143_1bb655ce,3893822,Women's World Cup,5.02,5.0-6.0 sec,Pressure,Block,Spain Women's,Spain Women's,A,Turnover detector linked to earlier action in chain or pass flight boundary,4,ambiguous,False
3893822_p154_65324e7a,3893822,Women's World Cup,6.751,6.0-8.0 sec,Pass,Pass,Spain Women's,Spain Women's,D,Ambiguous timestamp/simultaneous event sequence,6,invalid,False
3901735_p122_7e686f25,3901735,Women's World Cup,6.282,6.0-8.0 sec,Pressure,Clearance,Nigeria Women's,England Women's,E,Opponent sustained possession with 4+ actions; genuinely unlinked within 5.0s,5,invalid,False
3901735_p199_c9e13a31,3901735,Women's World Cup,7.916,6.0-8.0 sec,Interception,Ball Recovery,England Women's,England Women's,D,Ambiguous timestamp/simultaneous event sequence,11,invalid,False
3901735_p232_26b5daa8,3901735,Women's World Cup,5.361,5.0-6.0 sec,Pass,Pass,Nigeria Women's,Nigeria Women's,D,Ambiguous timestamp/simultaneous event sequence,11,ambiguous,False
3901735_p253_7b385848,3901735,Women's World Cup,7.211,6.0-8.0 sec,Pressure,Duel,Nigeria Women's,Nigeria Women's,C,Multiple contested events (duels/50-50s) delayed clear possession establishment,7,invalid,False
3901797_p13_d2c69d81,3901797,Women's World Cup,5.465,5.0-6.0 sec,Pressure,Pass,Sweden Women's,Sweden Women's,B,StatsBomb possession indexing retained pressing team despite brief contestation,3,ambiguous,False
3901797_p153_9fa37361,3901797,Women's World Cup,7.246,6.0-8.0 sec,Pressure,Ball Receipt*,Sweden Women's,Sweden Women's,E,Opponent sustained possession with 4+ actions; genuinely unlinked within 5.0s,8,invalid,False
3901797_p164_1583fc07,3901797,Women's World Cup,7.436,6.0-8.0 sec,Pressure,Block,Sweden Women's,Sweden Women's,E,Opponent sustained possession with 4+ actions; genuinely unlinked within 5.0s,9,invalid,False
3902239_p26_5b74af0d,3902239,Women's World Cup,5.064,5.0-6.0 sec,Interception,Pass,Sweden Women's,Sweden Women's,D,Ambiguous timestamp/simultaneous event sequence,9,ambiguous,False
3902239_p122_8d98fad7,3902239,Women's World Cup,5.821,5.0-6.0 sec,Pressure,Interception,Japan Women's,Japan Women's,E,Opponent sustained possession with 4+ actions; genuinely unlinked within 5.0s,6,ambiguous,False
3902239_p163_e4d30647,3902239,Women's World Cup,5.815,5.0-6.0 sec,Pressure,Goal Keeper,Japan Women's,Japan Women's,E,Opponent sustained possession with 4+ actions; genuinely unlinked within 5.0s,6,ambiguous,False
3893811_p7_eb650523,3893811,Women's World Cup,5.604,5.0-6.0 sec,Pressure,Block,Denmark Women's,England Women's,E,Opponent sustained possession with 4+ actions; genuinely unlinked within 5.0s,5,ambiguous,False
3893811_p50_d8f75260,3893811,Women's World Cup,7.214,6.0-8.0 sec,Interception,Pass,Denmark Women's,Denmark Women's,D,Ambiguous timestamp/simultaneous event sequence,9,invalid,False
3893811_p63_158f952e,3893811,Women's World Cup,6.392,6.0-8.0 sec,Interception,Ball Receipt*,Denmark Women's,Denmark Women's,D,Ambiguous timestamp/simultaneous event sequence,8,invalid,False
3893811_p67_74365a3e,3893811,Women's World Cup,5.398,5.0-6.0 sec,Pressure,Clearance,Denmark Women's,England Women's,A,Turnover detector linked to earlier action in chain or pass flight boundary,4,ambiguous,False
3893811_p92_d50c7923,3893811,Women's World Cup,5.552,5.0-6.0 sec,Pressure,Block,Denmark Women's,England Women's,A,Turnover detector linked to earlier action in chain or pass flight boundary,4,ambiguous,False
3893811_p142_4dc14bb8,3893811,Women's World Cup,7.389,6.0-8.0 sec,Pressure,Interception,Denmark Women's,Denmark Women's,E,Opponent sustained possession with 4+ actions; genuinely unlinked within 5.0s,6,invalid,False
3893811_p164_6b26f4cf,3893811,Women's World Cup,5.767,5.0-6.0 sec,Interception,Pass,England Women's,England Women's,D,Ambiguous timestamp/simultaneous event sequence,6,invalid,False
3893814_p32_104a5f9b,3893814,Women's World Cup,5.672,5.0-6.0 sec,Pressure,Block,Sweden Women's,Sweden Women's,E,Opponent sustained possession with 4+ actions; genuinely unlinked within 5.0s,7,ambiguous,False
3893814_p69_8f1e4374,3893814,Women's World Cup,7.66,6.0-8.0 sec,Pass,Ball Receipt*,Sweden Women's,Sweden Women's,D,Ambiguous timestamp/simultaneous event sequence,11,invalid,False
3893814_p82_9deb40ca,3893814,Women's World Cup,7.292,6.0-8.0 sec,Pass,Pass,Italy Women's,Italy Women's,D,Ambiguous timestamp/simultaneous event sequence,9,invalid,False
3893814_p128_904e045a,3893814,Women's World Cup,6.645,6.0-8.0 sec,Interception,Ball Recovery,Italy Women's,Italy Women's,D,Ambiguous timestamp/simultaneous event sequence,8,invalid,False
3893814_p147_95846212,3893814,Women's World Cup,6.163,6.0-8.0 sec,Pass,Pass,Sweden Women's,Sweden Women's,D,Ambiguous timestamp/simultaneous event sequence,9,invalid,False
3893812_p20_0791e457,3893812,Women's World Cup,7.91,6.0-8.0 sec,Interception,Foul Won,South Africa Women's,South Africa Women's,D,Ambiguous timestamp/simultaneous event sequence,7,invalid,False
3893812_p40_0c64300c,3893812,Women's World Cup,6.907,6.0-8.0 sec,Pressure,Goal Keeper,Argentina Women's,Argentina Women's,E,Opponent sustained possession with 4+ actions; genuinely unlinked within 5.0s,7,invalid,False
3893812_p77_01437c9a,3893812,Women's World Cup,7.346,6.0-8.0 sec,Pressure,Ball Recovery,South Africa Women's,South Africa Women's,E,Opponent sustained possession with 4+ actions; genuinely unlinked within 5.0s,6,invalid,False
3893812_p143_c201f61e,3893812,Women's World Cup,6.604,6.0-8.0 sec,Interception,Pass,South Africa Women's,South Africa Women's,D,Ambiguous timestamp/simultaneous event sequence,9,invalid,False
3893812_p146_89dcfb7c,3893812,Women's World Cup,7.857,6.0-8.0 sec,Duel,Goal Keeper,South Africa Women's,Argentina Women's,C,Multiple contested events (duels/50-50s) delayed clear possession establishment,4,invalid,False
3893812_p166_d29e95b4,3893812,Women's World Cup,7.416,6.0-8.0 sec,Pressure,Ball Recovery,Argentina Women's,Argentina Women's,E,Opponent sustained possession with 4+ actions; genuinely unlinked within 5.0s,6,invalid,False
3902240_p59_847697c3,3902240,Women's World Cup,7.93,6.0-8.0 sec,Pass,Dribble,Spain Women's,Spain Women's,D,Ambiguous timestamp/simultaneous event sequence,8,invalid,False
3902240_p85_a4be3c8b,3902240,Women's World Cup,7.014,6.0-8.0 sec,Pressure,Interception,Spain Women's,Netherlands Women's,A,Turnover detector linked to earlier action in chain or pass flight boundary,4,invalid,False
3902240_p88_62481c22,3902240,Women's World Cup,7.018,6.0-8.0 sec,Pass,Pass,Spain Women's,Spain Women's,D,Ambiguous timestamp/simultaneous event sequence,6,invalid,False
3902240_p144_49bf5c20,3902240,Women's World Cup,6.037,6.0-8.0 sec,Pass,Pass,Spain Women's,Spain Women's,D,Ambiguous timestamp/simultaneous event sequence,6,invalid,False
3902240_p159_560c971b,3902240,Women's World Cup,5.485,5.0-6.0 sec,Pressure,Clearance,Netherlands Women's,Spain Women's,A,Turnover detector linked to earlier action in chain or pass flight boundary,3,ambiguous,False
3893794_p3_e05868ee,3893794,Women's World Cup,5.538,5.0-6.0 sec,Interception,Ball Receipt*,Haiti Women's,Haiti Women's,D,Ambiguous timestamp/simultaneous event sequence,8,invalid,False
3893794_p63_df43205a,3893794,Women's World Cup,5.647,5.0-6.0 sec,Pressure,Clearance,England Women's,Haiti Women's,E,Opponent sustained possession with 4+ actions; genuinely unlinked within 5.0s,5,ambiguous,False
3893794_p114_e89ae794,3893794,Women's World Cup,5.705,5.0-6.0 sec,Pressure,Clearance,England Women's,England Women's,E,Opponent sustained possession with 4+ actions; genuinely unlinked within 5.0s,5,ambiguous,False
3893794_p136_d9ebe59c,3893794,Women's World Cup,6.587,6.0-8.0 sec,Pass,Pass,Haiti Women's,Haiti Women's,D,Ambiguous timestamp/simultaneous event sequence,14,invalid,False
3893792_p16_b9180018,3893792,Women's World Cup,7.892,6.0-8.0 sec,Interception,Ball Receipt*,Vietnam Women's,Vietnam Women's,D,Ambiguous timestamp/simultaneous event sequence,11,invalid,False
3893792_p48_2ad4bf95,3893792,Women's World Cup,6.315,6.0-8.0 sec,Duel,Block,Vietnam Women's,Vietnam Women's,C,Multiple contested events (duels/50-50s) delayed clear possession establishment,5,invalid,False
3893792_p56_d4a17153,3893792,Women's World Cup,5.143,5.0-6.0 sec,Pressure,Pass,Vietnam Women's,United States Women's,E,Opponent sustained possession with 4+ actions; genuinely unlinked within 5.0s,7,ambiguous,False
3893792_p65_837a756b,3893792,Women's World Cup,7.184,6.0-8.0 sec,Interception,Pass,United States Women's,United States Women's,D,Ambiguous timestamp/simultaneous event sequence,12,invalid,False
3893792_p185_44efd828,3893792,Women's World Cup,5.936,5.0-6.0 sec,Pressure,Duel,Vietnam Women's,United States Women's,C,Multiple contested events (duels/50-50s) delayed clear possession establishment,14,ambiguous,False
3893828_p63_bc51b7d6,3893828,Women's World Cup,6.782,6.0-8.0 sec,Pressure,Ball Recovery,China PR Women's,England Women's,E,Opponent sustained possession with 4+ actions; genuinely unlinked within 5.0s,8,invalid,False
3893828_p83_9238b704,3893828,Women's World Cup,6.193,6.0-8.0 sec,Pressure,Pass,China PR Women's,China PR Women's,A,Turnover detector linked to earlier action in chain or pass flight boundary,4,invalid,False
3893788_p58_068f51b9,3893788,Women's World Cup,6.58,6.0-8.0 sec,Interception,Interception,Republic of Ireland Women's,Republic of Ireland Women's,D,Ambiguous timestamp/simultaneous event sequence,8,invalid,False
3893788_p120_db9fa6d2,3893788,Women's World Cup,7.153,6.0-8.0 sec,Pressure,Ball Recovery,Australia Women's,Australia Women's,E,Opponent sustained possession with 4+ actions; genuinely unlinked within 5.0s,6,invalid,False
3893803_p31_d9428386,3893803,Women's World Cup,5.109,5.0-6.0 sec,Pressure,Block,Philippines Women's,New Zealand Women's,E,Opponent sustained possession with 4+ actions; genuinely unlinked within 5.0s,7,ambiguous,False
3893803_p34_b0a4ccfc,3893803,Women's World Cup,6.158,6.0-8.0 sec,Pressure,Ball Receipt*,Philippines Women's,Philippines Women's,E,Opponent sustained possession with 4+ actions; genuinely unlinked within 5.0s,9,invalid,False
3893803_p88_39fe6db9,3893803,Women's World Cup,6.295,6.0-8.0 sec,Interception,Ball Recovery,Philippines Women's,Philippines Women's,D,Ambiguous timestamp/simultaneous event sequence,8,invalid,False
3893803_p161_77a8fb80,3893803,Women's World Cup,6.285,6.0-8.0 sec,Pressure,Clearance,Philippines Women's,Philippines Women's,A,Turnover detector linked to earlier action in chain or pass flight boundary,4,invalid,False
3893803_p169_5e430ddf,3893803,Women's World Cup,7.876,6.0-8.0 sec,Interception,Ball Receipt*,New Zealand Women's,New Zealand Women's,D,Ambiguous timestamp/simultaneous event sequence,12,invalid,False
3893807_p38_4670ef37,3893807,Women's World Cup,7.185,6.0-8.0 sec,Pass,Ball Receipt*,Republic of Ireland Women's,Republic of Ireland Women's,D,Ambiguous timestamp/simultaneous event sequence,11,invalid,False
3893807_p109_22e5c8e0,3893807,Women's World Cup,5.493,5.0-6.0 sec,Pass,Pass,Canada Women's,Canada Women's,D,Ambiguous timestamp/simultaneous event sequence,6,invalid,False
3893807_p165_07c78951,3893807,Women's World Cup,7.751,6.0-8.0 sec,Pressure,Goal Keeper,Canada Women's,Republic of Ireland Women's,E,Opponent sustained possession with 4+ actions; genuinely unlinked within 5.0s,5,invalid,False
3893807_p186_4101e8ef,3893807,Women's World Cup,5.084,5.0-6.0 sec,Interception,Block,Republic of Ireland Women's,Republic of Ireland Women's,D,Ambiguous timestamp/simultaneous event sequence,8,ambiguous,False
