match_id,match_date,competition_id,competition_name,season_id,season_name,competition_gender,home_team_id,home_team_name,away_team_id,away_team_name,home_score,away_score,match_status,match_status_360,has_360,comp_flag_360
3895292,2024-04-06,9,1. Bundesliga,281,2023/2024,male,190,Union Berlin,904,Bayer Leverkusen,0,1,available,available,True,True
3895320,2024-04-27,9,1. Bundesliga,281,2023/2024,male,904,Bayer Leverkusen,174,VfB Stuttgart,2,2,available,available,True,True
3895158,2023-12-03,9,1. Bundesliga,281,2023/2024,male,904,Bayer Leverkusen,180,Borussia Dortmund,1,1,available,available,True,True
3895107,2023-10-08,9,1. Bundesliga,281,2023/2024,male,904,Bayer Leverkusen,186,FC Köln,3,0,available,available,True,True
3895340,2024-05-12,9,1. Bundesliga,281,2023/2024,male,868,Bochum,904,Bayer Leverkusen,0,5,available,available,True,True
3895286,2024-03-30,9,1. Bundesliga,281,2023/2024,male,904,Bayer Leverkusen,175,Hoffenheim,2,1,available,available,True,True
3895302,2024-04-14,9,1. Bundesliga,281,2023/2024,male,904,Bayer Leverkusen,176,Werder Bremen,5,0,available,available,True,True
3895333,2024-05-05,9,1. Bundesliga,281,2023/2024,male,184,Eintracht Frankfurt,904,Bayer Leverkusen,1,5,available,available,True,True
3895348,2024-05-18,9,1. Bundesliga,281,2023/2024,male,904,Bayer Leverkusen,172,Augsburg,2,1,available,available,True,True
3895220,2024-02-03,9,1. Bundesliga,281,2023/2024,male,872,Darmstadt 98,904,Bayer Leverkusen,0,2,available,available,True,True
3895250,2024-02-23,9,1. Bundesliga,281,2023/2024,male,904,Bayer Leverkusen,177,FSV Mainz 05,2,1,available,available,True,True
3895266,2024-03-10,9,1. Bundesliga,281,2023/2024,male,904,Bayer Leverkusen,179,Wolfsburg,2,0,available,available,True,True
3895275,2024-03-17,9,1. Bundesliga,281,2023/2024,male,183,Freiburg,904,Bayer Leverkusen,2,3,available,available,True,True
3895180,2023-12-17,9,1. Bundesliga,281,2023/2024,male,904,Bayer Leverkusen,184,Eintracht Frankfurt,3,0,available,available,True,True
3895134,2023-11-04,9,1. Bundesliga,281,2023/2024,male,175,Hoffenheim,904,Bayer Leverkusen,2,3,available,available,True,True
3895121,2023-10-29,9,1. Bundesliga,281,2023/2024,male,904,Bayer Leverkusen,183,Freiburg,2,1,available,available,True,True
3895074,2023-09-15,9,1. Bundesliga,281,2023/2024,male,169,Bayern Munich,904,Bayer Leverkusen,2,2,available,available,True,True
3895139,2023-11-12,9,1. Bundesliga,281,2023/2024,male,904,Bayer Leverkusen,190,Union Berlin,4,0,available,available,True,True
3895086,2023-09-24,9,1. Bundesliga,281,2023/2024,male,904,Bayer Leverkusen,201,FC Heidenheim,4,1,available,available,True,True
3895309,2024-04-21,9,1. Bundesliga,281,2023/2024,male,180,Borussia Dortmund,904,Bayer Leverkusen,1,1,available,available,True,True
3895258,2024-03-03,9,1. Bundesliga,281,2023/2024,male,186,FC Köln,904,Bayer Leverkusen,0,2,available,available,True,True
3895244,2024-02-17,9,1. Bundesliga,281,2023/2024,male,201,FC Heidenheim,904,Bayer Leverkusen,1,2,available,available,True,True
3895232,2024-02-10,9,1. Bundesliga,281,2023/2024,male,904,Bayer Leverkusen,169,Bayern Munich,3,0,available,available,True,True
3895210,2024-01-27,9,1. Bundesliga,281,2023/2024,male,904,Bayer Leverkusen,185,Borussia Mönchengladbach,0,0,available,available,True,True
3895202,2024-01-20,9,1. Bundesliga,281,2023/2024,male,182,RB Leipzig,904,Bayer Leverkusen,2,3,available,available,True,True
3895194,2024-01-13,9,1. Bundesliga,281,2023/2024,male,172,Augsburg,904,Bayer Leverkusen,0,1,available,available,True,True
3895182,2023-12-20,9,1. Bundesliga,281,2023/2024,male,904,Bayer Leverkusen,868,Bochum,4,0,available,available,True,True
3895167,2023-12-10,9,1. Bundesliga,281,2023/2024,male,174,VfB Stuttgart,904,Bayer Leverkusen,1,1,available,available,True,True
3895153,2023-11-25,9,1. Bundesliga,281,2023/2024,male,176,Werder Bremen,904,Bayer Leverkusen,0,3,available,available,True,True
3895113,2023-10-21,9,1. Bundesliga,281,2023/2024,male,179,Wolfsburg,904,Bayer Leverkusen,1,2,available,available,True,True
3895095,2023-09-30,9,1. Bundesliga,281,2023/2024,male,177,FSV Mainz 05,904,Bayer Leverkusen,0,3,available,available,True,True
3895067,2023-09-02,9,1. Bundesliga,281,2023/2024,male,904,Bayer Leverkusen,872,Darmstadt 98,5,1,available,available,True,True
3895060,2023-08-26,9,1. Bundesliga,281,2023/2024,male,185,Borussia Mönchengladbach,904,Bayer Leverkusen,0,3,available,available,True,True
3895052,2023-08-19,9,1. Bundesliga,281,2023/2024,male,904,Bayer Leverkusen,182,RB Leipzig,3,2,available,available,True,True
3890563,2016-05-14,9,1. Bundesliga,27,2015/2016,male,904,Bayer Leverkusen,189,Ingolstadt,3,2,available,unscheduled,False,False
3890550,2016-05-07,9,1. Bundesliga,27,2015/2016,male,185,Borussia Mönchengladbach,904,Bayer Leverkusen,2,1,available,unscheduled,False,False
3890540,2016-04-30,9,1. Bundesliga,27,2015/2016,male,904,Bayer Leverkusen,173,Hertha Berlin,2,1,available,unscheduled,False,False
3890534,2016-04-23,9,1. Bundesliga,27,2015/2016,male,181,Schalke 04,904,Bayer Leverkusen,2,3,available,unscheduled,False,False
3890521,2016-04-16,9,1. Bundesliga,27,2015/2016,male,904,Bayer Leverkusen,184,Eintracht Frankfurt,3,0,available,unscheduled,False,False
3890519,2016-04-10,9,1. Bundesliga,27,2015/2016,male,186,FC Köln,904,Bayer Leverkusen,0,2,available,unscheduled,False,False
3890502,2016-04-01,9,1. Bundesliga,27,2015/2016,male,904,Bayer Leverkusen,179,Wolfsburg,3,0,available,unscheduled,False,False
3890500,2016-03-20,9,1. Bundesliga,27,2015/2016,male,174,VfB Stuttgart,904,Bayer Leverkusen,0,2,available,unscheduled,False,False
3890492,2016-03-13,9,1. Bundesliga,27,2015/2016,male,904,Bayer Leverkusen,171,Hamburger SV,1,0,available,unscheduled,False,False
3890477,2016-03-05,9,1. Bundesliga,27,2015/2016,male,172,Augsburg,904,Bayer Leverkusen,3,3,available,unscheduled,False,False
3890472,2016-03-02,9,1. Bundesliga,27,2015/2016,male,904,Bayer Leverkusen,176,Werder Bremen,1,4,available,unscheduled,False,False
3890463,2016-02-28,9,1. Bundesliga,27,2015/2016,male,177,FSV Mainz 05,904,Bayer Leverkusen,3,1,available,unscheduled,False,False
3890456,2016-02-21,9,1. Bundesliga,27,2015/2016,male,904,Bayer Leverkusen,180,Borussia Dortmund,0,1,available,unscheduled,False,False
3890444,2016-02-13,9,1. Bundesliga,27,2015/2016,male,872,Darmstadt 98,904,Bayer Leverkusen,1,2,available,unscheduled,False,False
3890431,2016-02-06,9,1. Bundesliga,27,2015/2016,male,904,Bayer Leverkusen,169,Bayern Munich,0,0,available,unscheduled,False,False
3890427,2016-01-30,9,1. Bundesliga,27,2015/2016,male,904,Bayer Leverkusen,178,Hannover 96,3,0,available,unscheduled,False,False
3890415,2016-01-23,9,1. Bundesliga,27,2015/2016,male,175,Hoffenheim,904,Bayer Leverkusen,1,1,available,unscheduled,False,False
3890409,2015-12-19,9,1. Bundesliga,27,2015/2016,male,189,Ingolstadt,904,Bayer Leverkusen,0,1,available,unscheduled,False,False
3890395,2015-12-12,9,1. Bundesliga,27,2015/2016,male,904,Bayer Leverkusen,185,Borussia Mönchengladbach,5,0,available,unscheduled,False,False
3890390,2015-12-05,9,1. Bundesliga,27,2015/2016,male,173,Hertha Berlin,904,Bayer Leverkusen,2,1,available,unscheduled,False,False
3890382,2015-11-29,9,1. Bundesliga,27,2015/2016,male,904,Bayer Leverkusen,181,Schalke 04,1,1,available,unscheduled,False,False
3890370,2015-11-21,9,1. Bundesliga,27,2015/2016,male,184,Eintracht Frankfurt,904,Bayer Leverkusen,1,3,available,unscheduled,False,False
3890359,2015-11-07,9,1. Bundesliga,27,2015/2016,male,904,Bayer Leverkusen,186,FC Köln,1,2,available,unscheduled,False,False
3890350,2015-10-31,9,1. Bundesliga,27,2015/2016,male,179,Wolfsburg,904,Bayer Leverkusen,2,1,available,unscheduled,False,False
3890346,2015-10-24,9,1. Bundesliga,27,2015/2016,male,904,Bayer Leverkusen,174,VfB Stuttgart,4,3,available,unscheduled,False,False
3890337,2015-10-17,9,1. Bundesliga,27,2015/2016,male,171,Hamburger SV,904,Bayer Leverkusen,0,0,available,unscheduled,False,False
3890330,2015-10-04,9,1. Bundesliga,27,2015/2016,male,904,Bayer Leverkusen,172,Augsburg,1,1,available,unscheduled,False,False
3890315,2015-09-26,9,1. Bundesliga,27,2015/2016,male,176,Werder Bremen,904,Bayer Leverkusen,0,3,available,unscheduled,False,False
3890312,2015-09-23,9,1. Bundesliga,27,2015/2016,male,904,Bayer Leverkusen,177,FSV Mainz 05,1,0,available,unscheduled,False,False
3890301,2015-09-20,9,1. Bundesliga,27,2015/2016,male,180,Borussia Dortmund,904,Bayer Leverkusen,3,0,available,unscheduled,False,False
3890288,2015-09-12,9,1. Bundesliga,27,2015/2016,male,904,Bayer Leverkusen,872,Darmstadt 98,0,1,available,unscheduled,False,False
3890278,2015-08-29,9,1. Bundesliga,27,2015/2016,male,169,Bayern Munich,904,Bayer Leverkusen,3,0,available,unscheduled,False,False
3890273,2015-08-22,9,1. Bundesliga,27,2015/2016,male,178,Hannover 96,904,Bayer Leverkusen,0,1,available,unscheduled,False,False
3890260,2015-08-15,9,1. Bundesliga,27,2015/2016,male,904,Bayer Leverkusen,175,Hoffenheim,2,1,available,unscheduled,False,False
3922240,2024-01-28,1267,African Cup of Nations,107,2023,male,774,Egypt,4881,Congo DR,1,1,available,unscheduled,False,True
3920399,2024-01-19,1267,African Cup of Nations,107,2023,male,4924,Cape Verde Islands,4978,Mozambique,3,0,available,unscheduled,False,True
3920413,2024-01-23,1267,African Cup of Nations,107,2023,male,4934,Gambia,2722,Cameroon,2,3,available,unscheduled,False,True
3920400,2024-01-19,1267,African Cup of Nations,107,2023,male,787,Senegal,2722,Cameroon,3,1,available,unscheduled,False,True
3920409,2024-01-22,1267,African Cup of Nations,107,2023,male,4894,Guinea-Bissau,775,Nigeria,0,1,available,unscheduled,False,True
3920417,2024-01-24,1267,African Cup of Nations,107,2023,male,4980,Namibia,4930,Mali,0,0,available,unscheduled,False,True
3920395,2024-01-17,1267,African Cup of Nations,107,2023,male,4881,Congo DR,4963,Zambia,1,1,available,unscheduled,False,True
3920407,2024-01-21,1267,African Cup of Nations,107,2023,male,4976,South Africa,4980,Namibia,4,0,available,unscheduled,False,True
3920412,2024-01-23,1267,African Cup of Nations,107,2023,male,4892,Guinea,787,Senegal,0,2,available,unscheduled,False,True
3920415,2024-01-23,1267,African Cup of Nations,107,2023,male,4932,Mauritania,4898,Algeria,1,0,available,unscheduled,False,True
3920404,2024-01-20,1267,African Cup of Nations,107,2023,male,777,Tunisia,4930,Mali,1,1,available,unscheduled,False,True
3920389,2024-01-15,1267,African Cup of Nations,107,2023,male,2722,Cameroon,4892,Guinea,1,1,available,unscheduled,False,True
3920393,2024-01-16,1267,African Cup of Nations,107,2023,male,777,Tunisia,4980,Namibia,0,1,available,unscheduled,False,True
3920403,2024-01-20,1267,African Cup of Nations,107,2023,male,4932,Mauritania,4901,Angola,2,3,available,unscheduled,False,True
3920394,2024-01-17,1267,African Cup of Nations,107,2023,male,788,Morocco,4953,Tanzania,3,0,available,unscheduled,False,True
3920402,2024-01-20,1267,African Cup of Nations,107,2023,male,4898,Algeria,4921,Burkina Faso,2,2,available,unscheduled,False,True
3920414,2024-01-23,1267,African Cup of Nations,107,2023,male,4901,Angola,4921,Burkina Faso,2,0,available,unscheduled,False,True
3920405,2024-01-21,1267,African Cup of Nations,107,2023,male,788,Morocco,4881,Congo DR,1,1,available,unscheduled,False,True
3920416,2024-01-24,1267,African Cup of Nations,107,2023,male,4976,South Africa,777,Tunisia,0,0,available,unscheduled,False,True
3922658,2024-02-03,1267,African Cup of Nations,107,2023,male,4924,Cape Verde Islands,4976,South Africa,0,0,available,unscheduled,False,True
3920386,2024-01-14,1267,African Cup of Nations,107,2023,male,775,Nigeria,4992,Equatorial Guinea,1,1,available,unscheduled,False,True
3920408,2024-01-22,1267,African Cup of Nations,107,2023,male,4992,Equatorial Guinea,3374,Côte d'Ivoire,4,0,available,unscheduled,False,True
3920397,2024-01-18,1267,African Cup of Nations,107,2023,male,4992,Equatorial Guinea,4894,Guinea-Bissau,4,2,available,unscheduled,False,True
3920410,2024-01-22,1267,African Cup of Nations,107,2023,male,4978,Mozambique,4885,Ghana,2,2,available,unscheduled,False,True
3923881,2024-02-11,1267,African Cup of Nations,107,2023,male,775,Nigeria,3374,Côte d'Ivoire,1,2,available,unscheduled,False,True
3923880,2024-02-10,1267,African Cup of Nations,107,2023,male,4976,South Africa,4881,Congo DR,0,0,available,available,True,True
3922838,2024-02-07,1267,African Cup of Nations,107,2023,male,3374,Côte d'Ivoire,4881,Congo DR,1,0,available,unscheduled,False,True
3922837,2024-02-07,1267,African Cup of Nations,107,2023,male,775,Nigeria,4976,South Africa,1,1,available,unscheduled,False,True
3922242,2024-01-29,1267,African Cup of Nations,107,2023,male,787,Senegal,3374,Côte d'Ivoire,1,1,available,unscheduled,False,True
3922239,2024-01-28,1267,African Cup of Nations,107,2023,male,4992,Equatorial Guinea,4892,Guinea,0,1,available,unscheduled,False,True
3922659,2024-02-03,1267,African Cup of Nations,107,2023,male,4930,Mali,3374,Côte d'Ivoire,1,2,available,unscheduled,False,True
3922244,2024-01-30,1267,African Cup of Nations,107,2023,male,4930,Mali,4921,Burkina Faso,2,1,available,unscheduled,False,True
3922356,2024-02-02,1267,African Cup of Nations,107,2023,male,4881,Congo DR,4892,Guinea,3,1,available,unscheduled,False,True
3922321,2024-02-02,1267,African Cup of Nations,107,2023,male,775,Nigeria,4901,Angola,1,0,available,unscheduled,False,True
3922237,2024-01-27,1267,African Cup of Nations,107,2023,male,4901,Angola,4980,Namibia,3,0,available,unscheduled,False,True
3922243,2024-01-30,1267,African Cup of Nations,107,2023,male,788,Morocco,4976,South Africa,0,2,available,unscheduled,False,True
3922241,2024-01-29,1267,African Cup of Nations,107,2023,male,4924,Cape Verde Islands,4932,Mauritania,1,0,available,unscheduled,False,True
3922238,2024-01-27,1267,African Cup of Nations,107,2023,male,775,Nigeria,2722,Cameroon,2,0,available,unscheduled,False,True
3920396,2024-01-18,1267,African Cup of Nations,107,2023,male,774,Egypt,4885,Ghana,2,2,available,unscheduled,False,True
3920385,2024-01-14,1267,African Cup of Nations,107,2023,male,774,Egypt,4978,Mozambique,2,2,available,unscheduled,False,True
3920387,2024-01-14,1267,African Cup of Nations,107,2023,male,4885,Ghana,4924,Cape Verde Islands,1,2,available,unscheduled,False,True
3920419,2024-01-24,1267,African Cup of Nations,107,2023,male,4963,Zambia,788,Morocco,0,1,available,unscheduled,False,True
3920418,2024-01-24,1267,African Cup of Nations,107,2023,male,4953,Tanzania,4881,Congo DR,0,0,available,unscheduled,False,True
3920411,2024-01-22,1267,African Cup of Nations,107,2023,male,4924,Cape Verde Islands,774,Egypt,2,2,available,unscheduled,False,True
3920406,2024-01-21,1267,African Cup of Nations,107,2023,male,4963,Zambia,4953,Tanzania,1,1,available,unscheduled,False,True
3920401,2024-01-19,1267,African Cup of Nations,107,2023,male,4892,Guinea,4934,Gambia,1,0,available,unscheduled,False,True
3920398,2024-01-18,1267,African Cup of Nations,107,2023,male,3374,Côte d'Ivoire,775,Nigeria,0,1,available,unscheduled,False,True
3920392,2024-01-16,1267,African Cup of Nations,107,2023,male,4921,Burkina Faso,4932,Mauritania,1,0,available,unscheduled,False,True
3920391,2024-01-16,1267,African Cup of Nations,107,2023,male,4930,Mali,4976,South Africa,2,0,available,unscheduled,False,True
3920390,2024-01-15,1267,African Cup of Nations,107,2023,male,4898,Algeria,4901,Angola,1,1,available,unscheduled,False,True
3920388,2024-01-15,1267,African Cup of Nations,107,2023,male,787,Senegal,4934,Gambia,3,0,available,unscheduled,False,True
3920384,2024-01-13,1267,African Cup of Nations,107,2023,male,3374,Côte d'Ivoire,4894,Guinea-Bissau,2,0,available,unscheduled,False,True
22912,2019-06-01,16,Champions League,4,2018/2019,male,38,Tottenham Hotspur,24,Liverpool,0,2,available,scheduled,False,False
18245,2018-05-26,16,Champions League,1,2017/2018,male,220,Real Madrid,24,Liverpool,3,1,available,scheduled,False,False
18244,2017-06-03,16,Champions League,2,2016/2017,male,224,Juventus,220,Real Madrid,1,4,available,scheduled,False,False
18243,2016-05-28,16,Champions League,27,2015/2016,male,220,Real Madrid,212,Atlético Madrid,1,1,available,scheduled,False,False
18242,2015-06-06,16,Champions League,26,2014/2015,male,224,Juventus,217,Barcelona,1,3,available,scheduled,False,False
18241,2014-05-24,16,Champions League,25,2013/2014,male,220,Real Madrid,212,Atlético Madrid,4,1,available,scheduled,False,False
18240,2013-05-25,16,Champions League,24,2012/2013,male,180,Borussia Dortmund,169,Bayern Munich,1,2,available,scheduled,False,False
18237,2012-05-19,16,Champions League,23,2011/2012,male,169,Bayern Munich,33,Chelsea,1,1,available,scheduled,False,False
18236,2011-05-28,16,Champions League,22,2010/2011,male,217,Barcelona,39,Manchester United,3,1,available,scheduled,False,False
18235,2010-05-22,16,Champions League,21,2009/2010,male,169,Bayern Munich,238,Inter Milan,0,2,available,scheduled,False,False
3750201,2009-05-27,16,Champions League,41,2008/2009,male,217,Barcelona,39,Manchester United,2,0,available,scheduled,False,False
3750200,2007-05-23,16,Champions League,39,2006/2007,male,243,AC Milan,24,Liverpool,2,1,available,scheduled,False,False
2302764,2005-05-25,16,Champions League,37,2004/2005,male,243,AC Milan,24,Liverpool,3,3,available,scheduled,False,False
3752619,2004-05-26,16,Champions League,44,2003/2004,male,129,AS Monaco,256,FC Porto,0,3,available,scheduled,False,False
3750240,1999-11-23,16,Champions League,76,1999/2000,male,239,Fiorentina,39,Manchester United,2,0,available,scheduled,False,False
3888706,1973-05-30,16,Champions League,277,1972/1973,male,806,Ajax,224,Juventus,1,0,available,unscheduled,False,False
3750235,1972-05-31,16,Champions League,71,1971/1972,male,806,Ajax,238,Inter Milan,2,0,available,scheduled,False,False
3888711,1971-06-02,16,Champions League,276,1970/1971,male,806,Ajax,952,Panathinaikos,2,0,available,unscheduled,False,False
3939991,2024-07-03,223,Copa America,282,2024,male,781,Brazil,769,Colombia,1,1,available,unscheduled,False,False
3939987,2024-07-01,223,Copa America,282,2024,male,2305,Jamaica,3563,Venezuela,0,3,available,unscheduled,False,False
3939982,2024-06-28,223,Copa America,282,2024,male,783,Uruguay,3564,Bolivia,5,0,available,unscheduled,False,False
3939970,2024-06-22,223,Copa America,282,2024,male,784,Peru,3562,Chile,0,0,available,unscheduled,False,False
3939980,2024-06-26,223,Copa America,282,2024,male,3565,Ecuador,2305,Jamaica,3,1,available,unscheduled,False,False
3939977,2024-06-26,223,Copa America,282,2024,male,3562,Chile,779,Argentina,0,1,available,unscheduled,False,False
3939975,2024-06-24,223,Copa America,282,2024,male,769,Colombia,3567,Paraguay,2,1,available,unscheduled,False,False
3939974,2024-06-23,223,Copa America,282,2024,male,1839,United States,3564,Bolivia,2,0,available,unscheduled,False,False
3939986,2024-06-30,223,Copa America,282,2024,male,779,Argentina,784,Peru,2,0,available,unscheduled,False,False
3939971,2024-06-23,223,Copa America,282,2024,male,794,Mexico,2305,Jamaica,1,0,available,unscheduled,False,False
3939979,2024-06-27,223,Copa America,282,2024,male,3563,Venezuela,794,Mexico,1,0,available,unscheduled,False,False
3939988,2024-07-01,223,Copa America,282,2024,male,794,Mexico,3565,Ecuador,0,0,available,unscheduled,False,False
3939990,2024-07-02,223,Copa America,282,2024,male,1839,United States,783,Uruguay,0,1,available,unscheduled,False,False
3939983,2024-06-29,223,Copa America,282,2024,male,3567,Paraguay,781,Brazil,1,4,available,unscheduled,False,False
3939972,2024-06-22,223,Copa America,282,2024,male,3565,Ecuador,3563,Venezuela,1,2,available,unscheduled,False,False
3939978,2024-06-25,223,Copa America,282,2024,male,784,Peru,1833,Canada,0,1,available,unscheduled,False,False
3939976,2024-06-25,223,Copa America,282,2024,male,781,Brazil,795,Costa Rica,0,0,available,unscheduled,False,False
3939992,2024-07-03,223,Copa America,282,2024,male,795,Costa Rica,3567,Paraguay,2,1,available,unscheduled,False,False
3942416,2024-07-06,223,Copa America,282,2024,male,769,Colombia,798,Panama,5,0,available,unscheduled,False,False
3943077,2024-07-15,223,Copa America,282,2024,male,779,Argentina,769,Colombia,1,0,available,unscheduled,False,False
3943076,2024-07-14,223,Copa America,282,2024,male,1833,Canada,783,Uruguay,2,2,available,unscheduled,False,False
3942852,2024-07-11,223,Copa America,282,2024,male,783,Uruguay,769,Colombia,0,1,available,unscheduled,False,False
3942785,2024-07-10,223,Copa America,282,2024,male,779,Argentina,1833,Canada,2,0,available,unscheduled,False,False
3942415,2024-07-07,223,Copa America,282,2024,male,783,Uruguay,781,Brazil,0,0,available,unscheduled,False,False
3939973,2024-06-24,223,Copa America,282,2024,male,783,Uruguay,798,Panama,3,1,available,unscheduled,False,False
3942229,2024-07-06,223,Copa America,282,2024,male,3563,Venezuela,1833,Canada,1,1,available,unscheduled,False,False
3942228,2024-07-05,223,Copa America,282,2024,male,779,Argentina,3565,Ecuador,1,1,available,unscheduled,False,False
3939985,2024-06-30,223,Copa America,282,2024,male,1833,Canada,3562,Chile,0,0,available,unscheduled,False,False
3939984,2024-06-28,223,Copa America,282,2024,male,769,Colombia,795,Costa Rica,3,0,available,unscheduled,False,False
3939981,2024-06-27,223,Copa America,282,2024,male,798,Panama,1839,United States,2,1,available,unscheduled,False,False
3939989,2024-07-02,223,Copa America,282,2024,male,3564,Bolivia,798,Panama,1,3,available,unscheduled,False,False
3939969,2024-06-21,223,Copa America,282,2024,male,779,Argentina,1833,Canada,2,0,available,unscheduled,False,False
3750248,1984-05-05,87,Copa del Rey,84,1983/1984,male,215,Athletic Club,217,Barcelona,1,0,available,scheduled,False,False
3888721,1983-06-04,87,Copa del Rey,268,1982/1983,male,217,Barcelona,220,Real Madrid,2,1,available,unscheduled,False,False
3888754,1978-04-19,87,Copa del Rey,279,1977/1978,male,217,Barcelona,208,Las Palmas,3,1,available,unscheduled,False,False
3913082,2023-11-05,37,FA Women's Super League,281,2023/2024,female,965,Brighton & Hove Albion WFC,1475,Manchester United W,2,2,available,unscheduled,False,False
3913155,2024-03-23,37,FA Women's Super League,281,2023/2024,female,746,Manchester City WFC,1475,Manchester United W,3,1,available,unscheduled,False,False
3913167,2024-04-21,37,FA Women's Super League,281,2023/2024,female,1475,Manchester United W,749,Tottenham Hotspur Women,2,2,available,unscheduled,False,False
3913175,2024-04-28,37,FA Women's Super League,281,2023/2024,female,2647,Aston Villa W,972,West Ham United LFC,1,1,available,unscheduled,False,False
3913107,2023-12-09,37,FA Women's Super League,281,2023/2024,female,746,Manchester City WFC,2647,Aston Villa W,2,1,available,unscheduled,False,False
3913165,2024-04-17,37,FA Women's Super League,281,2023/2024,female,971,Chelsea FCW,2647,Aston Villa W,3,0,available,unscheduled,False,False
3913115,2023-12-17,37,FA Women's Super League,281,2023/2024,female,2647,Aston Villa W,965,Brighton & Hove Albion WFC,1,0,available,unscheduled,False,False
3913147,2024-03-16,37,FA Women's Super League,281,2023/2024,female,967,Everton LFC,2647,Aston Villa W,1,2,available,unscheduled,False,False
3913129,2024-02-03,37,FA Women's Super League,281,2023/2024,female,2647,Aston Villa W,973,Bristol City WFC,2,2,available,unscheduled,False,False
3912603,2023-10-08,37,FA Women's Super League,281,2023/2024,female,966,Liverpool WFC,2647,Aston Villa W,2,0,available,unscheduled,False,False
3913134,2024-02-04,37,FA Women's Super League,281,2023/2024,female,971,Chelsea FCW,967,Everton LFC,3,0,available,unscheduled,False,False
3913069,2023-10-14,37,FA Women's Super League,281,2023/2024,female,971,Chelsea FCW,972,West Ham United LFC,2,0,available,unscheduled,False,False
3912599,2023-10-08,37,FA Women's Super League,281,2023/2024,female,965,Brighton & Hove Albion WFC,972,West Ham United LFC,0,2,available,unscheduled,False,False
3913131,2024-02-04,37,FA Women's Super League,281,2023/2024,female,966,Liverpool WFC,749,Tottenham Hotspur Women,1,1,available,unscheduled,False,False
3913137,2024-02-18,37,FA Women's Super League,281,2023/2024,female,965,Brighton & Hove Albion WFC,966,Liverpool WFC,0,1,available,unscheduled,False,False
3913174,2024-04-28,37,FA Women's Super League,281,2023/2024,female,973,Bristol City WFC,746,Manchester City WFC,0,4,available,unscheduled,False,False
3913186,2024-05-18,37,FA Women's Super League,281,2023/2024,female,2652,Leicester City WFC,966,Liverpool WFC,0,4,available,unscheduled,False,False
3913185,2024-05-18,37,FA Women's Super League,281,2023/2024,female,968,Arsenal WFC,965,Brighton & Hove Albion WFC,5,0,available,unscheduled,False,False
3913180,2024-05-05,37,FA Women's Super League,281,2023/2024,female,971,Chelsea FCW,973,Bristol City WFC,8,0,available,unscheduled,False,False
3913181,2024-05-04,37,FA Women's Super League,281,2023/2024,female,967,Everton LFC,749,Tottenham Hotspur Women,2,2,available,unscheduled,False,False
3913171,2024-04-28,37,FA Women's Super League,281,2023/2024,female,2652,Leicester City WFC,1475,Manchester United W,0,1,available,unscheduled,False,False
3913168,2024-04-21,37,FA Women's Super League,281,2023/2024,female,746,Manchester City WFC,972,West Ham United LFC,5,0,available,unscheduled,False,False
3913169,2024-04-21,37,FA Women's Super League,281,2023/2024,female,968,Arsenal WFC,2652,Leicester City WFC,3,0,available,unscheduled,False,False
3913182,2024-05-04,37,FA Women's Super League,281,2023/2024,female,965,Brighton & Hove Albion WFC,2647,Aston Villa W,0,1,available,unscheduled,False,False
3913173,2024-05-01,37,FA Women's Super League,281,2023/2024,female,966,Liverpool WFC,971,Chelsea FCW,4,3,available,unscheduled,False,False
3913166,2024-04-19,37,FA Women's Super League,281,2023/2024,female,965,Brighton & Hove Albion WFC,967,Everton LFC,1,2,available,unscheduled,False,False
3913157,2024-03-24,37,FA Women's Super League,281,2023/2024,female,2652,Leicester City WFC,965,Brighton & Hove Albion WFC,2,3,available,unscheduled,False,False
3913161,2024-03-31,37,FA Women's Super League,281,2023/2024,female,1475,Manchester United W,967,Everton LFC,4,1,available,unscheduled,False,False
3913162,2024-03-30,37,FA Women's Super League,281,2023/2024,female,966,Liverpool WFC,746,Manchester City WFC,1,4,available,unscheduled,False,False
3913153,2024-03-24,37,FA Women's Super League,281,2023/2024,female,967,Everton LFC,966,Liverpool WFC,0,0,available,unscheduled,False,False
3913160,2024-04-14,37,FA Women's Super League,281,2023/2024,female,968,Arsenal WFC,973,Bristol City WFC,5,0,available,unscheduled,False,False
3913163,2024-05-15,37,FA Women's Super League,281,2023/2024,female,749,Tottenham Hotspur Women,971,Chelsea FCW,0,1,available,unscheduled,False,False
3913150,2024-03-17,37,FA Women's Super League,281,2023/2024,female,965,Brighton & Hove Albion WFC,746,Manchester City WFC,1,4,available,unscheduled,False,False
3913151,2024-03-17,37,FA Women's Super League,281,2023/2024,female,1475,Manchester United W,973,Bristol City WFC,2,0,available,unscheduled,False,False
3913148,2024-03-17,37,FA Women's Super League,281,2023/2024,female,966,Liverpool WFC,972,West Ham United LFC,3,1,available,unscheduled,False,False
3913156,2024-03-24,37,FA Women's Super League,281,2023/2024,female,2647,Aston Villa W,968,Arsenal WFC,1,3,available,unscheduled,False,False
3913144,2024-03-03,37,FA Women's Super League,281,2023/2024,female,972,West Ham United LFC,1475,Manchester United W,1,1,available,unscheduled,False,False
3913146,2024-03-03,37,FA Women's Super League,281,2023/2024,female,973,Bristol City WFC,965,Brighton & Hove Albion WFC,3,7,available,unscheduled,False,False
3913141,2024-03-03,37,FA Women's Super League,281,2023/2024,female,2647,Aston Villa W,966,Liverpool WFC,1,4,available,unscheduled,False,False
3913152,2024-03-15,37,FA Women's Super League,281,2023/2024,female,971,Chelsea FCW,968,Arsenal WFC,3,1,available,unscheduled,False,False
3913130,2024-02-04,37,FA Women's Super League,281,2023/2024,female,972,West Ham United LFC,968,Arsenal WFC,2,1,available,unscheduled,False,False
3913135,2024-02-17,37,FA Women's Super League,281,2023/2024,female,968,Arsenal WFC,1475,Manchester United W,3,1,available,unscheduled,False,False
3913138,2024-02-16,37,FA Women's Super League,281,2023/2024,female,971,Chelsea FCW,746,Manchester City WFC,0,1,available,unscheduled,False,False
3913128,2024-01-28,37,FA Women's Super League,281,2023/2024,female,967,Everton LFC,2652,Leicester City WFC,0,1,available,unscheduled,False,False
3913125,2024-01-28,37,FA Women's Super League,281,2023/2024,female,966,Liverpool WFC,968,Arsenal WFC,0,2,available,unscheduled,False,False
3913121,2024-01-21,37,FA Women's Super League,281,2023/2024,female,971,Chelsea FCW,1475,Manchester United W,3,1,available,unscheduled,False,False
3913122,2024-01-21,37,FA Women's Super League,281,2023/2024,female,965,Brighton & Hove Albion WFC,973,Bristol City WFC,3,2,available,unscheduled,False,False
3913117,2024-01-20,37,FA Women's Super League,281,2023/2024,female,968,Arsenal WFC,967,Everton LFC,2,1,available,unscheduled,False,False
3913112,2023-12-17,37,FA Women's Super League,281,2023/2024,female,973,Bristol City WFC,971,Chelsea FCW,0,3,available,unscheduled,False,False
3913113,2023-12-16,37,FA Women's Super League,281,2023/2024,female,749,Tottenham Hotspur Women,968,Arsenal WFC,1,0,available,unscheduled,False,False
3913110,2023-12-10,37,FA Women's Super League,281,2023/2024,female,972,West Ham United LFC,967,Everton LFC,0,1,available,unscheduled,False,False
3913106,2023-12-10,37,FA Women's Super League,281,2023/2024,female,965,Brighton & Hove Albion WFC,2652,Leicester City WFC,2,2,available,unscheduled,False,False
3913105,2023-12-10,37,FA Women's Super League,281,2023/2024,female,968,Arsenal WFC,971,Chelsea FCW,4,1,available,unscheduled,False,False
3913111,2023-12-17,37,FA Women's Super League,281,2023/2024,female,1475,Manchester United W,966,Liverpool WFC,1,2,available,unscheduled,False,False
3913103,2023-11-26,37,FA Women's Super League,281,2023/2024,female,971,Chelsea FCW,2652,Leicester City WFC,5,2,available,unscheduled,False,False
3913104,2023-11-26,37,FA Women's Super League,281,2023/2024,female,973,Bristol City WFC,1475,Manchester United W,0,2,available,unscheduled,False,False
3912594,2023-10-01,37,FA Women's Super League,281,2023/2024,female,973,Bristol City WFC,2652,Leicester City WFC,2,4,available,unscheduled,False,False
3913079,2023-10-22,37,FA Women's Super League,281,2023/2024,female,973,Bristol City WFC,968,Arsenal WFC,1,2,available,unscheduled,False,False
3913075,2023-10-21,37,FA Women's Super League,281,2023/2024,female,2647,Aston Villa W,749,Tottenham Hotspur Women,2,4,available,unscheduled,False,False
3913077,2023-10-22,37,FA Women's Super League,281,2023/2024,female,971,Chelsea FCW,965,Brighton & Hove Albion WFC,4,2,available,unscheduled,False,False
3913081,2023-11-04,37,FA Women's Super League,281,2023/2024,female,2647,Aston Villa W,971,Chelsea FCW,0,6,available,unscheduled,False,False
3913078,2023-10-22,37,FA Women's Super League,281,2023/2024,female,967,Everton LFC,1475,Manchester United W,0,5,available,unscheduled,False,False
3913080,2023-10-22,37,FA Women's Super League,281,2023/2024,female,972,West Ham United LFC,966,Liverpool WFC,1,1,available,unscheduled,False,False
3913076,2023-10-21,37,FA Women's Super League,281,2023/2024,female,2652,Leicester City WFC,746,Manchester City WFC,0,1,available,unscheduled,False,False
3913071,2023-10-15,37,FA Women's Super League,281,2023/2024,female,1475,Manchester United W,2652,Leicester City WFC,1,1,available,unscheduled,False,False
3913073,2023-10-15,37,FA Women's Super League,281,2023/2024,female,968,Arsenal WFC,2647,Aston Villa W,2,1,available,unscheduled,False,False
3913072,2023-10-15,37,FA Women's Super League,281,2023/2024,female,746,Manchester City WFC,973,Bristol City WFC,5,0,available,unscheduled,False,False
3912593,2023-10-01,37,FA Women's Super League,281,2023/2024,female,972,West Ham United LFC,746,Manchester City WFC,0,2,available,unscheduled,False,False
3913074,2023-10-15,37,FA Women's Super League,281,2023/2024,female,965,Brighton & Hove Albion WFC,749,Tottenham Hotspur Women,1,3,available,unscheduled,False,False
3912602,2023-10-08,37,FA Women's Super League,281,2023/2024,female,2652,Leicester City WFC,967,Everton LFC,1,0,available,unscheduled,False,False
3912600,2023-10-08,37,FA Women's Super League,281,2023/2024,female,746,Manchester City WFC,971,Chelsea FCW,1,1,available,unscheduled,False,False
3912601,2023-10-08,37,FA Women's Super League,281,2023/2024,female,749,Tottenham Hotspur Women,973,Bristol City WFC,3,1,available,unscheduled,False,False
3913188,2024-05-18,37,FA Women's Super League,281,2023/2024,female,749,Tottenham Hotspur Women,972,West Ham United LFC,3,1,available,unscheduled,False,False
3913187,2024-05-18,37,FA Women's Super League,281,2023/2024,female,1475,Manchester United W,971,Chelsea FCW,0,6,available,unscheduled,False,False
3913184,2024-05-18,37,FA Women's Super League,281,2023/2024,female,2647,Aston Villa W,746,Manchester City WFC,1,2,available,unscheduled,False,False
3913183,2024-05-18,37,FA Women's Super League,281,2023/2024,female,973,Bristol City WFC,967,Everton LFC,0,4,available,unscheduled,False,False
3913179,2024-05-05,37,FA Women's Super League,281,2023/2024,female,966,Liverpool WFC,1475,Manchester United W,1,0,available,unscheduled,False,False
3913178,2024-05-05,37,FA Women's Super League,281,2023/2024,female,972,West Ham United LFC,2652,Leicester City WFC,1,1,available,unscheduled,False,False
3913177,2024-05-05,37,FA Women's Super League,281,2023/2024,female,746,Manchester City WFC,968,Arsenal WFC,1,2,available,unscheduled,False,False
3913176,2024-04-28,37,FA Women's Super League,281,2023/2024,female,967,Everton LFC,968,Arsenal WFC,1,1,available,unscheduled,False,False
3913172,2024-04-28,37,FA Women's Super League,281,2023/2024,female,749,Tottenham Hotspur Women,965,Brighton & Hove Albion WFC,1,1,available,unscheduled,False,False
3913170,2024-04-20,37,FA Women's Super League,281,2023/2024,female,973,Bristol City WFC,966,Liverpool WFC,0,1,available,unscheduled,False,False
3913164,2024-03-31,37,FA Women's Super League,281,2023/2024,female,972,West Ham United LFC,965,Brighton & Hove Albion WFC,0,0,available,unscheduled,False,False
3913159,2024-03-30,37,FA Women's Super League,281,2023/2024,female,2647,Aston Villa W,2652,Leicester City WFC,2,2,available,unscheduled,False,False
3913158,2024-03-24,37,FA Women's Super League,281,2023/2024,female,972,West Ham United LFC,971,Chelsea FCW,0,2,available,unscheduled,False,False
3913154,2024-03-24,37,FA Women's Super League,281,2023/2024,female,973,Bristol City WFC,749,Tottenham Hotspur Women,0,1,available,unscheduled,False,False
3913149,2024-03-17,37,FA Women's Super League,281,2023/2024,female,749,Tottenham Hotspur Women,2652,Leicester City WFC,1,0,available,unscheduled,False,False
3913145,2024-03-03,37,FA Women's Super League,281,2023/2024,female,2652,Leicester City WFC,971,Chelsea FCW,0,4,available,unscheduled,False,False
3913143,2024-03-02,37,FA Women's Super League,281,2023/2024,female,746,Manchester City WFC,967,Everton LFC,2,1,available,unscheduled,False,False
3913142,2024-03-03,37,FA Women's Super League,281,2023/2024,female,968,Arsenal WFC,749,Tottenham Hotspur Women,1,0,available,unscheduled,False,False
3913140,2024-02-18,37,FA Women's Super League,281,2023/2024,female,2652,Leicester City WFC,973,Bristol City WFC,5,2,available,unscheduled,False,False
3913139,2024-02-18,37,FA Women's Super League,281,2023/2024,female,749,Tottenham Hotspur Women,2647,Aston Villa W,1,2,available,unscheduled,False,False
3913136,2024-02-18,37,FA Women's Super League,281,2023/2024,female,967,Everton LFC,972,West Ham United LFC,2,0,available,unscheduled,False,False
3913133,2024-02-04,37,FA Women's Super League,281,2023/2024,female,1475,Manchester United W,965,Brighton & Hove Albion WFC,2,0,available,unscheduled,False,False
3913132,2024-02-04,37,FA Women's Super League,281,2023/2024,female,746,Manchester City WFC,2652,Leicester City WFC,2,0,available,unscheduled,False,False
3913127,2024-01-28,37,FA Women's Super League,281,2023/2024,female,1475,Manchester United W,2647,Aston Villa W,2,1,available,unscheduled,False,False
3913126,2024-01-28,37,FA Women's Super League,281,2023/2024,female,749,Tottenham Hotspur Women,746,Manchester City WFC,0,2,available,unscheduled,False,False
3913124,2024-01-28,37,FA Women's Super League,281,2023/2024,female,973,Bristol City WFC,972,West Ham United LFC,1,2,available,unscheduled,False,False
3913123,2024-01-27,37,FA Women's Super League,281,2023/2024,female,965,Brighton & Hove Albion WFC,971,Chelsea FCW,0,3,available,unscheduled,False,False
3913120,2024-01-21,37,FA Women's Super League,281,2023/2024,female,746,Manchester City WFC,966,Liverpool WFC,5,1,available,unscheduled,False,False
3913119,2024-01-19,37,FA Women's Super League,281,2023/2024,female,2652,Leicester City WFC,2647,Aston Villa W,0,1,available,unscheduled,False,False
3913118,2024-01-21,37,FA Women's Super League,281,2023/2024,female,972,West Ham United LFC,749,Tottenham Hotspur Women,3,4,available,unscheduled,False,False
3913116,2023-12-17,37,FA Women's Super League,281,2023/2024,female,967,Everton LFC,746,Manchester City WFC,1,4,available,unscheduled,False,False
3913114,2023-12-17,37,FA Women's Super League,281,2023/2024,female,2652,Leicester City WFC,972,West Ham United LFC,1,1,available,unscheduled,False,False
3913109,2023-12-10,37,FA Women's Super League,281,2023/2024,female,749,Tottenham Hotspur Women,1475,Manchester United W,0,4,available,unscheduled,False,False
3913108,2023-12-10,37,FA Women's Super League,281,2023/2024,female,966,Liverpool WFC,973,Bristol City WFC,1,1,available,unscheduled,False,False
3913102,2023-11-26,37,FA Women's Super League,281,2023/2024,female,746,Manchester City WFC,749,Tottenham Hotspur Women,7,0,available,unscheduled,False,False
3913101,2023-11-26,37,FA Women's Super League,281,2023/2024,female,968,Arsenal WFC,972,West Ham United LFC,3,0,available,unscheduled,False,False
3913100,2023-11-26,37,FA Women's Super League,281,2023/2024,female,2647,Aston Villa W,967,Everton LFC,1,2,available,unscheduled,False,False
3913099,2023-11-26,37,FA Women's Super League,281,2023/2024,female,966,Liverpool WFC,965,Brighton & Hove Albion WFC,4,0,available,unscheduled,False,False
3913098,2023-11-19,37,FA Women's Super League,281,2023/2024,female,1475,Manchester United W,746,Manchester City WFC,1,3,available,unscheduled,False,False
3913097,2023-11-19,37,FA Women's Super League,281,2023/2024,female,965,Brighton & Hove Albion WFC,968,Arsenal WFC,0,3,available,unscheduled,False,False
3913096,2023-11-19,37,FA Women's Super League,281,2023/2024,female,972,West Ham United LFC,2647,Aston Villa W,2,3,available,unscheduled,False,False
3913095,2023-11-19,37,FA Women's Super League,281,2023/2024,female,2652,Leicester City WFC,749,Tottenham Hotspur Women,1,1,available,unscheduled,False,False
3913094,2023-11-19,37,FA Women's Super League,281,2023/2024,female,967,Everton LFC,973,Bristol City WFC,2,2,available,unscheduled,False,False
3913093,2023-11-18,37,FA Women's Super League,281,2023/2024,female,971,Chelsea FCW,966,Liverpool WFC,5,1,available,unscheduled,False,False
3913092,2023-11-12,37,FA Women's Super League,281,2023/2024,female,749,Tottenham Hotspur Women,966,Liverpool WFC,1,1,available,unscheduled,False,False
3913091,2023-11-12,37,FA Women's Super League,281,2023/2024,female,2652,Leicester City WFC,968,Arsenal WFC,2,6,available,unscheduled,False,False
3913090,2023-11-12,37,FA Women's Super League,281,2023/2024,female,1475,Manchester United W,972,West Ham United LFC,5,0,available,unscheduled,False,False
3913089,2023-11-12,37,FA Women's Super League,281,2023/2024,female,967,Everton LFC,971,Chelsea FCW,0,3,available,unscheduled,False,False
3913088,2023-11-12,37,FA Women's Super League,281,2023/2024,female,746,Manchester City WFC,965,Brighton & Hove Albion WFC,0,1,available,unscheduled,False,False
3913087,2023-11-12,37,FA Women's Super League,281,2023/2024,female,973,Bristol City WFC,2647,Aston Villa W,0,2,available,unscheduled,False,False
3913086,2023-11-05,37,FA Women's Super League,281,2023/2024,female,972,West Ham United LFC,973,Bristol City WFC,2,3,available,unscheduled,False,False
3913085,2023-11-05,37,FA Women's Super League,281,2023/2024,female,749,Tottenham Hotspur Women,967,Everton LFC,1,1,available,unscheduled,False,False
3913084,2023-11-05,37,FA Women's Super League,281,2023/2024,female,966,Liverpool WFC,2652,Leicester City WFC,2,1,available,unscheduled,False,False
3913083,2023-11-05,37,FA Women's Super League,281,2023/2024,female,968,Arsenal WFC,746,Manchester City WFC,2,1,available,unscheduled,False,False
3913070,2023-10-15,37,FA Women's Super League,281,2023/2024,female,966,Liverpool WFC,967,Everton LFC,0,1,available,unscheduled,False,False
3912597,2023-10-01,37,FA Women's Super League,281,2023/2024,female,971,Chelsea FCW,749,Tottenham Hotspur Women,2,1,available,unscheduled,False,False
3912592,2023-10-01,37,FA Women's Super League,281,2023/2024,female,2647,Aston Villa W,1475,Manchester United W,1,2,available,unscheduled,False,False
3912595,2023-10-01,37,FA Women's Super League,281,2023/2024,female,968,Arsenal WFC,966,Liverpool WFC,0,1,available,unscheduled,False,False
3912596,2023-10-01,37,FA Women's Super League,281,2023/2024,female,967,Everton LFC,965,Brighton & Hove Albion WFC,1,2,available,unscheduled,False,False
3912598,2023-10-06,37,FA Women's Super League,281,2023/2024,female,1475,Manchester United W,968,Arsenal WFC,2,2,available,unscheduled,False,False
3775563,2021-05-09,37,FA Women's Super League,90,2020/2021,female,1475,Manchester United W,967,Everton LFC,2,0,available,scheduled,False,False
3775628,2021-03-27,37,FA Women's Super League,90,2020/2021,female,1475,Manchester United W,972,West Ham United LFC,2,0,available,scheduled,False,False
3775638,2021-03-07,37,FA Women's Super League,90,2020/2021,female,965,Brighton & Hove Albion WFC,749,Tottenham Hotspur Women,2,0,available,scheduled,False,False
3775568,2021-04-28,37,FA Women's Super League,90,2020/2021,female,969,Birmingham City WFC,2647,Aston Villa W,1,1,available,scheduled,False,False
3775629,2021-01-24,37,FA Women's Super League,90,2020/2021,female,965,Brighton & Hove Albion WFC,746,Manchester City WFC,1,7,available,scheduled,False,False
3775648,2021-02-28,37,FA Women's Super League,90,2020/2021,female,2647,Aston Villa W,968,Arsenal WFC,0,4,available,scheduled,False,False
3775609,2021-04-28,37,FA Women's Super League,90,2020/2021,female,968,Arsenal WFC,972,West Ham United LFC,2,0,available,scheduled,False,False
3775633,2021-02-06,37,FA Women's Super League,90,2020/2021,female,2647,Aston Villa W,749,Tottenham Hotspur Women,1,0,available,scheduled,False,False
3775570,2021-03-28,37,FA Women's Super League,90,2020/2021,female,965,Brighton & Hove Albion WFC,967,Everton LFC,0,5,available,scheduled,False,False
3775581,2021-03-28,37,FA Women's Super League,90,2020/2021,female,971,Chelsea FCW,2647,Aston Villa W,2,0,available,scheduled,False,False
3775579,2021-05-02,37,FA Women's Super League,90,2020/2021,female,974,Reading WFC,965,Brighton & Hove Albion WFC,3,2,available,scheduled,False,False
3775544,2021-05-02,37,FA Women's Super League,90,2020/2021,female,2647,Aston Villa W,972,West Ham United LFC,0,0,available,scheduled,False,False
3775622,2021-04-25,37,FA Women's Super League,90,2020/2021,female,1475,Manchester United W,749,Tottenham Hotspur Women,4,1,available,scheduled,False,False
3775553,2020-11-08,37,FA Women's Super League,90,2020/2021,female,969,Birmingham City WFC,972,West Ham United LFC,1,2,available,scheduled,False,False
3775584,2020-12-06,37,FA Women's Super League,90,2020/2021,female,968,Arsenal WFC,969,Birmingham City WFC,3,0,available,scheduled,False,False
3775618,2020-10-11,37,FA Women's Super League,90,2020/2021,female,974,Reading WFC,969,Birmingham City WFC,0,1,available,scheduled,False,False
3775641,2020-11-14,37,FA Women's Super League,90,2020/2021,female,2647,Aston Villa W,969,Birmingham City WFC,0,1,available,scheduled,False,False
3775636,2020-10-18,37,FA Women's Super League,90,2020/2021,female,973,Bristol City WFC,969,Birmingham City WFC,0,4,available,scheduled,False,False
3775653,2021-03-11,37,FA Women's Super League,90,2020/2021,female,969,Birmingham City WFC,967,Everton LFC,0,4,available,scheduled,False,False
3775654,2021-03-28,37,FA Women's Super League,90,2020/2021,female,969,Birmingham City WFC,973,Bristol City WFC,1,1,available,scheduled,False,False
3775643,2021-03-17,37,FA Women's Super League,90,2020/2021,female,972,West Ham United LFC,969,Birmingham City WFC,2,2,available,scheduled,False,False
3764237,2020-09-13,37,FA Women's Super League,90,2020/2021,female,969,Birmingham City WFC,1475,Manchester United W,2,5,available,scheduled,False,False
3775594,2021-01-24,37,FA Women's Super League,90,2020/2021,female,1475,Manchester United W,969,Birmingham City WFC,2,0,available,scheduled,False,False
3775560,2021-05-09,37,FA Women's Super League,90,2020/2021,female,968,Arsenal WFC,2647,Aston Villa W,0,0,available,scheduled,False,False
3775624,2020-11-14,37,FA Women's Super League,90,2020/2021,female,1475,Manchester United W,746,Manchester City WFC,2,2,available,scheduled,False,False
3764240,2020-09-06,37,FA Women's Super League,90,2020/2021,female,973,Bristol City WFC,967,Everton LFC,0,4,available,scheduled,False,False
3764233,2020-09-06,37,FA Women's Super League,90,2020/2021,female,968,Arsenal WFC,974,Reading WFC,6,1,available,scheduled,False,False
3775585,2021-05-09,37,FA Women's Super League,90,2020/2021,female,965,Brighton & Hove Albion WFC,973,Bristol City WFC,3,1,available,scheduled,False,False
3775593,2021-05-09,37,FA Women's Super League,90,2020/2021,female,971,Chelsea FCW,974,Reading WFC,5,0,available,scheduled,False,False
3775602,2020-10-04,37,FA Women's Super League,90,2020/2021,female,972,West Ham United LFC,974,Reading WFC,0,1,available,scheduled,False,False
3775620,2020-10-11,37,FA Women's Super League,90,2020/2021,female,967,Everton LFC,972,West Ham United LFC,3,1,available,scheduled,False,False
3764232,2020-09-06,37,FA Women's Super League,90,2020/2021,female,1475,Manchester United W,971,Chelsea FCW,1,1,available,scheduled,False,False
3775559,2020-12-20,37,FA Women's Super League,90,2020/2021,female,968,Arsenal WFC,967,Everton LFC,4,0,available,scheduled,False,False
3775606,2021-01-10,37,FA Women's Super League,90,2020/2021,female,974,Reading WFC,971,Chelsea FCW,0,5,available,scheduled,False,False
3775567,2021-01-17,37,FA Women's Super League,90,2020/2021,female,971,Chelsea FCW,1475,Manchester United W,2,1,available,scheduled,False,False
3775607,2021-03-08,37,FA Women's Super League,90,2020/2021,female,973,Bristol City WFC,974,Reading WFC,3,2,available,scheduled,False,False
3764230,2020-09-06,37,FA Women's Super League,90,2020/2021,female,749,Tottenham Hotspur Women,972,West Ham United LFC,1,1,available,scheduled,False,False
3764241,2020-09-13,37,FA Women's Super League,90,2020/2021,female,746,Manchester City WFC,965,Brighton & Hove Albion WFC,0,0,available,scheduled,False,False
3764235,2020-09-13,37,FA Women's Super League,90,2020/2021,female,971,Chelsea FCW,973,Bristol City WFC,9,0,available,scheduled,False,False
3764239,2020-09-13,37,FA Women's Super League,90,2020/2021,female,967,Everton LFC,749,Tottenham Hotspur Women,1,0,available,scheduled,False,False
3764236,2020-09-13,37,FA Women's Super League,90,2020/2021,female,974,Reading WFC,2647,Aston Villa W,3,1,available,scheduled,False,False
3764231,2020-09-06,37,FA Women's Super League,90,2020/2021,female,965,Brighton & Hove Albion WFC,969,Birmingham City WFC,2,0,available,scheduled,False,False
3764234,2020-09-05,37,FA Women's Super League,90,2020/2021,female,2647,Aston Villa W,746,Manchester City WFC,0,2,available,scheduled,False,False
3775543,2020-10-11,37,FA Women's Super League,90,2020/2021,female,965,Brighton & Hove Albion WFC,968,Arsenal WFC,0,5,available,scheduled,False,False
3775551,2020-11-08,37,FA Women's Super League,90,2020/2021,female,1475,Manchester United W,968,Arsenal WFC,1,0,available,scheduled,False,False
3775540,2021-04-24,37,FA Women's Super League,90,2020/2021,female,2647,Aston Villa W,973,Bristol City WFC,2,2,available,scheduled,False,False
3775550,2021-03-17,37,FA Women's Super League,90,2020/2021,female,967,Everton LFC,971,Chelsea FCW,0,3,available,scheduled,False,False
3775545,2020-10-04,37,FA Women's Super League,90,2020/2021,female,746,Manchester City WFC,749,Tottenham Hotspur Women,4,1,available,scheduled,False,False
3775556,2020-11-08,37,FA Women's Super League,90,2020/2021,female,965,Brighton & Hove Albion WFC,2647,Aston Villa W,0,2,available,scheduled,False,False
3775575,2020-10-03,37,FA Women's Super League,90,2020/2021,female,2647,Aston Villa W,967,Everton LFC,0,6,available,scheduled,False,False
3775562,2020-10-04,37,FA Women's Super League,90,2020/2021,female,1475,Manchester United W,965,Brighton & Hove Albion WFC,3,0,available,scheduled,False,False
3775561,2020-10-18,37,FA Women's Super League,90,2020/2021,female,972,West Ham United LFC,1475,Manchester United W,2,4,available,scheduled,False,False
3775582,2020-10-18,37,FA Women's Super League,90,2020/2021,female,967,Everton LFC,965,Brighton & Hove Albion WFC,2,2,available,scheduled,False,False
3775558,2020-12-13,37,FA Women's Super League,90,2020/2021,female,974,Reading WFC,1475,Manchester United W,1,2,available,scheduled,False,False
3775552,2021-02-28,37,FA Women's Super League,90,2020/2021,female,749,Tottenham Hotspur Women,967,Everton LFC,2,3,available,scheduled,False,False
3775557,2021-04-25,37,FA Women's Super League,90,2020/2021,female,968,Arsenal WFC,965,Brighton & Hove Albion WFC,2,0,available,scheduled,False,False
3775564,2021-03-27,37,FA Women's Super League,90,2020/2021,female,746,Manchester City WFC,974,Reading WFC,1,0,available,scheduled,False,False
3775569,2021-04-04,37,FA Women's Super League,90,2020/2021,female,973,Bristol City WFC,968,Arsenal WFC,0,4,available,scheduled,False,False
3775548,2021-02-10,37,FA Women's Super League,90,2020/2021,female,971,Chelsea FCW,968,Arsenal WFC,3,0,available,scheduled,False,False
3775555,2021-05-05,37,FA Women's Super League,90,2020/2021,female,749,Tottenham Hotspur Women,971,Chelsea FCW,0,2,available,scheduled,False,False
3775549,2021-05-09,37,FA Women's Super League,90,2020/2021,female,969,Birmingham City WFC,749,Tottenham Hotspur Women,0,1,available,scheduled,False,False
3775572,2020-10-04,37,FA Women's Super League,90,2020/2021,female,969,Birmingham City WFC,971,Chelsea FCW,0,1,available,scheduled,False,False
3775577,2021-05-02,37,FA Women's Super League,90,2020/2021,female,967,Everton LFC,968,Arsenal WFC,1,2,available,scheduled,False,False
3775541,2021-03-07,37,FA Women's Super League,90,2020/2021,female,1475,Manchester United W,2647,Aston Villa W,3,0,available,scheduled,False,False
3775588,2020-12-06,37,FA Women's Super League,90,2020/2021,female,749,Tottenham Hotspur Women,965,Brighton & Hove Albion WFC,3,1,available,scheduled,False,False
3775586,2020-10-18,37,FA Women's Super League,90,2020/2021,female,968,Arsenal WFC,749,Tottenham Hotspur Women,6,1,available,scheduled,False,False
3775592,2020-11-07,37,FA Women's Super League,90,2020/2021,female,749,Tottenham Hotspur Women,974,Reading WFC,1,1,available,scheduled,False,False
3775580,2020-12-13,37,FA Women's Super League,90,2020/2021,female,965,Brighton & Hove Albion WFC,971,Chelsea FCW,0,1,available,scheduled,False,False
3775591,2021-03-07,37,FA Women's Super League,90,2020/2021,female,972,West Ham United LFC,971,Chelsea FCW,0,2,available,scheduled,False,False
3775590,2021-02-07,37,FA Women's Super League,90,2020/2021,female,967,Everton LFC,969,Birmingham City WFC,1,1,available,scheduled,False,False
3775571,2021-01-23,37,FA Women's Super League,90,2020/2021,female,2647,Aston Villa W,974,Reading WFC,2,2,available,scheduled,False,False
3775589,2021-01-17,37,FA Women's Super League,90,2020/2021,female,974,Reading WFC,968,Arsenal WFC,1,1,available,scheduled,False,False
3775578,2021-02-14,37,FA Women's Super League,90,2020/2021,female,974,Reading WFC,967,Everton LFC,1,1,available,scheduled,False,False
3775596,2021-03-17,37,FA Women's Super League,90,2020/2021,female,973,Bristol City WFC,746,Manchester City WFC,0,3,available,scheduled,False,False
3775576,2021-04-21,37,FA Women's Super League,90,2020/2021,female,746,Manchester City WFC,971,Chelsea FCW,2,2,available,scheduled,False,False
3775574,2021-05-02,37,FA Women's Super League,90,2020/2021,female,746,Manchester City WFC,969,Birmingham City WFC,4,0,available,scheduled,False,False
3775573,2021-05-09,37,FA Women's Super League,90,2020/2021,female,972,West Ham United LFC,746,Manchester City WFC,0,1,available,scheduled,False,False
3775597,2021-03-19,37,FA Women's Super League,90,2020/2021,female,968,Arsenal WFC,1475,Manchester United W,2,0,available,scheduled,False,False
3775611,2020-10-11,37,FA Women's Super League,90,2020/2021,female,971,Chelsea FCW,746,Manchester City WFC,3,1,available,scheduled,False,False
3775612,2021-04-25,37,FA Women's Super League,90,2020/2021,female,969,Birmingham City WFC,974,Reading WFC,1,1,available,scheduled,False,False
3775627,2020-11-15,37,FA Women's Super League,90,2020/2021,female,968,Arsenal WFC,971,Chelsea FCW,1,1,available,scheduled,False,False
3775644,2020-10-10,37,FA Women's Super League,90,2020/2021,female,749,Tottenham Hotspur Women,1475,Manchester United W,0,1,available,scheduled,False,False
3775637,2020-12-09,37,FA Women's Super League,90,2020/2021,female,973,Bristol City WFC,2647,Aston Villa W,0,4,available,scheduled,False,False
3775631,2020-11-14,37,FA Women's Super League,90,2020/2021,female,973,Bristol City WFC,749,Tottenham Hotspur Women,2,2,available,scheduled,False,False
3775621,2020-12-06,37,FA Women's Super League,90,2020/2021,female,974,Reading WFC,973,Bristol City WFC,1,1,available,scheduled,False,False
3775615,2020-12-13,37,FA Women's Super League,90,2020/2021,female,749,Tottenham Hotspur Women,2647,Aston Villa W,3,1,available,scheduled,False,False
3775610,2020-12-20,37,FA Women's Super League,90,2020/2021,female,1475,Manchester United W,973,Bristol City WFC,6,1,available,scheduled,False,False
3775616,2020-12-13,37,FA Women's Super League,90,2020/2021,female,973,Bristol City WFC,972,West Ham United LFC,0,4,available,scheduled,False,False
3775632,2020-12-06,37,FA Women's Super League,90,2020/2021,female,967,Everton LFC,746,Manchester City WFC,0,3,available,scheduled,False,False
3775619,2020-12-20,37,FA Women's Super League,90,2020/2021,female,965,Brighton & Hove Albion WFC,974,Reading WFC,1,3,available,scheduled,False,False
3775600,2021-02-07,37,FA Women's Super League,90,2020/2021,female,968,Arsenal WFC,746,Manchester City WFC,1,2,available,scheduled,False,False
3775605,2021-01-31,37,FA Women's Super League,90,2020/2021,female,971,Chelsea FCW,749,Tottenham Hotspur Women,4,0,available,scheduled,False,False
3775626,2021-01-17,37,FA Women's Super League,90,2020/2021,female,746,Manchester City WFC,2647,Aston Villa W,7,0,available,scheduled,False,False
3775614,2021-02-14,37,FA Women's Super League,90,2020/2021,female,973,Bristol City WFC,971,Chelsea FCW,0,5,available,scheduled,False,False
3775603,2021-02-10,37,FA Women's Super League,90,2020/2021,female,965,Brighton & Hove Albion WFC,972,West Ham United LFC,1,0,available,scheduled,False,False
3775625,2020-11-07,37,FA Women's Super League,90,2020/2021,female,746,Manchester City WFC,973,Bristol City WFC,8,1,available,scheduled,False,False
3775613,2021-03-27,37,FA Women's Super League,90,2020/2021,female,749,Tottenham Hotspur Women,968,Arsenal WFC,0,3,available,scheduled,False,False
3775598,2021-03-14,37,FA Women's Super League,90,2020/2021,female,974,Reading WFC,749,Tottenham Hotspur Women,0,0,available,scheduled,False,False
3775601,2021-05-02,37,FA Women's Super League,90,2020/2021,female,973,Bristol City WFC,1475,Manchester United W,0,1,available,scheduled,False,False
3775630,2021-03-07,37,FA Women's Super League,90,2020/2021,female,969,Birmingham City WFC,968,Arsenal WFC,0,4,available,scheduled,False,False
3775651,2021-01-31,37,FA Women's Super League,90,2020/2021,female,746,Manchester City WFC,972,West Ham United LFC,4,0,available,scheduled,False,False
3775635,2021-04-25,37,FA Women's Super League,90,2020/2021,female,972,West Ham United LFC,967,Everton LFC,0,0,available,scheduled,False,False
3775650,2020-12-06,37,FA Women's Super League,90,2020/2021,female,971,Chelsea FCW,972,West Ham United LFC,3,2,available,scheduled,False,False
3775647,2021-01-17,37,FA Women's Super League,90,2020/2021,female,969,Birmingham City WFC,965,Brighton & Hove Albion WFC,0,0,available,scheduled,False,False
3775659,2020-10-18,37,FA Women's Super League,90,2020/2021,female,974,Reading WFC,746,Manchester City WFC,1,1,available,scheduled,False,False
3775657,2020-10-04,37,FA Women's Super League,90,2020/2021,female,968,Arsenal WFC,973,Bristol City WFC,3,1,available,scheduled,False,False
3775649,2021-04-03,37,FA Women's Super League,90,2020/2021,female,974,Reading WFC,972,West Ham United LFC,0,5,available,scheduled,False,False
3775645,2020-11-08,37,FA Women's Super League,90,2020/2021,female,971,Chelsea FCW,967,Everton LFC,4,0,available,scheduled,False,False
3775639,2021-03-07,37,FA Women's Super League,90,2020/2021,female,746,Manchester City WFC,967,Everton LFC,1,0,available,scheduled,False,False
3775642,2021-03-17,37,FA Women's Super League,90,2020/2021,female,2647,Aston Villa W,965,Brighton & Hove Albion WFC,0,2,available,scheduled,False,False
3775646,2021-01-27,37,FA Women's Super League,90,2020/2021,female,2647,Aston Villa W,971,Chelsea FCW,0,4,available,scheduled,False,False
3775655,2021-02-07,37,FA Women's Super League,90,2020/2021,female,972,West Ham United LFC,973,Bristol City WFC,1,1,available,scheduled,False,False
3775640,2021-02-07,37,FA Women's Super League,90,2020/2021,female,1475,Manchester United W,974,Reading WFC,0,2,available,scheduled,False,False
3775658,2021-02-12,37,FA Women's Super League,90,2020/2021,female,746,Manchester City WFC,1475,Manchester United W,3,0,available,scheduled,False,False
3775623,2020-11-15,37,FA Women's Super League,90,2020/2021,female,972,West Ham United LFC,965,Brighton & Hove Albion WFC,0,1,available,scheduled,False,False
3775566,2020-12-05,37,FA Women's Super League,90,2020/2021,female,2647,Aston Villa W,1475,Manchester United W,0,2,available,scheduled,False,False
3775546,2021-03-21,37,FA Women's Super League,90,2020/2021,female,749,Tottenham Hotspur Women,973,Bristol City WFC,1,1,available,scheduled,False,False
3775547,2021-02-28,37,FA Women's Super League,90,2020/2021,female,969,Birmingham City WFC,746,Manchester City WFC,0,4,available,scheduled,False,False
3775587,2021-01-31,37,FA Women's Super League,90,2020/2021,female,967,Everton LFC,1475,Manchester United W,0,2,available,scheduled,False,False
3775595,2021-01-30,37,FA Women's Super League,90,2020/2021,female,973,Bristol City WFC,965,Brighton & Hove Albion WFC,3,0,available,scheduled,False,False
3775604,2021-04-04,37,FA Women's Super League,90,2020/2021,female,749,Tottenham Hotspur Women,746,Manchester City WFC,0,3,available,scheduled,False,False
3775634,2021-04-04,37,FA Women's Super League,90,2020/2021,female,967,Everton LFC,2647,Aston Villa W,3,1,available,scheduled,False,False
3775617,2021-04-04,37,FA Women's Super League,90,2020/2021,female,965,Brighton & Hove Albion WFC,1475,Manchester United W,1,0,available,scheduled,False,False
3775565,2021-04-04,37,FA Women's Super League,90,2020/2021,female,971,Chelsea FCW,969,Birmingham City WFC,6,0,available,scheduled,False,False
3775583,2020-12-13,37,FA Women's Super League,90,2020/2021,female,746,Manchester City WFC,968,Arsenal WFC,2,1,available,scheduled,False,False
3775542,2021-01-17,37,FA Women's Super League,90,2020/2021,female,967,Everton LFC,973,Bristol City WFC,4,0,available,scheduled,False,False
3775608,2021-01-17,37,FA Women's Super League,90,2020/2021,female,972,West Ham United LFC,749,Tottenham Hotspur Women,0,1,available,scheduled,False,False
3775599,2021-04-20,37,FA Women's Super League,90,2020/2021,female,972,West Ham United LFC,2647,Aston Villa W,0,0,available,scheduled,False,False
3775554,2020-11-14,37,FA Women's Super League,90,2020/2021,female,967,Everton LFC,974,Reading WFC,1,1,available,scheduled,False,False
3775652,2021-02-07,37,FA Women's Super League,90,2020/2021,female,971,Chelsea FCW,965,Brighton & Hove Albion WFC,1,2,available,scheduled,False,False
3764238,2020-09-12,37,FA Women's Super League,90,2020/2021,female,972,West Ham United LFC,968,Arsenal WFC,1,9,available,scheduled,False,False
2275078,2020-01-11,37,FA Women's Super League,42,2019/2020,female,746,Manchester City WFC,967,Everton LFC,3,1,available,scheduled,False,False
2275127,2019-10-13,37,FA Women's Super League,42,2019/2020,female,974,Reading WFC,967,Everton LFC,3,2,available,scheduled,False,False
2275136,2019-09-07,37,FA Women's Super League,42,2019/2020,female,746,Manchester City WFC,1475,Manchester United W,1,0,available,scheduled,False,False
2275154,2019-11-17,37,FA Women's Super League,42,2019/2020,female,971,Chelsea FCW,1475,Manchester United W,1,0,available,scheduled,False,False
2275150,2019-12-01,37,FA Women's Super League,42,2019/2020,female,972,West Ham United LFC,1475,Manchester United W,3,2,available,scheduled,False,False
2275146,2019-12-08,37,FA Women's Super League,42,2019/2020,female,1475,Manchester United W,967,Everton LFC,3,1,available,scheduled,False,False
2275142,2020-01-05,37,FA Women's Super League,42,2019/2020,female,1475,Manchester United W,973,Bristol City WFC,0,1,available,scheduled,False,False
2275137,2020-01-19,37,FA Women's Super League,42,2019/2020,female,1475,Manchester United W,749,Tottenham Hotspur Women,3,0,available,scheduled,False,False
2275153,2020-02-02,37,FA Women's Super League,42,2019/2020,female,974,Reading WFC,1475,Manchester United W,1,1,available,scheduled,False,False
2275151,2020-02-12,37,FA Women's Super League,42,2019/2020,female,965,Brighton & Hove Albion WFC,1475,Manchester United W,1,1,available,scheduled,False,False
2275144,2020-02-23,37,FA Women's Super League,42,2019/2020,female,967,Everton LFC,1475,Manchester United W,2,3,available,scheduled,False,False
2275088,2019-12-08,37,FA Women's Super League,42,2019/2020,female,973,Bristol City WFC,969,Birmingham City WFC,0,2,available,scheduled,False,False
2275110,2019-10-27,37,FA Women's Super League,42,2019/2020,female,969,Birmingham City WFC,966,Liverpool WFC,2,0,available,scheduled,False,False
2275044,2019-10-27,37,FA Women's Super League,42,2019/2020,female,968,Arsenal WFC,746,Manchester City WFC,1,0,available,scheduled,False,False
2275105,2020-02-23,37,FA Women's Super League,42,2019/2020,female,746,Manchester City WFC,971,Chelsea FCW,3,3,available,scheduled,False,False
2275063,2019-10-13,37,FA Women's Super League,42,2019/2020,female,971,Chelsea FCW,968,Arsenal WFC,2,1,available,scheduled,False,False
2275054,2020-01-05,37,FA Women's Super League,42,2019/2020,female,965,Brighton & Hove Albion WFC,966,Liverpool WFC,1,0,available,scheduled,False,False
2275072,2020-01-05,37,FA Women's Super League,42,2019/2020,female,971,Chelsea FCW,974,Reading WFC,3,1,available,scheduled,False,False
2275085,2020-01-05,37,FA Women's Super League,42,2019/2020,female,749,Tottenham Hotspur Women,746,Manchester City WFC,1,4,available,scheduled,False,False
2275113,2020-01-19,37,FA Women's Super League,42,2019/2020,female,972,West Ham United LFC,965,Brighton & Hove Albion WFC,2,1,available,scheduled,False,False
2275099,2019-09-08,37,FA Women's Super League,42,2019/2020,female,966,Liverpool WFC,974,Reading WFC,0,1,available,scheduled,False,False
2275057,2020-02-02,37,FA Women's Super League,42,2019/2020,female,971,Chelsea FCW,972,West Ham United LFC,8,0,available,scheduled,False,False
2275075,2019-12-15,37,FA Women's Super League,42,2019/2020,female,974,Reading WFC,749,Tottenham Hotspur Women,3,1,available,scheduled,False,False
2275077,2020-01-12,37,FA Women's Super League,42,2019/2020,female,749,Tottenham Hotspur Women,972,West Ham United LFC,2,1,available,scheduled,False,False
2275036,2020-01-19,37,FA Women's Super League,42,2019/2020,female,967,Everton LFC,974,Reading WFC,3,1,available,scheduled,False,False
2275117,2019-12-15,37,FA Women's Super League,42,2019/2020,female,967,Everton LFC,968,Arsenal WFC,1,3,available,scheduled,False,False
2275092,2020-01-19,37,FA Women's Super League,42,2019/2020,female,969,Birmingham City WFC,746,Manchester City WFC,0,2,available,scheduled,False,False
2275040,2019-10-13,37,FA Women's Super League,42,2019/2020,female,965,Brighton & Hove Albion WFC,972,West Ham United LFC,1,3,available,scheduled,False,False
2275122,2019-11-17,37,FA Women's Super League,42,2019/2020,female,974,Reading WFC,973,Bristol City WFC,3,3,available,scheduled,False,False
2275045,2019-12-15,37,FA Women's Super League,42,2019/2020,female,966,Liverpool WFC,971,Chelsea FCW,1,1,available,scheduled,False,False
2275093,2019-11-24,37,FA Women's Super League,42,2019/2020,female,969,Birmingham City WFC,971,Chelsea FCW,0,6,available,scheduled,False,False
2275097,2019-12-15,37,FA Women's Super League,42,2019/2020,female,746,Manchester City WFC,965,Brighton & Hove Albion WFC,5,0,available,scheduled,False,False
2275084,2019-10-27,37,FA Women's Super League,42,2019/2020,female,972,West Ham United LFC,971,Chelsea FCW,1,3,available,scheduled,False,False
2275089,2020-01-05,37,FA Women's Super League,42,2019/2020,female,968,Arsenal WFC,969,Birmingham City WFC,2,0,available,scheduled,False,False
2275116,2019-12-01,37,FA Women's Super League,42,2019/2020,female,746,Manchester City WFC,966,Liverpool WFC,1,0,available,scheduled,False,False
2275104,2019-12-01,37,FA Women's Super League,42,2019/2020,female,968,Arsenal WFC,973,Bristol City WFC,11,1,available,scheduled,False,False
2275052,2019-09-15,37,FA Women's Super League,42,2019/2020,female,965,Brighton & Hove Albion WFC,971,Chelsea FCW,1,1,available,scheduled,False,False
2275037,2020-02-02,37,FA Women's Super League,42,2019/2020,female,746,Manchester City WFC,968,Arsenal WFC,2,1,available,scheduled,False,False
2275027,2020-02-02,37,FA Women's Super League,42,2019/2020,female,965,Brighton & Hove Albion WFC,967,Everton LFC,1,0,available,scheduled,False,False
2275080,2020-01-12,37,FA Women's Super League,42,2019/2020,female,971,Chelsea FCW,973,Bristol City WFC,6,1,available,scheduled,False,False
2275098,2020-01-12,37,FA Women's Super League,42,2019/2020,female,965,Brighton & Hove Albion WFC,968,Arsenal WFC,0,4,available,scheduled,False,False
2275156,2019-09-16,37,FA Women's Super League,42,2019/2020,female,1475,Manchester United W,968,Arsenal WFC,0,1,available,scheduled,False,False
2275139,2019-10-13,37,FA Women's Super League,42,2019/2020,female,749,Tottenham Hotspur Women,1475,Manchester United W,0,3,available,scheduled,False,False
2275070,2019-10-13,37,FA Women's Super League,42,2019/2020,female,966,Liverpool WFC,973,Bristol City WFC,1,1,available,scheduled,False,False
2275051,2019-10-27,37,FA Women's Super League,42,2019/2020,female,967,Everton LFC,965,Brighton & Hove Albion WFC,2,0,available,scheduled,False,False
2275050,2020-01-12,37,FA Women's Super League,42,2019/2020,female,974,Reading WFC,969,Birmingham City WFC,1,0,available,scheduled,False,False
2275029,2020-01-19,37,FA Women's Super League,42,2019/2020,female,973,Bristol City WFC,966,Liverpool WFC,0,1,available,scheduled,False,False
2275090,2020-01-19,37,FA Women's Super League,42,2019/2020,female,968,Arsenal WFC,971,Chelsea FCW,1,4,available,scheduled,False,False
2275042,2019-11-17,37,FA Women's Super League,42,2019/2020,female,746,Manchester City WFC,972,West Ham United LFC,5,0,available,scheduled,False,False
2275157,2019-10-27,37,FA Women's Super League,42,2019/2020,female,1475,Manchester United W,974,Reading WFC,2,0,available,scheduled,False,False
2275108,2019-09-29,37,FA Women's Super League,42,2019/2020,female,973,Bristol City WFC,971,Chelsea FCW,0,4,available,scheduled,False,False
2275082,2019-11-17,37,FA Women's Super League,42,2019/2020,female,749,Tottenham Hotspur Women,968,Arsenal WFC,0,2,available,scheduled,False,False
2275138,2019-09-28,37,FA Women's Super League,42,2019/2020,female,1475,Manchester United W,966,Liverpool WFC,2,0,available,scheduled,False,False
2275049,2019-11-24,37,FA Women's Super League,42,2019/2020,female,972,West Ham United LFC,974,Reading WFC,2,3,available,scheduled,False,False
2275132,2019-09-08,37,FA Women's Super League,42,2019/2020,female,971,Chelsea FCW,749,Tottenham Hotspur Women,1,0,available,scheduled,False,False
2275061,2019-09-07,37,FA Women's Super League,42,2019/2020,female,973,Bristol City WFC,965,Brighton & Hove Albion WFC,0,0,available,scheduled,False,False
2275096,2019-09-08,37,FA Women's Super League,42,2019/2020,female,968,Arsenal WFC,972,West Ham United LFC,2,1,available,scheduled,False,False
2275033,2019-10-27,37,FA Women's Super League,42,2019/2020,female,973,Bristol City WFC,749,Tottenham Hotspur Women,1,2,available,scheduled,False,False
2275107,2019-09-15,37,FA Women's Super League,42,2019/2020,female,974,Reading WFC,746,Manchester City WFC,0,2,available,scheduled,False,False
2275130,2019-12-08,37,FA Women's Super League,42,2019/2020,female,971,Chelsea FCW,746,Manchester City WFC,2,1,available,scheduled,False,False
2275034,2019-09-15,37,FA Women's Super League,42,2019/2020,female,749,Tottenham Hotspur Women,966,Liverpool WFC,1,0,available,scheduled,False,False
2275026,2019-11-24,37,FA Women's Super League,42,2019/2020,female,973,Bristol City WFC,746,Manchester City WFC,0,5,available,scheduled,False,False
2275041,2019-09-15,37,FA Women's Super League,42,2019/2020,female,967,Everton LFC,973,Bristol City WFC,2,0,available,scheduled,False,False
2275094,2019-09-15,37,FA Women's Super League,42,2019/2020,female,972,West Ham United LFC,969,Birmingham City WFC,1,0,available,scheduled,False,False
2275106,2020-02-12,37,FA Women's Super League,42,2019/2020,female,746,Manchester City WFC,973,Bristol City WFC,1,0,available,scheduled,False,False
2275073,2020-02-12,37,FA Women's Super League,42,2019/2020,female,749,Tottenham Hotspur Women,967,Everton LFC,2,2,available,scheduled,False,False
2275038,2020-02-12,37,FA Women's Super League,42,2019/2020,female,974,Reading WFC,972,West Ham United LFC,2,0,available,scheduled,False,False
2275131,2019-09-29,37,FA Women's Super League,42,2019/2020,female,967,Everton LFC,746,Manchester City WFC,0,1,available,scheduled,False,False
2275062,2020-02-13,37,FA Women's Super League,42,2019/2020,female,966,Liverpool WFC,968,Arsenal WFC,2,3,available,scheduled,False,False
2275048,2019-09-29,37,FA Women's Super League,42,2019/2020,female,972,West Ham United LFC,749,Tottenham Hotspur Women,0,2,available,scheduled,False,False
2275121,2019-09-29,37,FA Women's Super League,42,2019/2020,female,968,Arsenal WFC,965,Brighton & Hove Albion WFC,4,0,available,scheduled,False,False
2275065,2019-11-17,37,FA Women's Super League,42,2019/2020,female,965,Brighton & Hove Albion WFC,969,Birmingham City WFC,3,0,available,scheduled,False,False
2275079,2019-11-24,37,FA Women's Super League,42,2019/2020,female,968,Arsenal WFC,966,Liverpool WFC,1,0,available,scheduled,False,False
2275103,2019-12-08,37,FA Women's Super League,42,2019/2020,female,966,Liverpool WFC,972,West Ham United LFC,1,1,available,scheduled,False,False
2275140,2019-11-24,37,FA Women's Super League,42,2019/2020,female,1475,Manchester United W,965,Brighton & Hove Albion WFC,4,0,available,scheduled,False,False
2275126,2019-11-24,37,FA Women's Super League,42,2019/2020,female,967,Everton LFC,749,Tottenham Hotspur Women,3,1,available,scheduled,False,False
2275102,2019-11-29,37,FA Women's Super League,42,2019/2020,female,965,Brighton & Hove Albion WFC,974,Reading WFC,2,2,available,scheduled,False,False
2275109,2019-12-04,37,FA Women's Super League,42,2019/2020,female,969,Birmingham City WFC,749,Tottenham Hotspur Women,1,1,available,scheduled,False,False
2275091,2019-12-08,37,FA Women's Super League,42,2019/2020,female,749,Tottenham Hotspur Women,965,Brighton & Hove Albion WFC,1,0,available,scheduled,False,False
2275030,2020-02-23,37,FA Women's Super League,42,2019/2020,female,965,Brighton & Hove Albion WFC,749,Tottenham Hotspur Women,0,1,available,scheduled,False,False
2275133,2020-02-23,37,FA Women's Super League,42,2019/2020,female,972,West Ham United LFC,966,Liverpool WFC,4,2,available,scheduled,False,False
2275083,2020-02-23,37,FA Women's Super League,42,2019/2020,female,969,Birmingham City WFC,973,Bristol City WFC,0,1,available,scheduled,False,False
2275120,2019-09-08,37,FA Women's Super League,42,2019/2020,female,969,Birmingham City WFC,967,Everton LFC,0,1,available,scheduled,False,False
2275028,2019-10-12,37,FA Women's Super League,42,2019/2020,female,746,Manchester City WFC,969,Birmingham City WFC,3,0,available,scheduled,False,False
2275086,2019-12-08,37,FA Women's Super League,42,2019/2020,female,974,Reading WFC,968,Arsenal WFC,0,3,available,scheduled,False,False
2275056,2019-11-17,37,FA Women's Super League,42,2019/2020,female,966,Liverpool WFC,967,Everton LFC,0,1,available,scheduled,False,False
2275074,2020-02-12,37,FA Women's Super League,42,2019/2020,female,971,Chelsea FCW,969,Birmingham City WFC,2,0,available,scheduled,False,False
19770,2018-12-02,37,FA Women's Super League,4,2018/2019,female,746,Manchester City WFC,968,Arsenal WFC,2,0,available,scheduled,False,False
19820,2019-05-11,37,FA Women's Super League,4,2018/2019,female,974,Reading WFC,971,Chelsea FCW,2,3,available,scheduled,False,False
19772,2018-12-02,37,FA Women's Super League,4,2018/2019,female,971,Chelsea FCW,974,Reading WFC,1,0,available,scheduled,False,False
19769,2018-12-02,37,FA Women's Super League,4,2018/2019,female,965,Brighton & Hove Albion WFC,972,West Ham United LFC,0,1,available,scheduled,False,False
19746,2018-10-28,37,FA Women's Super League,4,2018/2019,female,967,Everton LFC,972,West Ham United LFC,1,2,available,scheduled,False,False
19778,2018-12-09,37,FA Women's Super League,4,2018/2019,female,746,Manchester City WFC,969,Birmingham City WFC,1,0,available,scheduled,False,False
19771,2018-12-02,37,FA Women's Super League,4,2018/2019,female,969,Birmingham City WFC,970,Yeovil Town LFC,2,1,available,scheduled,False,False
19736,2018-10-14,37,FA Women's Super League,4,2018/2019,female,971,Chelsea FCW,968,Arsenal WFC,0,5,available,scheduled,False,False
19745,2018-10-28,37,FA Women's Super League,4,2018/2019,female,965,Brighton & Hove Albion WFC,970,Yeovil Town LFC,2,1,available,scheduled,False,False
19730,2018-09-30,37,FA Women's Super League,4,2018/2019,female,971,Chelsea FCW,965,Brighton & Hove Albion WFC,2,0,available,scheduled,False,False
19794,2019-02-20,37,FA Women's Super League,4,2018/2019,female,971,Chelsea FCW,973,Bristol City WFC,6,0,available,scheduled,False,False
19766,2018-11-25,37,FA Women's Super League,4,2018/2019,female,968,Arsenal WFC,965,Brighton & Hove Albion WFC,4,1,available,scheduled,False,False
19734,2018-10-14,37,FA Women's Super League,4,2018/2019,female,967,Everton LFC,965,Brighton & Hove Albion WFC,3,3,available,scheduled,False,False
19717,2018-09-09,37,FA Women's Super League,4,2018/2019,female,968,Arsenal WFC,966,Liverpool WFC,5,0,available,scheduled,False,False
19718,2018-09-09,37,FA Women's Super League,4,2018/2019,female,969,Birmingham City WFC,967,Everton LFC,1,0,available,scheduled,False,False
19810,2019-04-21,37,FA Women's Super League,4,2018/2019,female,966,Liverpool WFC,973,Bristol City WFC,5,2,available,scheduled,False,False
19743,2018-10-21,37,FA Women's Super League,4,2018/2019,female,969,Birmingham City WFC,971,Chelsea FCW,0,0,available,scheduled,False,False
19740,2018-10-21,37,FA Women's Super League,4,2018/2019,female,972,West Ham United LFC,966,Liverpool WFC,0,1,available,scheduled,False,False
19716,2018-09-09,37,FA Women's Super League,4,2018/2019,female,974,Reading WFC,970,Yeovil Town LFC,4,0,available,scheduled,False,False
19800,2019-03-14,37,FA Women's Super League,4,2018/2019,female,968,Arsenal WFC,973,Bristol City WFC,4,0,available,scheduled,False,False
19739,2018-10-21,37,FA Women's Super League,4,2018/2019,female,965,Brighton & Hove Albion WFC,746,Manchester City WFC,0,6,available,scheduled,False,False
19748,2018-10-28,37,FA Women's Super League,4,2018/2019,female,971,Chelsea FCW,966,Liverpool WFC,1,0,available,scheduled,False,False
19822,2019-05-11,37,FA Women's Super League,4,2018/2019,female,970,Yeovil Town LFC,969,Birmingham City WFC,0,2,available,scheduled,False,False
19785,2019-01-13,37,FA Women's Super League,4,2018/2019,female,968,Arsenal WFC,971,Chelsea FCW,1,2,available,scheduled,False,False
19749,2018-11-04,37,FA Women's Super League,4,2018/2019,female,968,Arsenal WFC,969,Birmingham City WFC,3,1,available,scheduled,False,False
19751,2018-11-04,37,FA Women's Super League,4,2018/2019,female,972,West Ham United LFC,971,Chelsea FCW,0,2,available,scheduled,False,False
19764,2018-11-25,37,FA Women's Super League,4,2018/2019,female,970,Yeovil Town LFC,746,Manchester City WFC,0,4,available,scheduled,False,False
19773,2018-12-02,37,FA Women's Super League,4,2018/2019,female,967,Everton LFC,966,Liverpool WFC,2,1,available,scheduled,False,False
19783,2019-01-06,37,FA Women's Super League,4,2018/2019,female,971,Chelsea FCW,967,Everton LFC,3,0,available,scheduled,False,False
19747,2018-10-26,37,FA Women's Super League,4,2018/2019,female,746,Manchester City WFC,974,Reading WFC,1,1,available,scheduled,False,False
19757,2019-02-10,37,FA Women's Super League,4,2018/2019,female,973,Bristol City WFC,965,Brighton & Hove Albion WFC,0,0,available,scheduled,False,False
19742,2018-10-21,37,FA Women's Super League,4,2018/2019,female,970,Yeovil Town LFC,973,Bristol City WFC,1,2,available,scheduled,False,False
19777,2018-12-09,37,FA Women's Super League,4,2018/2019,female,970,Yeovil Town LFC,972,West Ham United LFC,0,5,available,scheduled,False,False
19758,2019-04-17,37,FA Women's Super League,4,2018/2019,female,970,Yeovil Town LFC,974,Reading WFC,0,5,available,scheduled,False,False
19802,2019-03-13,37,FA Women's Super League,4,2018/2019,female,970,Yeovil Town LFC,965,Brighton & Hove Albion WFC,1,1,available,scheduled,False,False
19803,2019-03-13,37,FA Women's Super League,4,2018/2019,female,972,West Ham United LFC,967,Everton LFC,0,1,available,scheduled,False,False
19811,2019-04-21,37,FA Women's Super League,4,2018/2019,female,968,Arsenal WFC,967,Everton LFC,2,1,available,scheduled,False,False
19805,2019-03-31,37,FA Women's Super League,4,2018/2019,female,971,Chelsea FCW,972,West Ham United LFC,1,1,available,scheduled,False,False
19752,2018-11-04,37,FA Women's Super League,4,2018/2019,female,966,Liverpool WFC,746,Manchester City WFC,0,3,available,scheduled,False,False
19775,2018-12-09,37,FA Women's Super League,4,2018/2019,female,974,Reading WFC,966,Liverpool WFC,2,2,available,scheduled,False,False
19760,2018-11-18,37,FA Women's Super League,4,2018/2019,female,971,Chelsea FCW,970,Yeovil Town LFC,5,0,available,scheduled,False,False
19787,2019-01-13,37,FA Women's Super League,4,2018/2019,female,969,Birmingham City WFC,973,Bristol City WFC,0,1,available,scheduled,False,False
19733,2018-09-30,37,FA Women's Super League,4,2018/2019,female,969,Birmingham City WFC,746,Manchester City WFC,2,3,available,scheduled,False,False
19765,2018-11-25,37,FA Women's Super League,4,2018/2019,female,966,Liverpool WFC,969,Birmingham City WFC,0,2,available,scheduled,False,False
19792,2019-01-27,37,FA Women's Super League,4,2018/2019,female,973,Bristol City WFC,970,Yeovil Town LFC,2,1,available,scheduled,False,False
19732,2018-09-30,37,FA Women's Super League,4,2018/2019,female,966,Liverpool WFC,974,Reading WFC,0,1,available,scheduled,False,False
19744,2018-10-28,37,FA Women's Super League,4,2018/2019,female,973,Bristol City WFC,968,Arsenal WFC,0,4,available,scheduled,False,False
19799,2019-03-13,37,FA Women's Super League,4,2018/2019,female,966,Liverpool WFC,971,Chelsea FCW,0,4,available,scheduled,False,False
19753,2018-11-04,37,FA Women's Super League,4,2018/2019,female,974,Reading WFC,973,Bristol City WFC,3,0,available,scheduled,False,False
19735,2018-10-14,37,FA Women's Super League,4,2018/2019,female,746,Manchester City WFC,972,West Ham United LFC,7,1,available,scheduled,False,False
19720,2018-09-19,37,FA Women's Super League,4,2018/2019,female,973,Bristol City WFC,971,Chelsea FCW,0,0,available,scheduled,False,False
19719,2018-09-19,37,FA Women's Super League,4,2018/2019,female,972,West Ham United LFC,974,Reading WFC,0,0,available,scheduled,False,False
19715,2018-09-09,37,FA Women's Super League,4,2018/2019,female,965,Brighton & Hove Albion WFC,973,Bristol City WFC,0,1,available,scheduled,False,False
19723,2018-09-20,37,FA Women's Super League,4,2018/2019,female,967,Everton LFC,746,Manchester City WFC,0,4,available,scheduled,False,False
19722,2018-09-19,37,FA Women's Super League,4,2018/2019,female,970,Yeovil Town LFC,968,Arsenal WFC,0,7,available,scheduled,False,False
19727,2018-09-23,37,FA Women's Super League,4,2018/2019,female,974,Reading WFC,969,Birmingham City WFC,0,1,available,scheduled,False,False
19731,2018-09-30,37,FA Women's Super League,4,2018/2019,female,972,West Ham United LFC,970,Yeovil Town LFC,2,1,available,scheduled,False,False
19714,2018-09-09,37,FA Women's Super League,4,2018/2019,female,971,Chelsea FCW,746,Manchester City WFC,0,0,available,scheduled,False,False
19728,2018-09-23,37,FA Women's Super League,4,2018/2019,female,746,Manchester City WFC,973,Bristol City WFC,2,2,available,scheduled,False,False
19726,2018-09-23,37,FA Women's Super League,4,2018/2019,female,967,Everton LFC,971,Chelsea FCW,0,0,available,scheduled,False,False
19725,2018-09-23,37,FA Women's Super League,4,2018/2019,female,965,Brighton & Hove Albion WFC,966,Liverpool WFC,0,1,available,scheduled,False,False
19738,2018-10-14,37,FA Women's Super League,4,2018/2019,female,973,Bristol City WFC,969,Birmingham City WFC,0,1,available,scheduled,False,False
19759,2018-11-18,37,FA Women's Super League,4,2018/2019,female,967,Everton LFC,968,Arsenal WFC,0,4,available,scheduled,False,False
19750,2018-11-04,37,FA Women's Super League,4,2018/2019,female,970,Yeovil Town LFC,967,Everton LFC,1,0,available,scheduled,False,False
19761,2018-11-17,37,FA Women's Super League,4,2018/2019,female,973,Bristol City WFC,966,Liverpool WFC,2,1,available,scheduled,False,False
19762,2018-11-18,37,FA Women's Super League,4,2018/2019,female,965,Brighton & Hove Albion WFC,974,Reading WFC,1,4,available,scheduled,False,False
19763,2018-11-18,37,FA Women's Super League,4,2018/2019,female,969,Birmingham City WFC,972,West Ham United LFC,3,0,available,scheduled,False,False
19768,2018-11-25,37,FA Women's Super League,4,2018/2019,female,972,West Ham United LFC,973,Bristol City WFC,2,0,available,scheduled,False,False
19767,2018-11-25,37,FA Women's Super League,4,2018/2019,female,974,Reading WFC,967,Everton LFC,2,1,available,scheduled,False,False
19776,2018-12-09,37,FA Women's Super League,4,2018/2019,female,965,Brighton & Hove Albion WFC,971,Chelsea FCW,0,4,available,scheduled,False,False
19737,2018-10-14,37,FA Women's Super League,4,2018/2019,female,966,Liverpool WFC,970,Yeovil Town LFC,2,1,available,scheduled,False,False
19790,2019-01-27,37,FA Women's Super League,4,2018/2019,female,746,Manchester City WFC,965,Brighton & Hove Albion WFC,3,0,available,scheduled,False,False
19793,2019-01-28,37,FA Women's Super League,4,2018/2019,female,966,Liverpool WFC,972,West Ham United LFC,1,0,available,scheduled,False,False
19789,2019-01-27,37,FA Women's Super League,4,2018/2019,female,971,Chelsea FCW,969,Birmingham City WFC,2,3,available,scheduled,False,False
19791,2019-01-27,37,FA Women's Super League,4,2018/2019,female,974,Reading WFC,968,Arsenal WFC,0,3,available,scheduled,False,False
19795,2019-02-20,37,FA Women's Super League,4,2018/2019,female,974,Reading WFC,972,West Ham United LFC,1,2,available,scheduled,False,False
19797,2019-02-20,37,FA Women's Super League,4,2018/2019,female,968,Arsenal WFC,970,Yeovil Town LFC,3,0,available,scheduled,False,False
19780,2019-01-06,37,FA Women's Super League,4,2018/2019,female,966,Liverpool WFC,965,Brighton & Hove Albion WFC,0,2,available,scheduled,False,False
19781,2019-01-06,37,FA Women's Super League,4,2018/2019,female,972,West Ham United LFC,968,Arsenal WFC,2,4,available,scheduled,False,False
19779,2019-01-06,37,FA Women's Super League,4,2018/2019,female,973,Bristol City WFC,746,Manchester City WFC,1,1,available,scheduled,False,False
19798,2019-02-20,37,FA Women's Super League,4,2018/2019,female,746,Manchester City WFC,967,Everton LFC,3,1,available,scheduled,False,False
19782,2019-01-06,37,FA Women's Super League,4,2018/2019,female,969,Birmingham City WFC,974,Reading WFC,2,1,available,scheduled,False,False
19784,2019-01-13,37,FA Women's Super League,4,2018/2019,female,965,Brighton & Hove Albion WFC,967,Everton LFC,0,0,available,scheduled,False,False
19786,2019-01-13,37,FA Women's Super League,4,2018/2019,female,972,West Ham United LFC,746,Manchester City WFC,1,3,available,scheduled,False,False
19774,2018-12-09,37,FA Women's Super League,4,2018/2019,female,967,Everton LFC,973,Bristol City WFC,0,2,available,scheduled,False,False
19755,2019-02-10,37,FA Women's Super League,4,2018/2019,female,746,Manchester City WFC,971,Chelsea FCW,2,2,available,scheduled,False,False
19806,2019-03-31,37,FA Women's Super League,4,2018/2019,female,973,Bristol City WFC,974,Reading WFC,0,1,available,scheduled,False,False
19807,2019-03-31,37,FA Women's Super League,4,2018/2019,female,746,Manchester City WFC,966,Liverpool WFC,2,1,available,scheduled,False,False
19788,2019-01-13,37,FA Women's Super League,4,2018/2019,female,970,Yeovil Town LFC,966,Liverpool WFC,1,2,available,scheduled,False,False
19808,2019-03-31,37,FA Women's Super League,4,2018/2019,female,967,Everton LFC,970,Yeovil Town LFC,0,1,available,scheduled,False,False
19804,2019-03-31,37,FA Women's Super League,4,2018/2019,female,969,Birmingham City WFC,968,Arsenal WFC,0,1,available,scheduled,False,False
19813,2019-04-21,37,FA Women's Super League,4,2018/2019,female,972,West Ham United LFC,969,Birmingham City WFC,1,2,available,scheduled,False,False
19816,2019-04-28,37,FA Women's Super League,4,2018/2019,female,969,Birmingham City WFC,966,Liverpool WFC,2,0,available,scheduled,False,False
19809,2019-04-20,37,FA Women's Super League,4,2018/2019,female,974,Reading WFC,965,Brighton & Hove Albion WFC,1,0,available,scheduled,False,False
19815,2019-04-28,37,FA Women's Super League,4,2018/2019,female,965,Brighton & Hove Albion WFC,968,Arsenal WFC,0,4,available,scheduled,False,False
19817,2019-04-28,37,FA Women's Super League,4,2018/2019,female,967,Everton LFC,974,Reading WFC,3,2,available,scheduled,False,False
19818,2019-04-28,37,FA Women's Super League,4,2018/2019,female,746,Manchester City WFC,970,Yeovil Town LFC,2,1,available,scheduled,False,False
19819,2019-05-11,37,FA Women's Super League,4,2018/2019,female,972,West Ham United LFC,965,Brighton & Hove Albion WFC,0,4,available,scheduled,False,False
19821,2019-05-11,37,FA Women's Super League,4,2018/2019,female,968,Arsenal WFC,746,Manchester City WFC,1,0,available,scheduled,False,False
19801,2019-03-13,37,FA Women's Super League,4,2018/2019,female,974,Reading WFC,746,Manchester City WFC,3,4,available,scheduled,False,False
19741,2018-10-21,37,FA Women's Super League,4,2018/2019,female,968,Arsenal WFC,974,Reading WFC,6,0,available,scheduled,False,False
19756,2019-04-17,37,FA Women's Super League,4,2018/2019,female,967,Everton LFC,969,Birmingham City WFC,1,3,available,scheduled,False,False
19754,2019-03-24,37,FA Women's Super League,4,2018/2019,female,966,Liverpool WFC,968,Arsenal WFC,1,5,available,scheduled,False,False
19724,2018-09-23,37,FA Women's Super League,4,2018/2019,female,968,Arsenal WFC,972,West Ham United LFC,4,3,available,scheduled,False,False
19814,2019-04-28,37,FA Women's Super League,4,2018/2019,female,973,Bristol City WFC,972,West Ham United LFC,1,2,available,scheduled,False,False
19729,2019-03-24,37,FA Women's Super League,4,2018/2019,female,973,Bristol City WFC,967,Everton LFC,1,0,available,scheduled,False,False
19796,2019-02-20,37,FA Women's Super League,4,2018/2019,female,965,Brighton & Hove Albion WFC,969,Birmingham City WFC,2,1,available,scheduled,False,False
3888787,1979-09-07,1470,FIFA U20 World Cup,274,1979,male,9763,Argentina U20,17403,Soviet Union U20,3,1,available,unscheduled,False,False
3857276,2022-12-01,43,FIFA World Cup,106,2022,male,1833,Canada,788,Morocco,1,2,available,available,True,True
3857271,2022-11-21,43,FIFA World Cup,106,2022,male,768,England,797,Iran,6,2,available,available,True,True
3857296,2022-12-01,43,FIFA World Cup,106,2022,male,785,Croatia,782,Belgium,0,0,available,available,True,True
3857274,2022-11-25,43,FIFA World Cup,106,2022,male,941,Netherlands,3565,Ecuador,1,1,available,available,True,True
3857255,2022-12-01,43,FIFA World Cup,106,2022,male,778,Japan,772,Spain,2,1,available,available,True,True
3857272,2022-11-25,43,FIFA World Cup,106,2022,male,768,England,1839,United States,0,0,available,available,True,True
3857278,2022-11-29,43,FIFA World Cup,106,2022,male,797,Iran,1839,United States,0,1,available,available,True,True
3857277,2022-11-23,43,FIFA World Cup,106,2022,male,788,Morocco,785,Croatia,0,0,available,available,True,True
3857273,2022-11-25,43,FIFA World Cup,106,2022,male,907,Wales,797,Iran,0,2,available,available,True,True
3857275,2022-11-30,43,FIFA World Cup,106,2022,male,777,Tunisia,771,France,1,0,available,available,True,True
3857261,2022-11-29,43,FIFA World Cup,106,2022,male,907,Wales,768,England,0,3,available,available,True,True
3857290,2022-11-24,43,FIFA World Cup,106,2022,male,773,Switzerland,2722,Cameroon,1,0,available,available,True,True
3857298,2022-11-24,43,FIFA World Cup,106,2022,male,780,Portugal,4885,Ghana,3,2,available,available,True,True
3857285,2022-11-21,43,FIFA World Cup,106,2022,male,787,Senegal,941,Netherlands,0,2,available,available,True,True
3857282,2022-11-21,43,FIFA World Cup,106,2022,male,1839,United States,907,Wales,1,1,available,available,True,True
3857297,2022-11-26,43,FIFA World Cup,106,2022,male,789,Poland,799,Saudi Arabia,2,0,available,available,True,True
3857294,2022-11-29,43,FIFA World Cup,106,2022,male,941,Netherlands,3566,Qatar,2,0,available,available,True,True
3857266,2022-11-26,43,FIFA World Cup,106,2022,male,771,France,776,Denmark,2,1,available,available,True,True
3857284,2022-11-23,43,FIFA World Cup,106,2022,male,770,Germany,778,Japan,1,2,available,available,True,True
3857254,2022-11-22,43,FIFA World Cup,106,2022,male,776,Denmark,777,Tunisia,0,0,available,available,True,True
3857265,2022-11-22,43,FIFA World Cup,106,2022,male,794,Mexico,789,Poland,0,0,available,available,True,True
3857301,2022-11-25,43,FIFA World Cup,106,2022,male,3566,Qatar,787,Senegal,1,3,available,available,True,True
3857268,2022-11-23,43,FIFA World Cup,106,2022,male,782,Belgium,1833,Canada,1,0,available,available,True,True
3857269,2022-11-28,43,FIFA World Cup,106,2022,male,781,Brazil,773,Switzerland,1,0,available,available,True,True
3869321,2022-12-09,43,FIFA World Cup,106,2022,male,941,Netherlands,779,Argentina,2,2,available,available,True,True
3857292,2022-12-01,43,FIFA World Cup,106,2022,male,795,Costa Rica,770,Germany,2,4,available,available,True,True
3857295,2022-11-27,43,FIFA World Cup,106,2022,male,778,Japan,795,Costa Rica,0,1,available,available,True,True
3869685,2022-12-18,43,FIFA World Cup,106,2022,male,779,Argentina,771,France,3,3,available,available,True,True
3869684,2022-12-17,43,FIFA World Cup,106,2022,male,785,Croatia,788,Morocco,2,1,available,available,True,True
3857256,2022-12-02,43,FIFA World Cup,106,2022,male,786,Serbia,773,Switzerland,2,3,available,available,True,True
3869151,2022-12-03,43,FIFA World Cup,106,2022,male,779,Argentina,792,Australia,2,1,available,available,True,True
3857257,2022-11-30,43,FIFA World Cup,106,2022,male,792,Australia,776,Denmark,1,0,available,available,True,True
3857258,2022-11-24,43,FIFA World Cup,106,2022,male,781,Brazil,786,Serbia,2,0,available,available,True,True
3857288,2022-11-26,43,FIFA World Cup,106,2022,male,777,Tunisia,792,Australia,0,1,available,available,True,True
3857267,2022-11-29,43,FIFA World Cup,106,2022,male,3565,Ecuador,787,Senegal,1,2,available,available,True,True
3857287,2022-11-24,43,FIFA World Cup,106,2022,male,783,Uruguay,791,South Korea,0,0,available,available,True,True
3869486,2022-12-10,43,FIFA World Cup,106,2022,male,788,Morocco,780,Portugal,1,0,available,available,True,True
3857260,2022-11-30,43,FIFA World Cup,106,2022,male,799,Saudi Arabia,794,Mexico,1,2,available,available,True,True
3857264,2022-11-30,43,FIFA World Cup,106,2022,male,789,Poland,779,Argentina,0,2,available,available,True,True
3857289,2022-11-26,43,FIFA World Cup,106,2022,male,779,Argentina,794,Mexico,2,0,available,available,True,True
3869254,2022-12-06,43,FIFA World Cup,106,2022,male,780,Portugal,773,Switzerland,6,1,available,available,True,True
3869118,2022-12-04,43,FIFA World Cup,106,2022,male,768,England,787,Senegal,3,0,available,available,True,True
3869519,2022-12-13,43,FIFA World Cup,106,2022,male,779,Argentina,785,Croatia,3,0,available,available,True,True
3869354,2022-12-10,43,FIFA World Cup,106,2022,male,768,England,771,France,1,2,available,available,True,True
3869552,2022-12-14,43,FIFA World Cup,106,2022,male,771,France,788,Morocco,2,0,available,available,True,True
3869420,2022-12-09,43,FIFA World Cup,106,2022,male,785,Croatia,781,Brazil,1,1,available,available,True,True
3869220,2022-12-06,43,FIFA World Cup,106,2022,male,788,Morocco,772,Spain,0,0,available,available,True,True
3869219,2022-12-05,43,FIFA World Cup,106,2022,male,778,Japan,785,Croatia,1,1,available,available,True,True
3869253,2022-12-05,43,FIFA World Cup,106,2022,male,781,Brazil,791,South Korea,4,1,available,available,True,True
3869152,2022-12-04,43,FIFA World Cup,106,2022,male,771,France,789,Poland,3,1,available,available,True,True
3869117,2022-12-03,43,FIFA World Cup,106,2022,male,941,Netherlands,1839,United States,3,1,available,available,True,True
3857270,2022-11-28,43,FIFA World Cup,106,2022,male,780,Portugal,783,Uruguay,2,0,available,available,True,True
3857263,2022-11-27,43,FIFA World Cup,106,2022,male,772,Spain,770,Germany,1,1,available,available,True,True
3857259,2022-11-28,43,FIFA World Cup,106,2022,male,2722,Cameroon,786,Serbia,3,3,available,available,True,True
3857283,2022-11-27,43,FIFA World Cup,106,2022,male,782,Belgium,788,Morocco,0,2,available,available,True,True
3857286,2022-11-20,43,FIFA World Cup,106,2022,male,3566,Qatar,3565,Ecuador,0,2,available,available,True,True
3857300,2022-11-22,43,FIFA World Cup,106,2022,male,779,Argentina,799,Saudi Arabia,1,2,available,available,True,True
3857299,2022-11-28,43,FIFA World Cup,106,2022,male,791,South Korea,4885,Ghana,2,3,available,available,True,True
3857293,2022-12-02,43,FIFA World Cup,106,2022,male,4885,Ghana,783,Uruguay,0,2,available,available,True,True
3857291,2022-11-23,43,FIFA World Cup,106,2022,male,772,Spain,795,Costa Rica,7,0,available,available,True,True
3857281,2022-11-27,43,FIFA World Cup,106,2022,male,785,Croatia,1833,Canada,4,1,available,available,True,True
3857280,2022-12-02,43,FIFA World Cup,106,2022,male,2722,Cameroon,781,Brazil,1,0,available,available,True,True
3857279,2022-11-22,43,FIFA World Cup,106,2022,male,771,France,792,Australia,4,1,available,available,True,True
3857262,2022-12-02,43,FIFA World Cup,106,2022,male,791,South Korea,780,Portugal,2,1,available,available,True,True
8650,2018-07-06,43,FIFA World Cup,3,2018,male,781,Brazil,782,Belgium,1,2,available,scheduled,False,False
7584,2018-07-02,43,FIFA World Cup,3,2018,male,782,Belgium,778,Japan,3,2,available,scheduled,False,False
7554,2018-06-24,43,FIFA World Cup,3,2018,male,768,England,798,Panama,6,1,available,scheduled,False,False
7539,2018-06-19,43,FIFA World Cup,3,2018,male,789,Poland,787,Senegal,1,2,available,scheduled,False,False
7550,2018-06-22,43,FIFA World Cup,3,2018,male,786,Serbia,773,Switzerland,1,2,available,scheduled,False,False
7538,2018-06-18,43,FIFA World Cup,3,2018,male,790,Sweden,791,South Korea,1,0,available,scheduled,False,False
7534,2018-06-17,43,FIFA World Cup,3,2018,male,770,Germany,794,Mexico,0,1,available,scheduled,False,False
7543,2018-06-20,43,FIFA World Cup,3,2018,male,797,Iran,772,Spain,0,1,available,scheduled,False,False
7544,2018-06-20,43,FIFA World Cup,3,2018,male,783,Uruguay,799,Saudi Arabia,1,0,available,scheduled,False,False
7546,2018-06-21,43,FIFA World Cup,3,2018,male,771,France,784,Peru,1,0,available,scheduled,False,False
7545,2018-06-21,43,FIFA World Cup,3,2018,male,779,Argentina,785,Croatia,0,3,available,scheduled,False,False
7585,2018-07-03,43,FIFA World Cup,3,2018,male,769,Colombia,768,England,1,1,available,scheduled,False,False
7569,2018-06-28,43,FIFA World Cup,3,2018,male,798,Panama,777,Tunisia,1,2,available,scheduled,False,False
7572,2018-06-28,43,FIFA World Cup,3,2018,male,778,Japan,789,Poland,0,1,available,scheduled,False,False
7561,2018-06-26,43,FIFA World Cup,3,2018,male,793,Iceland,785,Croatia,1,2,available,scheduled,False,False
7540,2018-06-19,43,FIFA World Cup,3,2018,male,796,Russia,774,Egypt,3,1,available,scheduled,False,False
7531,2018-06-16,43,FIFA World Cup,3,2018,male,779,Argentina,793,Iceland,1,1,available,scheduled,False,False
7570,2018-06-28,43,FIFA World Cup,3,2018,male,768,England,782,Belgium,0,1,available,scheduled,False,False
7586,2018-07-03,43,FIFA World Cup,3,2018,male,790,Sweden,773,Switzerland,1,0,available,scheduled,False,False
7557,2018-06-25,43,FIFA World Cup,3,2018,male,797,Iran,780,Portugal,1,1,available,scheduled,False,False
7542,2018-06-20,43,FIFA World Cup,3,2018,male,780,Portugal,788,Morocco,1,0,available,scheduled,False,False
8656,2018-07-11,43,FIFA World Cup,3,2018,male,785,Croatia,768,England,2,1,available,scheduled,False,False
7548,2018-06-22,43,FIFA World Cup,3,2018,male,781,Brazil,795,Costa Rica,2,0,available,scheduled,False,False
7578,2018-06-15,43,FIFA World Cup,3,2018,male,774,Egypt,783,Uruguay,0,1,available,scheduled,False,False
7553,2018-06-23,43,FIFA World Cup,3,2018,male,791,South Korea,794,Mexico,1,2,available,scheduled,False,False
7536,2018-06-18,43,FIFA World Cup,3,2018,male,782,Belgium,798,Panama,3,0,available,scheduled,False,False
7555,2018-06-24,43,FIFA World Cup,3,2018,male,789,Poland,769,Colombia,0,3,available,scheduled,False,False
7576,2018-06-15,43,FIFA World Cup,3,2018,male,780,Portugal,772,Spain,3,3,available,scheduled,False,False
7565,2018-06-27,43,FIFA World Cup,3,2018,male,786,Serbia,781,Brazil,0,2,available,scheduled,False,False
7551,2018-06-23,43,FIFA World Cup,3,2018,male,770,Germany,790,Sweden,2,1,available,scheduled,False,False
7537,2018-06-18,43,FIFA World Cup,3,2018,male,777,Tunisia,768,England,1,2,available,scheduled,False,False
7580,2018-06-30,43,FIFA World Cup,3,2018,male,771,France,779,Argentina,4,3,available,scheduled,False,False
7581,2018-07-01,43,FIFA World Cup,3,2018,male,785,Croatia,776,Denmark,1,1,available,scheduled,False,False
7549,2018-06-22,43,FIFA World Cup,3,2018,male,775,Nigeria,793,Iceland,2,0,available,scheduled,False,False
7529,2018-06-16,43,FIFA World Cup,3,2018,male,785,Croatia,775,Nigeria,2,0,available,scheduled,False,False
7562,2018-06-26,43,FIFA World Cup,3,2018,male,792,Australia,784,Peru,0,2,available,scheduled,False,False
7571,2018-06-28,43,FIFA World Cup,3,2018,male,787,Senegal,769,Colombia,0,1,available,scheduled,False,False
7568,2018-06-27,43,FIFA World Cup,3,2018,male,773,Switzerland,795,Costa Rica,2,2,available,scheduled,False,False
7530,2018-06-16,43,FIFA World Cup,3,2018,male,771,France,792,Australia,2,1,available,scheduled,False,False
7558,2018-06-25,43,FIFA World Cup,3,2018,male,783,Uruguay,796,Russia,3,0,available,scheduled,False,False
7583,2018-07-02,43,FIFA World Cup,3,2018,male,781,Brazil,794,Mexico,2,0,available,scheduled,False,False
7547,2018-06-21,43,FIFA World Cup,3,2018,male,776,Denmark,792,Australia,1,1,available,scheduled,False,False
7535,2018-06-17,43,FIFA World Cup,3,2018,male,795,Costa Rica,786,Serbia,0,1,available,scheduled,False,False
8649,2018-07-06,43,FIFA World Cup,3,2018,male,783,Uruguay,771,France,0,2,available,scheduled,False,False
8658,2018-07-15,43,FIFA World Cup,3,2018,male,771,France,785,Croatia,4,2,available,scheduled,False,False
7582,2018-07-01,43,FIFA World Cup,3,2018,male,772,Spain,796,Russia,1,1,available,scheduled,False,False
7552,2018-06-23,43,FIFA World Cup,3,2018,male,782,Belgium,777,Tunisia,5,2,available,scheduled,False,False
7532,2018-06-16,43,FIFA World Cup,3,2018,male,784,Peru,776,Denmark,0,1,available,scheduled,False,False
7560,2018-06-25,43,FIFA World Cup,3,2018,male,772,Spain,788,Morocco,2,2,available,scheduled,False,False
7533,2018-06-17,43,FIFA World Cup,3,2018,male,781,Brazil,773,Switzerland,1,1,available,scheduled,False,False
7564,2018-06-26,43,FIFA World Cup,3,2018,male,775,Nigeria,779,Argentina,1,2,available,scheduled,False,False
7579,2018-06-30,43,FIFA World Cup,3,2018,male,783,Uruguay,780,Portugal,2,1,available,scheduled,False,False
7577,2018-06-15,43,FIFA World Cup,3,2018,male,788,Morocco,797,Iran,0,1,available,scheduled,False,False
7525,2018-06-14,43,FIFA World Cup,3,2018,male,796,Russia,799,Saudi Arabia,5,0,available,scheduled,False,False
7566,2018-06-27,43,FIFA World Cup,3,2018,male,794,Mexico,790,Sweden,0,3,available,scheduled,False,False
8651,2018-07-07,43,FIFA World Cup,3,2018,male,790,Sweden,768,England,0,2,available,scheduled,False,False
7567,2018-06-27,43,FIFA World Cup,3,2018,male,791,South Korea,770,Germany,2,0,available,scheduled,False,False
7541,2018-06-19,43,FIFA World Cup,3,2018,male,769,Colombia,778,Japan,1,2,available,scheduled,False,False
8655,2018-07-10,43,FIFA World Cup,3,2018,male,771,France,782,Belgium,1,0,available,scheduled,False,False
8657,2018-07-14,43,FIFA World Cup,3,2018,male,782,Belgium,768,England,2,0,available,scheduled,False,False
8652,2018-07-07,43,FIFA World Cup,3,2018,male,796,Russia,785,Croatia,2,2,available,scheduled,False,False
7563,2018-06-26,43,FIFA World Cup,3,2018,male,776,Denmark,771,France,0,0,available,scheduled,False,False
7556,2018-06-24,43,FIFA World Cup,3,2018,male,778,Japan,787,Senegal,2,2,available,scheduled,False,False
7559,2018-06-25,43,FIFA World Cup,3,2018,male,799,Saudi Arabia,774,Egypt,2,1,available,scheduled,False,False
3793185,1990-06-24,43,FIFA World Cup,55,1990,male,781,Brazil,779,Argentina,0,1,available,unscheduled,False,False
3889148,1986-06-25,43,FIFA World Cup,54,1986,male,779,Argentina,782,Belgium,2,0,available,unscheduled,False,False
3889149,1986-06-29,43,FIFA World Cup,54,1986,male,779,Argentina,770,Germany,3,2,available,unscheduled,False,False
3750191,1986-06-22,43,FIFA World Cup,54,1986,male,779,Argentina,768,England,2,1,available,scheduled,False,False
3888718,1974-06-30,43,FIFA World Cup,51,1974,male,2721,German DR,941,Netherlands,0,2,available,unscheduled,False,False
3888720,1974-07-07,43,FIFA World Cup,51,1974,male,941,Netherlands,770,Germany,1,2,available,unscheduled,False,False
3888719,1974-07-03,43,FIFA World Cup,51,1974,male,941,Netherlands,781,Brazil,2,0,available,unscheduled,False,False
3888717,1974-06-26,43,FIFA World Cup,51,1974,male,941,Netherlands,779,Argentina,4,0,available,unscheduled,False,False
3888716,1974-06-19,43,FIFA World Cup,51,1974,male,941,Netherlands,790,Sweden,0,0,available,unscheduled,False,False
3750180,1974-06-22,43,FIFA World Cup,51,1974,male,2721,German DR,770,Germany,1,0,available,scheduled,False,False
3888700,1970-06-07,43,FIFA World Cup,272,1970,male,781,Brazil,768,England,1,0,available,unscheduled,False,False
3889218,1970-06-14,43,FIFA World Cup,272,1970,male,781,Brazil,784,Peru,4,2,available,unscheduled,False,False
3889217,1970-06-09,43,FIFA World Cup,272,1970,male,781,Brazil,905,Romania,3,2,available,unscheduled,False,False
3888702,1970-06-21,43,FIFA World Cup,272,1970,male,781,Brazil,914,Italy,4,1,available,unscheduled,False,False
3888701,1970-06-17,43,FIFA World Cup,272,1970,male,781,Brazil,783,Uruguay,3,1,available,unscheduled,False,False
3888699,1970-06-03,43,FIFA World Cup,272,1970,male,781,Brazil,17469,Czechoslovakia,4,1,available,unscheduled,False,False
3888854,1962-05-30,43,FIFA World Cup,270,1962,male,781,Brazil,794,Mexico,2,0,available,unscheduled,False,False
3888705,1958-06-29,43,FIFA World Cup,269,1958,male,781,Brazil,790,Sweden,5,2,available,unscheduled,False,False
3888704,1958-06-24,43,FIFA World Cup,269,1958,male,781,Brazil,771,France,5,2,available,unscheduled,False,False
3911779,2023-11-04,135,Frauen Bundesliga,281,2023/2024,female,3169,Hoffenheim W,3165,SC Freiburg,2,3,available,unscheduled,False,False
3912217,2024-03-09,135,Frauen Bundesliga,281,2023/2024,female,3169,Hoffenheim W,19106,Nürnberg W,2,0,available,unscheduled,False,False
3912219,2024-03-15,135,Frauen Bundesliga,281,2023/2024,female,3169,Hoffenheim W,929,VfL Wolfsburg WFC,2,1,available,unscheduled,False,False
3911780,2023-11-06,135,Frauen Bundesliga,281,2023/2024,female,3168,SV Werder Bremen,3170,Eintracht Frankfurt W,0,1,available,unscheduled,False,False
3911802,2023-12-10,135,Frauen Bundesliga,281,2023/2024,female,3170,Eintracht Frankfurt W,3169,Hoffenheim W,3,1,available,unscheduled,False,False
3911778,2023-10-22,135,Frauen Bundesliga,281,2023/2024,female,19107,RB Leipzig W,1069,Bayern München W,0,3,available,unscheduled,False,False
3912190,2024-01-27,135,Frauen Bundesliga,281,2023/2024,female,1069,Bayern München W,3169,Hoffenheim W,1,0,available,unscheduled,False,False
3911800,2023-12-11,135,Frauen Bundesliga,281,2023/2024,female,1069,Bayern München W,3166,TSV Bayer 04 Leverkusen,3,0,available,unscheduled,False,False
3911768,2023-10-14,135,Frauen Bundesliga,281,2023/2024,female,1069,Bayern München W,3170,Eintracht Frankfurt W,0,0,available,unscheduled,False,False
3912203,2024-02-10,135,Frauen Bundesliga,281,2023/2024,female,6602,Köln,1069,Bayern München W,0,5,available,unscheduled,False,False
3912215,2024-03-09,135,Frauen Bundesliga,281,2023/2024,female,3170,Eintracht Frankfurt W,1069,Bayern München W,1,2,available,unscheduled,False,False
3911795,2023-11-19,135,Frauen Bundesliga,281,2023/2024,female,3168,SV Werder Bremen,1069,Bayern München W,0,2,available,unscheduled,False,False
3911788,2023-11-12,135,Frauen Bundesliga,281,2023/2024,female,1069,Bayern München W,924,Duisburg WFC,2,0,available,unscheduled,False,False
3911783,2023-11-05,135,Frauen Bundesliga,281,2023/2024,female,1069,Bayern München W,929,VfL Wolfsburg WFC,2,1,available,unscheduled,False,False
3912218,2024-03-16,135,Frauen Bundesliga,281,2023/2024,female,1069,Bayern München W,19107,RB Leipzig W,5,0,available,unscheduled,False,False
3911760,2023-10-02,135,Frauen Bundesliga,281,2023/2024,female,1069,Bayern München W,6602,Köln,2,0,available,unscheduled,False,False
3912187,2023-12-17,135,Frauen Bundesliga,281,2023/2024,female,19106,Nürnberg W,1069,Bayern München W,1,1,available,unscheduled,False,False
3911764,2023-10-08,135,Frauen Bundesliga,281,2023/2024,female,3164,SGS Essen 19/68,1069,Bayern München W,0,2,available,unscheduled,False,False
3912197,2024-02-04,135,Frauen Bundesliga,281,2023/2024,female,3166,TSV Bayer 04 Leverkusen,929,VfL Wolfsburg WFC,1,1,available,unscheduled,False,False
3912209,2024-02-18,135,Frauen Bundesliga,281,2023/2024,female,3166,TSV Bayer 04 Leverkusen,3169,Hoffenheim W,1,2,available,unscheduled,False,False
3912201,2024-02-10,135,Frauen Bundesliga,281,2023/2024,female,3169,Hoffenheim W,3168,SV Werder Bremen,1,1,available,unscheduled,False,False
3912207,2024-02-17,135,Frauen Bundesliga,281,2023/2024,female,19106,Nürnberg W,929,VfL Wolfsburg WFC,1,9,available,unscheduled,False,False
3912254,2024-05-20,135,Frauen Bundesliga,281,2023/2024,female,3166,TSV Bayer 04 Leverkusen,3168,SV Werder Bremen,2,3,available,unscheduled,False,False
3912257,2024-05-20,135,Frauen Bundesliga,281,2023/2024,female,6602,Köln,3170,Eintracht Frankfurt W,0,1,available,unscheduled,False,False
3912259,2024-05-20,135,Frauen Bundesliga,281,2023/2024,female,929,VfL Wolfsburg WFC,3164,SGS Essen 19/68,6,0,available,unscheduled,False,False
3912255,2024-05-20,135,Frauen Bundesliga,281,2023/2024,female,19106,Nürnberg W,924,Duisburg WFC,2,1,available,unscheduled,False,False
3912252,2024-05-12,135,Frauen Bundesliga,281,2023/2024,female,1069,Bayern München W,19106,Nürnberg W,4,0,available,unscheduled,False,False
3912246,2024-05-05,135,Frauen Bundesliga,281,2023/2024,female,3168,SV Werder Bremen,924,Duisburg WFC,4,2,available,unscheduled,False,False
3912244,2024-05-05,135,Frauen Bundesliga,281,2023/2024,female,3165,SC Freiburg,3164,SGS Essen 19/68,0,1,available,unscheduled,False,False
3912238,2024-04-21,135,Frauen Bundesliga,281,2023/2024,female,6602,Köln,3165,SC Freiburg,2,0,available,unscheduled,False,False
3912200,2024-02-11,135,Frauen Bundesliga,281,2023/2024,female,929,VfL Wolfsburg WFC,3170,Eintracht Frankfurt W,3,0,available,unscheduled,False,False
3912239,2024-04-22,135,Frauen Bundesliga,281,2023/2024,female,1069,Bayern München W,3168,SV Werder Bremen,3,0,available,unscheduled,False,False
3912240,2024-04-19,135,Frauen Bundesliga,281,2023/2024,female,19107,RB Leipzig W,3166,TSV Bayer 04 Leverkusen,1,0,available,unscheduled,False,False
3912232,2024-04-15,135,Frauen Bundesliga,281,2023/2024,female,3169,Hoffenheim W,6602,Köln,1,1,available,unscheduled,False,False
3912233,2024-04-14,135,Frauen Bundesliga,281,2023/2024,female,924,Duisburg WFC,1069,Bayern München W,1,5,available,unscheduled,False,False
3912242,2024-05-06,135,Frauen Bundesliga,281,2023/2024,female,19106,Nürnberg W,19107,RB Leipzig W,0,1,available,unscheduled,False,False
3912235,2024-04-13,135,Frauen Bundesliga,281,2023/2024,female,3166,TSV Bayer 04 Leverkusen,3170,Eintracht Frankfurt W,2,0,available,unscheduled,False,False
3912249,2024-05-11,135,Frauen Bundesliga,281,2023/2024,female,3164,SGS Essen 19/68,6602,Köln,2,1,available,unscheduled,False,False
3912253,2024-05-13,135,Frauen Bundesliga,281,2023/2024,female,3170,Eintracht Frankfurt W,3165,SC Freiburg,4,2,available,unscheduled,False,False
3912251,2024-05-11,135,Frauen Bundesliga,281,2023/2024,female,924,Duisburg WFC,3166,TSV Bayer 04 Leverkusen,1,3,available,unscheduled,False,False
3912224,2024-03-23,135,Frauen Bundesliga,281,2023/2024,female,929,VfL Wolfsburg WFC,1069,Bayern München W,0,4,available,unscheduled,False,False
3912241,2024-04-20,135,Frauen Bundesliga,281,2023/2024,female,3170,Eintracht Frankfurt W,19106,Nürnberg W,4,1,available,unscheduled,False,False
3912234,2024-04-12,135,Frauen Bundesliga,281,2023/2024,female,3168,SV Werder Bremen,19107,RB Leipzig W,1,1,available,unscheduled,False,False
3912231,2024-04-13,135,Frauen Bundesliga,281,2023/2024,female,3165,SC Freiburg,929,VfL Wolfsburg WFC,1,4,available,unscheduled,False,False
3912222,2024-03-17,135,Frauen Bundesliga,281,2023/2024,female,19106,Nürnberg W,3165,SC Freiburg,0,0,available,unscheduled,False,False
3912223,2024-03-17,135,Frauen Bundesliga,281,2023/2024,female,924,Duisburg WFC,3170,Eintracht Frankfurt W,1,2,available,unscheduled,False,False
3912214,2024-03-08,135,Frauen Bundesliga,281,2023/2024,female,3164,SGS Essen 19/68,924,Duisburg WFC,4,1,available,unscheduled,False,False
3912210,2024-02-16,135,Frauen Bundesliga,281,2023/2024,female,19107,RB Leipzig W,3170,Eintracht Frankfurt W,2,1,available,unscheduled,False,False
3912221,2024-03-16,135,Frauen Bundesliga,281,2023/2024,female,3168,SV Werder Bremen,3164,SGS Essen 19/68,0,0,available,unscheduled,False,False
3912189,2024-01-26,135,Frauen Bundesliga,281,2023/2024,female,3168,SV Werder Bremen,3166,TSV Bayer 04 Leverkusen,2,1,available,unscheduled,False,False
3912196,2024-02-05,135,Frauen Bundesliga,281,2023/2024,female,1069,Bayern München W,3165,SC Freiburg,4,0,available,unscheduled,False,False
3912199,2024-02-03,135,Frauen Bundesliga,281,2023/2024,female,3168,SV Werder Bremen,19106,Nürnberg W,4,0,available,unscheduled,False,False
3911785,2023-11-12,135,Frauen Bundesliga,281,2023/2024,female,929,VfL Wolfsburg WFC,3165,SC Freiburg,4,0,available,unscheduled,False,False
3911801,2023-12-08,135,Frauen Bundesliga,281,2023/2024,female,19107,RB Leipzig W,19106,Nürnberg W,0,0,available,unscheduled,False,False
3912186,2023-12-18,135,Frauen Bundesliga,281,2023/2024,female,929,VfL Wolfsburg WFC,3168,SV Werder Bremen,1,0,available,unscheduled,False,False
3912184,2023-12-16,135,Frauen Bundesliga,281,2023/2024,female,3165,SC Freiburg,3170,Eintracht Frankfurt W,0,4,available,unscheduled,False,False
3912185,2023-12-16,135,Frauen Bundesliga,281,2023/2024,female,6602,Köln,3164,SGS Essen 19/68,0,1,available,unscheduled,False,False
3911798,2023-12-09,135,Frauen Bundesliga,281,2023/2024,female,6602,Köln,929,VfL Wolfsburg WFC,1,4,available,unscheduled,False,False
3911787,2023-11-11,135,Frauen Bundesliga,281,2023/2024,female,3164,SGS Essen 19/68,19106,Nürnberg W,5,0,available,unscheduled,False,False
3911784,2023-11-05,135,Frauen Bundesliga,281,2023/2024,female,19106,Nürnberg W,6602,Köln,1,3,available,unscheduled,False,False
3911786,2023-11-10,135,Frauen Bundesliga,281,2023/2024,female,3170,Eintracht Frankfurt W,3166,TSV Bayer 04 Leverkusen,2,2,available,unscheduled,False,False
3911796,2023-11-18,135,Frauen Bundesliga,281,2023/2024,female,19106,Nürnberg W,3170,Eintracht Frankfurt W,0,2,available,unscheduled,False,False
3911789,2023-11-13,135,Frauen Bundesliga,281,2023/2024,female,6602,Köln,3169,Hoffenheim W,1,2,available,unscheduled,False,False
3911769,2023-10-14,135,Frauen Bundesliga,281,2023/2024,female,3168,SV Werder Bremen,6602,Köln,3,0,available,unscheduled,False,False
3911774,2023-10-21,135,Frauen Bundesliga,281,2023/2024,female,3164,SGS Essen 19/68,3168,SV Werder Bremen,1,1,available,unscheduled,False,False
3911777,2023-10-22,135,Frauen Bundesliga,281,2023/2024,female,3170,Eintracht Frankfurt W,924,Duisburg WFC,5,1,available,unscheduled,False,False
3911776,2023-10-22,135,Frauen Bundesliga,281,2023/2024,female,929,VfL Wolfsburg WFC,3169,Hoffenheim W,2,2,available,unscheduled,False,False
3911775,2023-10-21,135,Frauen Bundesliga,281,2023/2024,female,3165,SC Freiburg,19106,Nürnberg W,0,2,available,unscheduled,False,False
3911767,2023-10-13,135,Frauen Bundesliga,281,2023/2024,female,19106,Nürnberg W,3169,Hoffenheim W,0,3,available,unscheduled,False,False
3911765,2023-10-08,135,Frauen Bundesliga,281,2023/2024,female,3165,SC Freiburg,3168,SV Werder Bremen,2,1,available,unscheduled,False,False
3913800,2023-12-15,135,Frauen Bundesliga,281,2023/2024,female,3166,TSV Bayer 04 Leverkusen,924,Duisburg WFC,4,1,available,unscheduled,False,False
3911762,2023-10-07,135,Frauen Bundesliga,281,2023/2024,female,3170,Eintracht Frankfurt W,19107,RB Leipzig W,3,1,available,unscheduled,False,False
3911763,2023-10-07,135,Frauen Bundesliga,281,2023/2024,female,6602,Köln,924,Duisburg WFC,4,1,available,unscheduled,False,False
3911758,2023-10-01,135,Frauen Bundesliga,281,2023/2024,female,924,Duisburg WFC,3165,SC Freiburg,2,2,available,unscheduled,False,False
3911757,2023-09-30,135,Frauen Bundesliga,281,2023/2024,female,3168,SV Werder Bremen,3169,Hoffenheim W,1,3,available,unscheduled,False,False
3911759,2023-10-01,135,Frauen Bundesliga,281,2023/2024,female,3170,Eintracht Frankfurt W,929,VfL Wolfsburg WFC,2,4,available,unscheduled,False,False
3912258,2024-05-20,135,Frauen Bundesliga,281,2023/2024,female,3165,SC Freiburg,19107,RB Leipzig W,2,1,available,unscheduled,False,False
3912256,2024-05-20,135,Frauen Bundesliga,281,2023/2024,female,3169,Hoffenheim W,1069,Bayern München W,1,4,available,unscheduled,False,False
3912250,2024-05-12,135,Frauen Bundesliga,281,2023/2024,female,3168,SV Werder Bremen,929,VfL Wolfsburg WFC,0,3,available,unscheduled,False,False
3912248,2024-05-10,135,Frauen Bundesliga,281,2023/2024,female,19107,RB Leipzig W,3169,Hoffenheim W,3,0,available,unscheduled,False,False
3912247,2024-05-04,135,Frauen Bundesliga,281,2023/2024,female,3166,TSV Bayer 04 Leverkusen,1069,Bayern München W,1,2,available,unscheduled,False,False
3912245,2024-05-03,135,Frauen Bundesliga,281,2023/2024,female,929,VfL Wolfsburg WFC,6602,Köln,5,1,available,unscheduled,False,False
3912243,2024-05-04,135,Frauen Bundesliga,281,2023/2024,female,3169,Hoffenheim W,3170,Eintracht Frankfurt W,1,3,available,unscheduled,False,False
3912237,2024-04-21,135,Frauen Bundesliga,281,2023/2024,female,924,Duisburg WFC,929,VfL Wolfsburg WFC,1,4,available,unscheduled,False,False
3912236,2024-04-20,135,Frauen Bundesliga,281,2023/2024,female,3164,SGS Essen 19/68,3169,Hoffenheim W,2,1,available,unscheduled,False,False
3912230,2024-04-14,135,Frauen Bundesliga,281,2023/2024,female,19106,Nürnberg W,3164,SGS Essen 19/68,0,4,available,unscheduled,False,False
3912229,2024-03-25,135,Frauen Bundesliga,281,2023/2024,female,3170,Eintracht Frankfurt W,3168,SV Werder Bremen,2,0,available,unscheduled,False,False
3912228,2024-03-24,135,Frauen Bundesliga,281,2023/2024,female,19107,RB Leipzig W,924,Duisburg WFC,3,0,available,unscheduled,False,False
3912227,2024-03-22,135,Frauen Bundesliga,281,2023/2024,female,3165,SC Freiburg,3169,Hoffenheim W,2,4,available,unscheduled,False,False
3912226,2024-03-23,135,Frauen Bundesliga,281,2023/2024,female,6602,Köln,19106,Nürnberg W,3,4,available,unscheduled,False,False
3912225,2024-03-24,135,Frauen Bundesliga,281,2023/2024,female,3164,SGS Essen 19/68,3166,TSV Bayer 04 Leverkusen,0,0,available,unscheduled,False,False
3912220,2024-03-18,135,Frauen Bundesliga,281,2023/2024,female,3166,TSV Bayer 04 Leverkusen,6602,Köln,2,0,available,unscheduled,False,False
3912216,2024-03-11,135,Frauen Bundesliga,281,2023/2024,female,929,VfL Wolfsburg WFC,19107,RB Leipzig W,4,0,available,unscheduled,False,False
3912213,2024-03-10,135,Frauen Bundesliga,281,2023/2024,female,6602,Köln,3168,SV Werder Bremen,2,1,available,unscheduled,False,False
3912212,2024-03-10,135,Frauen Bundesliga,281,2023/2024,female,3165,SC Freiburg,3166,TSV Bayer 04 Leverkusen,0,0,available,unscheduled,False,False
3912211,2024-02-18,135,Frauen Bundesliga,281,2023/2024,female,1069,Bayern München W,3164,SGS Essen 19/68,2,0,available,unscheduled,False,False
3912208,2024-02-18,135,Frauen Bundesliga,281,2023/2024,female,924,Duisburg WFC,6602,Köln,0,0,available,unscheduled,False,False
3912206,2024-02-17,135,Frauen Bundesliga,281,2023/2024,female,3168,SV Werder Bremen,3165,SC Freiburg,0,3,available,unscheduled,False,False
3912205,2024-02-12,135,Frauen Bundesliga,281,2023/2024,female,19106,Nürnberg W,3166,TSV Bayer 04 Leverkusen,1,2,available,unscheduled,False,False
3912204,2024-02-09,135,Frauen Bundesliga,281,2023/2024,female,3164,SGS Essen 19/68,19107,RB Leipzig W,4,4,available,unscheduled,False,False
3912202,2024-02-11,135,Frauen Bundesliga,281,2023/2024,female,3165,SC Freiburg,924,Duisburg WFC,1,1,available,unscheduled,False,False
3912198,2024-02-02,135,Frauen Bundesliga,281,2023/2024,female,924,Duisburg WFC,3169,Hoffenheim W,0,2,available,unscheduled,False,False
3912195,2024-02-03,135,Frauen Bundesliga,281,2023/2024,female,19107,RB Leipzig W,6602,Köln,2,1,available,unscheduled,False,False
3912194,2024-02-04,135,Frauen Bundesliga,281,2023/2024,female,3170,Eintracht Frankfurt W,3164,SGS Essen 19/68,1,0,available,unscheduled,False,False
3912193,2024-01-28,135,Frauen Bundesliga,281,2023/2024,female,3170,Eintracht Frankfurt W,6602,Köln,1,0,available,unscheduled,False,False
3912192,2024-01-29,135,Frauen Bundesliga,281,2023/2024,female,3164,SGS Essen 19/68,929,VfL Wolfsburg WFC,1,3,available,unscheduled,False,False
3912191,2024-01-27,135,Frauen Bundesliga,281,2023/2024,female,19107,RB Leipzig W,3165,SC Freiburg,0,2,available,unscheduled,False,False
3912188,2024-01-28,135,Frauen Bundesliga,281,2023/2024,female,924,Duisburg WFC,19106,Nürnberg W,1,2,available,unscheduled,False,False
3912183,2023-12-17,135,Frauen Bundesliga,281,2023/2024,female,3169,Hoffenheim W,19107,RB Leipzig W,2,1,available,unscheduled,False,False
3911799,2023-12-10,135,Frauen Bundesliga,281,2023/2024,female,924,Duisburg WFC,3168,SV Werder Bremen,0,2,available,unscheduled,False,False
3911797,2023-12-09,135,Frauen Bundesliga,281,2023/2024,female,3164,SGS Essen 19/68,3165,SC Freiburg,0,1,available,unscheduled,False,False
3911794,2023-11-19,135,Frauen Bundesliga,281,2023/2024,female,3166,TSV Bayer 04 Leverkusen,19107,RB Leipzig W,1,1,available,unscheduled,False,False
3911793,2023-11-17,135,Frauen Bundesliga,281,2023/2024,female,3169,Hoffenheim W,3164,SGS Essen 19/68,0,3,available,unscheduled,False,False
3911792,2023-11-20,135,Frauen Bundesliga,281,2023/2024,female,3165,SC Freiburg,6602,Köln,3,3,available,unscheduled,False,False
3911791,2023-11-18,135,Frauen Bundesliga,281,2023/2024,female,929,VfL Wolfsburg WFC,924,Duisburg WFC,2,0,available,unscheduled,False,False
3911790,2023-11-11,135,Frauen Bundesliga,281,2023/2024,female,19107,RB Leipzig W,3168,SV Werder Bremen,0,5,available,unscheduled,False,False
3911782,2023-11-04,135,Frauen Bundesliga,281,2023/2024,female,3166,TSV Bayer 04 Leverkusen,3164,SGS Essen 19/68,0,0,available,unscheduled,False,False
3911781,2023-11-03,135,Frauen Bundesliga,281,2023/2024,female,924,Duisburg WFC,19107,RB Leipzig W,1,1,available,unscheduled,False,False
3911773,2023-10-20,135,Frauen Bundesliga,281,2023/2024,female,6602,Köln,3166,TSV Bayer 04 Leverkusen,0,1,available,unscheduled,False,False
3911772,2023-10-16,135,Frauen Bundesliga,281,2023/2024,female,924,Duisburg WFC,3164,SGS Essen 19/68,0,1,available,unscheduled,False,False
3911771,2023-10-15,135,Frauen Bundesliga,281,2023/2024,female,3166,TSV Bayer 04 Leverkusen,3165,SC Freiburg,3,0,available,unscheduled,False,False
3911770,2023-10-15,135,Frauen Bundesliga,281,2023/2024,female,19107,RB Leipzig W,929,VfL Wolfsburg WFC,0,2,available,unscheduled,False,False
3911766,2023-10-09,135,Frauen Bundesliga,281,2023/2024,female,3169,Hoffenheim W,3166,TSV Bayer 04 Leverkusen,2,2,available,unscheduled,False,False
3911761,2023-10-06,135,Frauen Bundesliga,281,2023/2024,female,929,VfL Wolfsburg WFC,19106,Nürnberg W,1,0,available,unscheduled,False,False
3911756,2023-09-30,135,Frauen Bundesliga,281,2023/2024,female,3166,TSV Bayer 04 Leverkusen,19106,Nürnberg W,6,0,available,unscheduled,False,False
3911755,2023-09-29,135,Frauen Bundesliga,281,2023/2024,female,19107,RB Leipzig W,3164,SGS Essen 19/68,3,2,available,unscheduled,False,False
3910735,2023-09-17,135,Frauen Bundesliga,281,2023/2024,female,3164,SGS Essen 19/68,3170,Eintracht Frankfurt W,2,0,available,unscheduled,False,False
3910734,2023-09-17,135,Frauen Bundesliga,281,2023/2024,female,929,VfL Wolfsburg WFC,3166,TSV Bayer 04 Leverkusen,3,0,available,unscheduled,False,False
3910733,2023-09-17,135,Frauen Bundesliga,281,2023/2024,female,6602,Köln,19107,RB Leipzig W,2,1,available,unscheduled,False,False
3910732,2023-09-16,135,Frauen Bundesliga,281,2023/2024,female,19106,Nürnberg W,3168,SV Werder Bremen,1,5,available,unscheduled,False,False
3910731,2023-09-16,135,Frauen Bundesliga,281,2023/2024,female,3169,Hoffenheim W,924,Duisburg WFC,9,0,available,unscheduled,False,False
3910730,2023-09-15,135,Frauen Bundesliga,281,2023/2024,female,3165,SC Freiburg,1069,Bayern München W,2,2,available,unscheduled,False,False
3827336,2022-03-16,1238,Indian Super league,108,2021/2022,male,7282,Mohun Bagan Super Giant,7289,SC Delhi,1,0,available,unscheduled,False,False
3813314,2021-11-19,1238,Indian Super league,108,2021/2022,male,7282,Mohun Bagan Super Giant,7283,Kerala Blasters,4,2,available,unscheduled,False,False
3817877,2022-02-18,1238,Indian Super league,108,2021/2022,male,7285,NorthEast United,7284,Bengaluru,2,1,available,unscheduled,False,False
3827767,2022-03-20,1238,Indian Super league,108,2021/2022,male,7289,SC Delhi,7283,Kerala Blasters,1,1,available,unscheduled,False,False
3827335,2022-03-15,1238,Indian Super league,108,2021/2022,male,7283,Kerala Blasters,2021,Jamshedpur,1,1,available,unscheduled,False,False
3827338,2022-03-12,1238,Indian Super league,108,2021/2022,male,7289,SC Delhi,7282,Mohun Bagan Super Giant,3,1,available,unscheduled,False,False
3827337,2022-03-11,1238,Indian Super league,108,2021/2022,male,2021,Jamshedpur,7283,Kerala Blasters,0,1,available,unscheduled,False,False
3817856,2022-03-07,1238,Indian Super league,108,2021/2022,male,7282,Mohun Bagan Super Giant,2021,Jamshedpur,0,1,available,unscheduled,False,False
3817891,2022-03-05,1238,Indian Super league,108,2021/2022,male,7286,East Bengal,7284,Bengaluru,0,1,available,unscheduled,False,False
3817870,2022-03-06,1238,Indian Super league,108,2021/2022,male,7288,Goa,7283,Kerala Blasters,4,4,available,unscheduled,False,False
3817899,2022-03-04,1238,Indian Super league,108,2021/2022,male,2021,Jamshedpur,7291,Odisha,5,1,available,unscheduled,False,False
3817866,2022-03-02,1238,Indian Super league,108,2021/2022,male,7283,Kerala Blasters,7287,Mumbai City,3,1,available,unscheduled,False,False
3817889,2022-03-03,1238,Indian Super league,108,2021/2022,male,7290,Chennaiyin,7282,Mohun Bagan Super Giant,0,1,available,unscheduled,False,False
3817887,2022-03-05,1238,Indian Super league,108,2021/2022,male,7289,SC Delhi,7287,Mumbai City,2,1,available,unscheduled,False,False
3817872,2022-02-21,1238,Indian Super league,108,2021/2022,male,7284,Bengaluru,7291,Odisha,2,1,available,unscheduled,False,False
3817900,2022-02-20,1238,Indian Super league,108,2021/2022,male,7290,Chennaiyin,2021,Jamshedpur,1,4,available,unscheduled,False,False
3817855,2022-02-19,1238,Indian Super league,108,2021/2022,male,7283,Kerala Blasters,7282,Mohun Bagan Super Giant,2,2,available,unscheduled,False,False
3817863,2022-02-19,1238,Indian Super league,108,2021/2022,male,7289,SC Delhi,7288,Goa,3,2,available,unscheduled,False,False
3817901,2022-02-17,1238,Indian Super league,108,2021/2022,male,2021,Jamshedpur,7287,Mumbai City,3,2,available,unscheduled,False,False
3817880,2022-02-16,1238,Indian Super league,108,2021/2022,male,7291,Odisha,7290,Chennaiyin,2,2,available,unscheduled,False,False
3817902,2022-02-14,1238,Indian Super league,108,2021/2022,male,7283,Kerala Blasters,7286,East Bengal,1,0,available,unscheduled,False,False
3817862,2022-02-13,1238,Indian Super league,108,2021/2022,male,7287,Mumbai City,7291,Odisha,4,1,available,unscheduled,False,False
3817873,2022-02-12,1238,Indian Super league,108,2021/2022,male,7282,Mohun Bagan Super Giant,7285,NorthEast United,3,1,available,unscheduled,False,False
3817869,2022-02-11,1238,Indian Super league,108,2021/2022,male,7284,Bengaluru,7289,SC Delhi,1,2,available,unscheduled,False,False
3817881,2022-02-10,1238,Indian Super league,108,2021/2022,male,2021,Jamshedpur,7283,Kerala Blasters,3,0,available,unscheduled,False,False
3817895,2022-02-09,1238,Indian Super league,108,2021/2022,male,7290,Chennaiyin,7288,Goa,0,5,available,unscheduled,False,False
3817884,2022-02-08,1238,Indian Super league,108,2021/2022,male,7289,SC Delhi,7282,Mohun Bagan Super Giant,1,2,available,unscheduled,False,False
3817896,2022-02-07,1238,Indian Super league,108,2021/2022,male,7286,East Bengal,7291,Odisha,1,2,available,unscheduled,False,False
3817852,2022-02-06,1238,Indian Super league,108,2021/2022,male,7290,Chennaiyin,7287,Mumbai City,0,1,available,unscheduled,False,False
3817883,2022-02-05,1238,Indian Super league,108,2021/2022,male,7284,Bengaluru,2021,Jamshedpur,3,1,available,unscheduled,False,False
3817886,2022-02-04,1238,Indian Super league,108,2021/2022,male,7283,Kerala Blasters,7285,NorthEast United,2,1,available,unscheduled,False,False
3817864,2022-02-03,1238,Indian Super league,108,2021/2022,male,7287,Mumbai City,7282,Mohun Bagan Super Giant,1,1,available,unscheduled,False,False
3817882,2022-02-02,1238,Indian Super league,108,2021/2022,male,7286,East Bengal,7290,Chennaiyin,2,2,available,unscheduled,False,False
3817894,2022-02-01,1238,Indian Super league,108,2021/2022,male,7288,Goa,7291,Odisha,1,1,available,unscheduled,False,False
3817871,2022-01-31,1238,Indian Super league,108,2021/2022,male,7285,NorthEast United,7289,SC Delhi,0,5,available,unscheduled,False,False
3817861,2022-01-30,1238,Indian Super league,108,2021/2022,male,7283,Kerala Blasters,7284,Bengaluru,0,1,available,unscheduled,False,False
3817888,2022-01-29,1238,Indian Super league,108,2021/2022,male,7282,Mohun Bagan Super Giant,7286,East Bengal,3,1,available,unscheduled,False,False
3817875,2022-01-28,1238,Indian Super league,108,2021/2022,male,2021,Jamshedpur,7288,Goa,1,0,available,unscheduled,False,False
3817868,2022-01-26,1238,Indian Super league,108,2021/2022,male,7284,Bengaluru,7290,Chennaiyin,3,0,available,unscheduled,False,False
3817867,2022-01-25,1238,Indian Super league,108,2021/2022,male,7287,Mumbai City,7285,NorthEast United,1,1,available,unscheduled,False,False
3813313,2022-01-23,1238,Indian Super league,108,2021/2022,male,7282,Mohun Bagan Super Giant,7291,Odisha,0,0,available,unscheduled,False,False
3817890,2022-01-14,1238,Indian Super league,108,2021/2022,male,7288,Goa,7285,NorthEast United,1,1,available,unscheduled,False,False
3813302,2022-01-06,1238,Indian Super league,108,2021/2022,male,2021,Jamshedpur,7285,NorthEast United,3,2,available,unscheduled,False,False
3817857,2022-03-01,1238,Indian Super league,108,2021/2022,male,7289,SC Delhi,2021,Jamshedpur,0,3,available,unscheduled,False,False
3817898,2022-02-26,1238,Indian Super league,108,2021/2022,male,7288,Goa,7287,Mumbai City,0,2,available,unscheduled,False,False
3817893,2022-02-28,1238,Indian Super league,108,2021/2022,male,7286,East Bengal,7285,NorthEast United,1,1,available,unscheduled,False,False
3817854,2022-02-27,1238,Indian Super league,108,2021/2022,male,7282,Mohun Bagan Super Giant,7284,Bengaluru,2,0,available,unscheduled,False,False
3817892,2022-02-24,1238,Indian Super league,108,2021/2022,male,7291,Odisha,7282,Mohun Bagan Super Giant,1,1,available,unscheduled,False,False
3817859,2022-02-25,1238,Indian Super league,108,2021/2022,male,7285,NorthEast United,2021,Jamshedpur,2,3,available,unscheduled,False,False
3817858,2022-02-26,1238,Indian Super league,108,2021/2022,male,7283,Kerala Blasters,7290,Chennaiyin,3,0,available,unscheduled,False,False
3817897,2022-02-23,1238,Indian Super league,108,2021/2022,male,7289,SC Delhi,7283,Kerala Blasters,2,1,available,unscheduled,False,False
3817885,2022-02-22,1238,Indian Super league,108,2021/2022,male,7287,Mumbai City,7286,East Bengal,1,0,available,unscheduled,False,False
3817878,2022-01-24,1238,Indian Super league,108,2021/2022,male,7286,East Bengal,7289,SC Delhi,0,4,available,unscheduled,False,False
3817876,2022-01-22,1238,Indian Super league,108,2021/2022,male,7290,Chennaiyin,7285,NorthEast United,2,1,available,unscheduled,False,False
3813305,2022-01-09,1238,Indian Super league,108,2021/2022,male,7283,Kerala Blasters,7289,SC Delhi,1,0,available,unscheduled,False,False
3813266,2022-01-08,1238,Indian Super league,108,2021/2022,male,7288,Goa,7290,Chennaiyin,1,0,available,unscheduled,False,False
3813271,2022-01-02,1238,Indian Super league,108,2021/2022,male,7283,Kerala Blasters,7288,Goa,2,2,available,unscheduled,False,False
3813311,2022-01-02,1238,Indian Super league,108,2021/2022,male,2021,Jamshedpur,7290,Chennaiyin,0,1,available,unscheduled,False,False
3813303,2021-12-29,1238,Indian Super league,108,2021/2022,male,7282,Mohun Bagan Super Giant,7288,Goa,2,1,available,unscheduled,False,False
3813304,2021-12-23,1238,Indian Super league,108,2021/2022,male,7289,SC Delhi,7286,East Bengal,1,1,available,unscheduled,False,False
3813306,2021-12-21,1238,Indian Super league,108,2021/2022,male,7285,NorthEast United,7282,Mohun Bagan Super Giant,2,3,available,unscheduled,False,False
3813283,2021-12-30,1238,Indian Super league,108,2021/2022,male,7290,Chennaiyin,7284,Bengaluru,2,4,available,unscheduled,False,False
3813275,2021-12-26,1238,Indian Super league,108,2021/2022,male,7283,Kerala Blasters,2021,Jamshedpur,1,1,available,unscheduled,False,False
3813278,2021-12-22,1238,Indian Super league,108,2021/2022,male,7290,Chennaiyin,7283,Kerala Blasters,0,3,available,unscheduled,False,False
3813295,2021-12-28,1238,Indian Super league,108,2021/2022,male,7289,SC Delhi,7291,Odisha,6,1,available,unscheduled,False,False
3813296,2021-11-25,1238,Indian Super league,108,2021/2022,male,7285,NorthEast United,7283,Kerala Blasters,0,0,available,unscheduled,False,False
3813282,2021-12-19,1238,Indian Super league,108,2021/2022,male,7287,Mumbai City,7283,Kerala Blasters,0,3,available,unscheduled,False,False
3813269,2021-12-14,1238,Indian Super league,108,2021/2022,male,7291,Odisha,2021,Jamshedpur,0,4,available,unscheduled,False,False
3817879,2022-01-13,1238,Indian Super league,108,2021/2022,male,7290,Chennaiyin,7289,SC Delhi,1,1,available,unscheduled,False,False
3817874,2022-01-23,1238,Indian Super league,108,2021/2022,male,7284,Bengaluru,7288,Goa,1,1,available,unscheduled,False,False
3817865,2022-01-18,1238,Indian Super league,108,2021/2022,male,7285,NorthEast United,7291,Odisha,0,2,available,unscheduled,False,False
3817860,2022-01-27,1238,Indian Super league,108,2021/2022,male,7291,Odisha,7289,SC Delhi,2,3,available,unscheduled,False,False
3817853,2022-01-19,1238,Indian Super league,108,2021/2022,male,7288,Goa,7286,East Bengal,1,2,available,unscheduled,False,False
3817851,2022-01-12,1238,Indian Super league,108,2021/2022,male,7291,Odisha,7283,Kerala Blasters,0,2,available,unscheduled,False,False
3817850,2022-01-11,1238,Indian Super league,108,2021/2022,male,2021,Jamshedpur,7286,East Bengal,1,0,available,unscheduled,False,False
3817849,2022-01-10,1238,Indian Super league,108,2021/2022,male,7287,Mumbai City,7284,Bengaluru,0,3,available,unscheduled,False,False
3817848,2022-02-15,1238,Indian Super league,108,2021/2022,male,7288,Goa,7282,Mohun Bagan Super Giant,0,2,available,unscheduled,False,False
3813318,2021-12-27,1238,Indian Super league,108,2021/2022,male,7285,NorthEast United,7287,Mumbai City,3,3,available,unscheduled,False,False
3813287,2021-12-16,1238,Indian Super league,108,2021/2022,male,7284,Bengaluru,7282,Mohun Bagan Super Giant,3,3,available,unscheduled,False,False
3813270,2021-11-22,1238,Indian Super league,108,2021/2022,male,7287,Mumbai City,7288,Goa,3,0,available,unscheduled,False,False
3813307,2021-12-20,1238,Indian Super league,108,2021/2022,male,2021,Jamshedpur,7284,Bengaluru,0,0,available,unscheduled,False,False
3813279,2021-12-18,1238,Indian Super league,108,2021/2022,male,7290,Chennaiyin,7291,Odisha,2,1,available,unscheduled,False,False
3813281,2021-12-11,1238,Indian Super league,108,2021/2022,male,7282,Mohun Bagan Super Giant,7290,Chennaiyin,1,1,available,unscheduled,False,False
3813274,2021-12-04,1238,Indian Super league,108,2021/2022,male,7284,Bengaluru,7287,Mumbai City,1,3,available,unscheduled,False,False
3813285,2021-12-11,1238,Indian Super league,108,2021/2022,male,7288,Goa,7284,Bengaluru,2,1,available,unscheduled,False,False
3813317,2021-11-30,1238,Indian Super league,108,2021/2022,male,7291,Odisha,7286,East Bengal,6,4,available,unscheduled,False,False
3813316,2021-12-04,1238,Indian Super league,108,2021/2022,male,7285,NorthEast United,7288,Goa,2,1,available,unscheduled,False,False
3813315,2021-11-26,1238,Indian Super league,108,2021/2022,male,7288,Goa,2021,Jamshedpur,1,3,available,unscheduled,False,False
3813312,2021-12-01,1238,Indian Super league,108,2021/2022,male,7282,Mohun Bagan Super Giant,7287,Mumbai City,1,5,available,unscheduled,False,False
3813310,2021-12-12,1238,Indian Super league,108,2021/2022,male,7286,East Bengal,7283,Kerala Blasters,1,1,available,unscheduled,False,False
3813309,2021-11-23,1238,Indian Super league,108,2021/2022,male,7289,SC Delhi,7290,Chennaiyin,0,1,available,unscheduled,False,False
3813308,2021-12-24,1238,Indian Super league,108,2021/2022,male,7291,Odisha,7288,Goa,1,1,available,unscheduled,False,False
3813301,2021-12-10,1238,Indian Super league,108,2021/2022,male,7291,Odisha,7285,NorthEast United,1,0,available,unscheduled,False,False
3813300,2021-12-05,1238,Indian Super league,108,2021/2022,male,7283,Kerala Blasters,7291,Odisha,2,1,available,unscheduled,False,False
3813299,2021-12-08,1238,Indian Super league,108,2021/2022,male,7289,SC Delhi,7284,Bengaluru,1,0,available,unscheduled,False,False
3813298,2021-11-21,1238,Indian Super league,108,2021/2022,male,7286,East Bengal,2021,Jamshedpur,1,1,available,unscheduled,False,False
3813297,2021-11-20,1238,Indian Super league,108,2021/2022,male,7284,Bengaluru,7285,NorthEast United,4,2,available,unscheduled,False,False
3813294,2021-11-29,1238,Indian Super league,108,2021/2022,male,7285,NorthEast United,7290,Chennaiyin,1,2,available,unscheduled,False,False
3813293,2022-01-04,1238,Indian Super league,108,2021/2022,male,7284,Bengaluru,7286,East Bengal,1,1,available,unscheduled,False,False
3813292,2021-11-28,1238,Indian Super league,108,2021/2022,male,7284,Bengaluru,7283,Kerala Blasters,1,1,available,unscheduled,False,False
3813291,2021-11-27,1238,Indian Super league,108,2021/2022,male,7286,East Bengal,7282,Mohun Bagan Super Giant,0,3,available,unscheduled,False,False
3813290,2021-12-13,1238,Indian Super league,108,2021/2022,male,7289,SC Delhi,7285,NorthEast United,5,1,available,unscheduled,False,False
3813289,2021-11-24,1238,Indian Super league,108,2021/2022,male,7291,Odisha,7284,Bengaluru,3,1,available,unscheduled,False,False
3813288,2021-12-02,1238,Indian Super league,108,2021/2022,male,2021,Jamshedpur,7289,SC Delhi,1,1,available,unscheduled,False,False
3813286,2021-12-15,1238,Indian Super league,108,2021/2022,male,7287,Mumbai City,7290,Chennaiyin,1,0,available,unscheduled,False,False
3813284,2021-12-09,1238,Indian Super league,108,2021/2022,male,7287,Mumbai City,2021,Jamshedpur,4,2,available,unscheduled,False,False
3813280,2021-12-03,1238,Indian Super league,108,2021/2022,male,7290,Chennaiyin,7286,East Bengal,0,0,available,unscheduled,False,False
3813277,2021-11-27,1238,Indian Super league,108,2021/2022,male,7287,Mumbai City,7289,SC Delhi,1,3,available,unscheduled,False,False
3813276,2021-12-17,1238,Indian Super league,108,2021/2022,male,7285,NorthEast United,7286,East Bengal,2,0,available,unscheduled,False,False
3813273,2022-01-03,1238,Indian Super league,108,2021/2022,male,7291,Odisha,7287,Mumbai City,4,2,available,unscheduled,False,False
3813272,2021-12-18,1238,Indian Super league,108,2021/2022,male,7288,Goa,7289,SC Delhi,1,1,available,unscheduled,False,False
3813268,2021-12-06,1238,Indian Super league,108,2021/2022,male,2021,Jamshedpur,7282,Mohun Bagan Super Giant,2,1,available,unscheduled,False,False
3813267,2021-12-07,1238,Indian Super league,108,2021/2022,male,7286,East Bengal,7288,Goa,3,4,available,unscheduled,False,False
3813265,2022-01-07,1238,Indian Super league,108,2021/2022,male,7286,East Bengal,7287,Mumbai City,0,0,available,unscheduled,False,False
3813264,2022-01-05,1238,Indian Super league,108,2021/2022,male,7282,Mohun Bagan Super Giant,7289,SC Delhi,2,2,available,unscheduled,False,False
3773386,2020-10-31,11,La Liga,90,2020/2021,male,206,Deportivo Alavés,217,Barcelona,1,1,available,available,True,True
3773565,2021-01-09,11,La Liga,90,2020/2021,male,1049,Granada,217,Barcelona,0,4,available,available,True,True
3773457,2021-05-16,11,La Liga,90,2020/2021,male,217,Barcelona,209,Celta Vigo,1,2,available,available,True,True
3773631,2021-02-07,11,La Liga,90,2020/2021,male,218,Real Betis,217,Barcelona,2,3,available,available,True,True
3773665,2021-03-06,11,La Liga,90,2020/2021,male,422,Osasuna,217,Barcelona,0,2,available,available,True,True
3773497,2021-04-10,11,La Liga,90,2020/2021,male,220,Real Madrid,217,Barcelona,2,1,available,available,True,True
3773660,2020-12-13,11,La Liga,90,2020/2021,male,217,Barcelona,221,Levante UD,1,0,available,available,True,True
3773593,2020-09-27,11,La Liga,90,2020/2021,male,217,Barcelona,222,Villarreal,4,0,available,available,True,True
3773466,2020-10-01,11,La Liga,90,2020/2021,male,209,Celta Vigo,217,Barcelona,0,3,available,available,True,True
3773585,2020-10-24,11,La Liga,90,2020/2021,male,217,Barcelona,220,Real Madrid,1,3,available,available,True,True
3773552,2021-01-03,11,La Liga,90,2020/2021,male,902,Huesca,217,Barcelona,0,1,available,available,True,True
3773672,2020-10-04,11,La Liga,90,2020/2021,male,217,Barcelona,213,Sevilla,1,1,available,available,True,True
3773587,2020-10-17,11,La Liga,90,2020/2021,male,216,Getafe,217,Barcelona,1,0,available,available,True,True
3773656,2020-11-21,11,La Liga,90,2020/2021,male,212,Atlético Madrid,217,Barcelona,1,0,available,available,True,True
3773377,2020-12-19,11,La Liga,90,2020/2021,male,217,Barcelona,207,Valencia,2,2,available,available,True,True
3773586,2021-04-29,11,La Liga,90,2020/2021,male,217,Barcelona,1049,Granada,1,2,available,available,True,True
3773372,2021-05-08,11,La Liga,90,2020/2021,male,217,Barcelona,212,Atlético Madrid,0,0,available,available,True,True
3773387,2021-05-11,11,La Liga,90,2020/2021,male,221,Levante UD,217,Barcelona,3,3,available,available,True,True
3773695,2021-05-02,11,La Liga,90,2020/2021,male,207,Valencia,217,Barcelona,2,3,available,available,True,True
3773369,2021-03-15,11,La Liga,90,2020/2021,male,217,Barcelona,902,Huesca,4,1,available,available,True,True
3773661,2021-04-22,11,La Liga,90,2020/2021,male,217,Barcelona,216,Getafe,5,2,available,available,True,True
3773597,2021-03-21,11,La Liga,90,2020/2021,male,210,Real Sociedad,217,Barcelona,1,6,available,available,True,True
3773523,2020-12-16,11,La Liga,90,2020/2021,male,217,Barcelona,210,Real Sociedad,2,1,available,available,True,True
3773571,2020-12-22,11,La Liga,90,2020/2021,male,901,Real Valladolid,217,Barcelona,0,3,available,available,True,True
3773428,2020-12-05,11,La Liga,90,2020/2021,male,552,Cádiz,217,Barcelona,2,1,available,available,True,True
3764661,2021-01-06,11,La Liga,90,2020/2021,male,215,Athletic Club,217,Barcelona,2,3,available,available,True,True
3773526,2021-02-13,11,La Liga,90,2020/2021,male,217,Barcelona,206,Deportivo Alavés,5,1,available,available,True,True
3773474,2021-04-05,11,La Liga,90,2020/2021,male,217,Barcelona,901,Real Valladolid,1,0,available,available,True,True
3773625,2021-02-27,11,La Liga,90,2020/2021,male,213,Sevilla,217,Barcelona,0,2,available,available,True,True
3773403,2021-01-31,11,La Liga,90,2020/2021,male,217,Barcelona,215,Athletic Club,2,1,available,available,True,True
3773547,2020-11-29,11,La Liga,90,2020/2021,male,217,Barcelona,422,Osasuna,4,0,available,available,True,True
3773415,2021-02-21,11,La Liga,90,2020/2021,male,217,Barcelona,552,Cádiz,1,1,available,available,True,True
3764440,2021-02-24,11,La Liga,90,2020/2021,male,217,Barcelona,1042,Elche,3,0,available,available,True,True
3773689,2021-04-25,11,La Liga,90,2020/2021,male,222,Villarreal,217,Barcelona,1,2,available,available,True,True
3773477,2020-11-07,11,La Liga,90,2020/2021,male,217,Barcelona,218,Real Betis,5,2,available,available,True,True
303731,2020-02-22,11,La Liga,42,2019/2020,male,217,Barcelona,322,Eibar,5,0,available,scheduled,False,False
303532,2020-06-16,11,La Liga,42,2019/2020,male,217,Barcelona,205,Leganés,2,0,available,scheduled,False,False
303516,2020-06-27,11,La Liga,42,2019/2020,male,209,Celta Vigo,217,Barcelona,2,2,available,scheduled,False,False
303596,2019-12-18,11,La Liga,42,2019/2020,male,217,Barcelona,220,Real Madrid,0,0,available,scheduled,False,False
303430,2019-09-24,11,La Liga,42,2019/2020,male,217,Barcelona,222,Villarreal,2,1,available,scheduled,False,False
303725,2020-07-05,11,La Liga,42,2019/2020,male,222,Villarreal,217,Barcelona,1,4,available,scheduled,False,False
303504,2019-11-02,11,La Liga,42,2019/2020,male,221,Levante UD,217,Barcelona,3,1,available,scheduled,False,False
303451,2019-12-07,11,La Liga,42,2019/2020,male,217,Barcelona,1043,Mallorca,5,2,available,scheduled,False,False
303664,2019-12-14,11,La Liga,42,2019/2020,male,210,Real Sociedad,217,Barcelona,2,2,available,scheduled,False,False
303682,2020-02-02,11,La Liga,42,2019/2020,male,217,Barcelona,221,Levante UD,2,1,available,scheduled,False,False
303400,2020-01-25,11,La Liga,42,2019/2020,male,207,Valencia,217,Barcelona,2,0,available,scheduled,False,False
303634,2020-07-16,11,La Liga,42,2019/2020,male,217,Barcelona,422,Osasuna,1,2,available,scheduled,False,False
303421,2020-07-19,11,La Liga,42,2019/2020,male,206,Deportivo Alavés,217,Barcelona,0,5,available,scheduled,False,False
303493,2020-06-23,11,La Liga,42,2019/2020,male,217,Barcelona,215,Athletic Club,1,0,available,scheduled,False,False
303680,2020-07-11,11,La Liga,42,2019/2020,male,901,Real Valladolid,217,Barcelona,0,1,available,scheduled,False,False
303479,2020-03-07,11,La Liga,42,2019/2020,male,217,Barcelona,210,Real Sociedad,1,0,available,scheduled,False,False
303615,2020-07-08,11,La Liga,42,2019/2020,male,217,Barcelona,214,Espanyol,1,0,available,scheduled,False,False
303696,2020-06-30,11,La Liga,42,2019/2020,male,217,Barcelona,212,Atlético Madrid,2,2,available,scheduled,False,False
303487,2019-11-09,11,La Liga,42,2019/2020,male,217,Barcelona,209,Celta Vigo,4,1,available,scheduled,False,False
303600,2019-10-29,11,La Liga,42,2019/2020,male,217,Barcelona,901,Real Valladolid,5,1,available,scheduled,False,False
303548,2020-06-13,11,La Liga,42,2019/2020,male,1043,Mallorca,217,Barcelona,0,4,available,scheduled,False,False
303652,2020-01-04,11,La Liga,42,2019/2020,male,214,Espanyol,217,Barcelona,2,2,available,scheduled,False,False
303674,2020-06-19,11,La Liga,42,2019/2020,male,213,Sevilla,217,Barcelona,0,0,available,scheduled,False,False
303470,2020-03-01,11,La Liga,42,2019/2020,male,220,Real Madrid,217,Barcelona,2,0,available,scheduled,False,False
303700,2019-10-19,11,La Liga,42,2019/2020,male,322,Eibar,217,Barcelona,0,3,available,scheduled,False,False
303707,2020-02-09,11,La Liga,42,2019/2020,male,218,Real Betis,217,Barcelona,2,3,available,scheduled,False,False
303666,2019-09-21,11,La Liga,42,2019/2020,male,1049,Granada,217,Barcelona,2,0,available,scheduled,False,False
303715,2019-11-23,11,La Liga,42,2019/2020,male,205,Leganés,217,Barcelona,1,2,available,scheduled,False,False
303377,2020-02-15,11,La Liga,42,2019/2020,male,217,Barcelona,216,Getafe,2,1,available,scheduled,False,False
303524,2019-12-01,11,La Liga,42,2019/2020,male,212,Atlético Madrid,217,Barcelona,0,1,available,scheduled,False,False
303517,2019-12-21,11,La Liga,42,2019/2020,male,217,Barcelona,206,Deportivo Alavés,4,1,available,scheduled,False,False
303610,2020-01-19,11,La Liga,42,2019/2020,male,217,Barcelona,1049,Granada,1,0,available,scheduled,False,False
303473,2019-10-06,11,La Liga,42,2019/2020,male,217,Barcelona,213,Sevilla,4,0,available,scheduled,False,False
15978,2018-09-15,11,La Liga,4,2018/2019,male,210,Real Sociedad,217,Barcelona,1,2,available,scheduled,False,False
15998,2018-09-26,11,La Liga,4,2018/2019,male,205,Leganés,217,Barcelona,2,1,available,scheduled,False,False
16029,2018-10-20,11,La Liga,4,2018/2019,male,217,Barcelona,213,Sevilla,4,2,available,scheduled,False,False
16073,2018-11-24,11,La Liga,4,2018/2019,male,212,Atlético Madrid,217,Barcelona,1,1,available,scheduled,False,False
16086,2018-12-08,11,La Liga,4,2018/2019,male,214,Espanyol,217,Barcelona,0,4,available,scheduled,False,False
16190,2019-02-23,11,La Liga,4,2018/2019,male,213,Sevilla,217,Barcelona,2,4,available,scheduled,False,False
16109,2018-12-22,11,La Liga,4,2018/2019,male,217,Barcelona,209,Celta Vigo,2,0,available,scheduled,False,False
16120,2019-01-06,11,La Liga,4,2018/2019,male,216,Getafe,217,Barcelona,1,2,available,scheduled,False,False
16182,2019-02-16,11,La Liga,4,2018/2019,male,217,Barcelona,901,Real Valladolid,1,0,available,scheduled,False,False
16215,2019-03-17,11,La Liga,4,2018/2019,male,218,Real Betis,217,Barcelona,1,4,available,scheduled,False,False
16173,2019-02-10,11,La Liga,4,2018/2019,male,215,Athletic Club,217,Barcelona,0,0,available,scheduled,False,False
16265,2019-04-20,11,La Liga,4,2018/2019,male,217,Barcelona,210,Real Sociedad,2,1,available,scheduled,False,False
15946,2018-08-18,11,La Liga,4,2018/2019,male,217,Barcelona,206,Deportivo Alavés,3,0,available,scheduled,False,False
16157,2019-02-02,11,La Liga,4,2018/2019,male,217,Barcelona,207,Valencia,2,2,available,scheduled,False,False
16136,2019-01-20,11,La Liga,4,2018/2019,male,217,Barcelona,205,Leganés,3,1,available,scheduled,False,False
16248,2019-04-06,11,La Liga,4,2018/2019,male,217,Barcelona,212,Atlético Madrid,2,0,available,scheduled,False,False
16056,2018-11-11,11,La Liga,4,2018/2019,male,217,Barcelona,218,Real Betis,3,4,available,scheduled,False,False
16289,2019-04-27,11,La Liga,4,2018/2019,male,217,Barcelona,221,Levante UD,1,0,available,scheduled,False,False
16079,2018-12-02,11,La Liga,4,2018/2019,male,217,Barcelona,222,Villarreal,2,0,available,scheduled,False,False
16149,2019-01-27,11,La Liga,4,2018/2019,male,211,Girona,217,Barcelona,0,2,available,scheduled,False,False
16275,2019-04-23,11,La Liga,4,2018/2019,male,206,Deportivo Alavés,217,Barcelona,0,2,available,scheduled,False,False
15973,2018-09-02,11,La Liga,4,2018/2019,male,217,Barcelona,902,Huesca,8,2,available,scheduled,False,False
16317,2019-05-19,11,La Liga,4,2018/2019,male,322,Eibar,217,Barcelona,2,2,available,scheduled,False,False
16131,2019-01-13,11,La Liga,4,2018/2019,male,217,Barcelona,322,Eibar,3,0,available,scheduled,False,False
16205,2019-03-09,11,La Liga,4,2018/2019,male,217,Barcelona,360,Rayo Vallecano,3,1,available,scheduled,False,False
16095,2018-12-16,11,La Liga,4,2018/2019,male,221,Levante UD,217,Barcelona,0,5,available,scheduled,False,False
16306,2019-05-12,11,La Liga,4,2018/2019,male,217,Barcelona,216,Getafe,2,0,available,scheduled,False,False
16010,2018-09-29,11,La Liga,4,2018/2019,male,217,Barcelona,215,Athletic Club,1,1,available,scheduled,False,False
15986,2018-09-23,11,La Liga,4,2018/2019,male,217,Barcelona,211,Girona,2,2,available,scheduled,False,False
16240,2019-04-02,11,La Liga,4,2018/2019,male,222,Villarreal,217,Barcelona,4,4,available,scheduled,False,False
16023,2018-10-07,11,La Liga,4,2018/2019,male,207,Valencia,217,Barcelona,1,1,available,scheduled,False,False
16196,2019-03-02,11,La Liga,4,2018/2019,male,220,Real Madrid,217,Barcelona,0,1,available,scheduled,False,False
15956,2018-08-25,11,La Liga,4,2018/2019,male,901,Real Valladolid,217,Barcelona,0,1,available,scheduled,False,False
16231,2019-03-30,11,La Liga,4,2018/2019,male,217,Barcelona,214,Espanyol,2,0,available,scheduled,False,False
9880,2018-04-14,11,La Liga,1,2017/2018,male,217,Barcelona,207,Valencia,2,1,available,scheduled,False,False
9912,2018-04-29,11,La Liga,1,2017/2018,male,219,RC Deportivo La Coruña,217,Barcelona,2,4,available,scheduled,False,False
9924,2018-05-06,11,La Liga,1,2017/2018,male,217,Barcelona,220,Real Madrid,2,2,available,scheduled,False,False
9855,2018-03-18,11,La Liga,1,2017/2018,male,217,Barcelona,215,Athletic Club,2,0,available,scheduled,False,False
9827,2018-03-01,11,La Liga,1,2017/2018,male,208,Las Palmas,217,Barcelona,1,1,available,scheduled,False,False
9799,2018-02-17,11,La Liga,1,2017/2018,male,322,Eibar,217,Barcelona,0,2,available,scheduled,False,False
9636,2017-10-01,11,La Liga,1,2017/2018,male,217,Barcelona,208,Las Palmas,3,0,available,scheduled,False,False
9609,2017-09-19,11,La Liga,1,2017/2018,male,217,Barcelona,322,Eibar,6,1,available,scheduled,False,False
9575,2017-08-20,11,La Liga,1,2017/2018,male,217,Barcelona,218,Real Betis,2,0,available,scheduled,False,False
9928,2018-05-09,11,La Liga,1,2017/2018,male,217,Barcelona,222,Villarreal,5,1,available,scheduled,False,False
9736,2017-12-23,11,La Liga,1,2017/2018,male,220,Real Madrid,217,Barcelona,0,3,available,scheduled,False,False
9742,2018-01-07,11,La Liga,1,2017/2018,male,217,Barcelona,221,Levante UD,3,0,available,scheduled,False,False
9765,2018-01-21,11,La Liga,1,2017/2018,male,218,Real Betis,217,Barcelona,0,5,available,scheduled,False,False
9661,2017-10-28,11,La Liga,1,2017/2018,male,215,Athletic Club,217,Barcelona,0,2,available,scheduled,False,False
9592,2017-09-09,11,La Liga,1,2017/2018,male,217,Barcelona,214,Espanyol,5,0,available,scheduled,False,False
9870,2018-04-07,11,La Liga,1,2017/2018,male,217,Barcelona,205,Leganés,3,1,available,scheduled,False,False
9783,2018-02-04,11,La Liga,1,2017/2018,male,214,Espanyol,217,Barcelona,1,1,available,scheduled,False,False
9700,2017-12-02,11,La Liga,1,2017/2018,male,217,Barcelona,209,Celta Vigo,2,2,available,scheduled,False,False
9860,2018-03-31,11,La Liga,1,2017/2018,male,213,Sevilla,217,Barcelona,2,2,available,scheduled,False,False
9695,2017-11-26,11,La Liga,1,2017/2018,male,207,Valencia,217,Barcelona,1,1,available,scheduled,False,False
9794,2018-02-11,11,La Liga,1,2017/2018,male,217,Barcelona,216,Getafe,0,0,available,scheduled,False,False
9717,2017-12-10,11,La Liga,1,2017/2018,male,222,Villarreal,217,Barcelona,0,2,available,scheduled,False,False
9673,2017-11-04,11,La Liga,1,2017/2018,male,217,Barcelona,213,Sevilla,2,1,available,scheduled,False,False
9650,2017-10-21,11,La Liga,1,2017/2018,male,217,Barcelona,223,Málaga,2,0,available,scheduled,False,False
9620,2017-09-23,11,La Liga,1,2017/2018,male,211,Girona,217,Barcelona,0,3,available,scheduled,False,False
9837,2018-03-04,11,La Liga,1,2017/2018,male,217,Barcelona,212,Atlético Madrid,1,0,available,scheduled,False,False
9811,2018-02-24,11,La Liga,1,2017/2018,male,217,Barcelona,211,Girona,6,1,available,scheduled,False,False
9642,2017-10-14,11,La Liga,1,2017/2018,male,212,Atlético Madrid,217,Barcelona,1,1,available,scheduled,False,False
9774,2018-01-28,11,La Liga,1,2017/2018,male,217,Barcelona,206,Deportivo Alavés,2,1,available,scheduled,False,False
9602,2017-09-16,11,La Liga,1,2017/2018,male,216,Getafe,217,Barcelona,1,2,available,scheduled,False,False
9948,2018-05-20,11,La Liga,1,2017/2018,male,217,Barcelona,210,Real Sociedad,1,0,available,scheduled,False,False
9682,2017-11-18,11,La Liga,1,2017/2018,male,205,Leganés,217,Barcelona,0,3,available,scheduled,False,False
9581,2017-08-26,11,La Liga,1,2017/2018,male,206,Deportivo Alavés,217,Barcelona,0,2,available,scheduled,False,False
9726,2017-12-17,11,La Liga,1,2017/2018,male,217,Barcelona,219,RC Deportivo La Coruña,4,0,available,scheduled,False,False
9754,2018-01-14,11,La Liga,1,2017/2018,male,210,Real Sociedad,217,Barcelona,2,4,available,scheduled,False,False
9889,2018-04-17,11,La Liga,1,2017/2018,male,209,Celta Vigo,217,Barcelona,2,2,available,scheduled,False,False
267569,2017-04-23,11,La Liga,2,2016/2017,male,220,Real Madrid,217,Barcelona,2,3,available,scheduled,False,False
266989,2016-11-06,11,La Liga,2,2016/2017,male,213,Sevilla,217,Barcelona,1,2,available,scheduled,False,False
266357,2016-12-10,11,La Liga,2,2016/2017,male,422,Osasuna,217,Barcelona,0,3,available,scheduled,False,False
267212,2016-09-17,11,La Liga,2,2016/2017,male,205,Leganés,217,Barcelona,1,5,available,scheduled,False,False
266669,2016-09-10,11,La Liga,2,2016/2017,male,217,Barcelona,206,Deportivo Alavés,1,2,available,scheduled,False,False
266892,2016-08-28,11,La Liga,2,2016/2017,male,215,Athletic Club,217,Barcelona,0,1,available,scheduled,False,False
267220,2016-09-21,11,La Liga,2,2016/2017,male,217,Barcelona,212,Atlético Madrid,1,1,available,scheduled,False,False
267670,2016-08-20,11,La Liga,2,2016/2017,male,217,Barcelona,218,Real Betis,6,2,available,scheduled,False,False
266516,2017-01-29,11,La Liga,2,2016/2017,male,218,Real Betis,217,Barcelona,1,1,available,scheduled,False,False
267039,2017-05-14,11,La Liga,2,2016/2017,male,208,Las Palmas,217,Barcelona,1,4,available,scheduled,False,False
266477,2017-01-08,11,La Liga,2,2016/2017,male,222,Villarreal,217,Barcelona,1,1,available,scheduled,False,False
267101,2017-04-26,11,La Liga,2,2016/2017,male,217,Barcelona,422,Osasuna,7,1,available,scheduled,False,False
266440,2017-03-19,11,La Liga,2,2016/2017,male,217,Barcelona,207,Valencia,4,2,available,scheduled,False,False
266033,2016-10-22,11,La Liga,2,2016/2017,male,207,Valencia,217,Barcelona,2,3,available,scheduled,False,False
267660,2017-03-12,11,La Liga,2,2016/2017,male,219,RC Deportivo La Coruña,217,Barcelona,2,1,available,scheduled,False,False
266273,2017-02-11,11,La Liga,2,2016/2017,male,206,Deportivo Alavés,217,Barcelona,0,6,available,scheduled,False,False
267395,2017-01-14,11,La Liga,2,2016/2017,male,217,Barcelona,208,Las Palmas,5,0,available,scheduled,False,False
266874,2017-02-04,11,La Liga,2,2016/2017,male,217,Barcelona,215,Athletic Club,3,0,available,scheduled,False,False
266731,2017-01-22,11,La Liga,2,2016/2017,male,322,Eibar,217,Barcelona,0,4,available,scheduled,False,False
266528,2016-12-18,11,La Liga,2,2016/2017,male,217,Barcelona,214,Espanyol,4,1,available,scheduled,False,False
266280,2017-04-05,11,La Liga,2,2016/2017,male,217,Barcelona,213,Sevilla,3,0,available,scheduled,False,False
267432,2017-05-21,11,La Liga,2,2016/2017,male,217,Barcelona,322,Eibar,4,2,available,scheduled,False,False
267076,2016-12-03,11,La Liga,2,2016/2017,male,217,Barcelona,220,Real Madrid,1,1,available,scheduled,False,False
267590,2017-04-08,11,La Liga,2,2016/2017,male,223,Málaga,217,Barcelona,2,0,available,scheduled,False,False
267373,2017-04-15,11,La Liga,2,2016/2017,male,217,Barcelona,210,Real Sociedad,3,2,available,scheduled,False,False
267077,2017-04-29,11,La Liga,2,2016/2017,male,214,Espanyol,217,Barcelona,0,3,available,scheduled,False,False
266952,2017-05-06,11,La Liga,2,2016/2017,male,217,Barcelona,222,Villarreal,4,1,available,scheduled,False,False
267464,2017-02-26,11,La Liga,2,2016/2017,male,212,Atlético Madrid,217,Barcelona,1,2,available,scheduled,False,False
266299,2017-03-04,11,La Liga,2,2016/2017,male,217,Barcelona,209,Celta Vigo,5,0,available,scheduled,False,False
266191,2016-11-27,11,La Liga,2,2016/2017,male,210,Real Sociedad,217,Barcelona,1,1,available,scheduled,False,False
265952,2017-03-01,11,La Liga,2,2016/2017,male,217,Barcelona,1041,Sporting Gijón,6,1,available,scheduled,False,False
267492,2016-10-15,11,La Liga,2,2016/2017,male,217,Barcelona,219,RC Deportivo La Coruña,4,0,available,scheduled,False,False
267596,2017-02-19,11,La Liga,2,2016/2017,male,217,Barcelona,205,Leganés,2,1,available,scheduled,False,False
267058,2016-10-29,11,La Liga,2,2016/2017,male,217,Barcelona,1049,Granada,1,0,available,scheduled,False,False
3825739,2016-01-17,11,La Liga,27,2015/2016,male,220,Real Madrid,1041,Sporting Gijón,5,1,available,unscheduled,False,False
3825848,2015-09-23,11,La Liga,27,2015/2016,male,221,Levante UD,322,Eibar,2,2,available,unscheduled,False,False
3825895,2015-09-23,11,La Liga,27,2015/2016,male,208,Las Palmas,213,Sevilla,2,0,available,unscheduled,False,False
3825894,2016-05-01,11,La Liga,27,2015/2016,male,219,RC Deportivo La Coruña,216,Getafe,0,2,available,unscheduled,False,False
3825855,2016-05-02,11,La Liga,27,2015/2016,male,223,Málaga,221,Levante UD,3,1,available,unscheduled,False,False
3825908,2016-05-15,11,La Liga,27,2015/2016,male,214,Espanyol,322,Eibar,4,2,available,unscheduled,False,False
3825883,2016-05-15,11,La Liga,27,2015/2016,male,223,Málaga,208,Las Palmas,4,1,available,unscheduled,False,False
3825900,2016-05-15,11,La Liga,27,2015/2016,male,1041,Sporting Gijón,222,Villarreal,2,0,available,unscheduled,False,False
3825902,2016-05-15,11,La Liga,27,2015/2016,male,360,Rayo Vallecano,221,Levante UD,3,1,available,unscheduled,False,False
3825876,2016-05-15,11,La Liga,27,2015/2016,male,218,Real Betis,216,Getafe,2,1,available,unscheduled,False,False
3825846,2016-05-14,11,La Liga,27,2015/2016,male,219,RC Deportivo La Coruña,220,Real Madrid,0,2,available,unscheduled,False,False
3825869,2016-05-14,11,La Liga,27,2015/2016,male,215,Athletic Club,213,Sevilla,3,1,available,unscheduled,False,False
3825882,2016-05-14,11,La Liga,27,2015/2016,male,212,Atlético Madrid,209,Celta Vigo,2,0,available,unscheduled,False,False
3825849,2016-05-13,11,La Liga,27,2015/2016,male,207,Valencia,210,Real Sociedad,0,1,available,unscheduled,False,False
3825860,2016-05-08,11,La Liga,27,2015/2016,male,221,Levante UD,212,Atlético Madrid,2,1,available,unscheduled,False,False
3825847,2016-04-23,11,La Liga,27,2015/2016,male,322,Eibar,219,RC Deportivo La Coruña,1,1,available,unscheduled,False,False
3825817,2016-03-18,11,La Liga,27,2015/2016,male,216,Getafe,322,Eibar,1,1,available,unscheduled,False,False
3825778,2016-02-20,11,La Liga,27,2015/2016,male,218,Real Betis,1041,Sporting Gijón,1,1,available,unscheduled,False,False
3825777,2016-02-19,11,La Liga,27,2015/2016,male,221,Levante UD,216,Getafe,3,0,available,unscheduled,False,False
3825740,2016-01-18,11,La Liga,27,2015/2016,male,322,Eibar,1049,Granada,5,1,available,unscheduled,False,False
3825875,2016-04-24,11,La Liga,27,2015/2016,male,222,Villarreal,210,Real Sociedad,0,0,available,unscheduled,False,False
3825884,2016-04-24,11,La Liga,27,2015/2016,male,213,Sevilla,218,Real Betis,2,0,available,unscheduled,False,False
3825842,2016-04-24,11,La Liga,27,2015/2016,male,221,Levante UD,215,Athletic Club,2,2,available,unscheduled,False,False
3825890,2016-04-23,11,La Liga,27,2015/2016,male,212,Atlético Madrid,223,Málaga,1,0,available,unscheduled,False,False
3825871,2016-04-22,11,La Liga,27,2015/2016,male,208,Las Palmas,214,Espanyol,4,0,available,unscheduled,False,False
3825896,2016-04-21,11,La Liga,27,2015/2016,male,1049,Granada,221,Levante UD,5,1,available,unscheduled,False,False
3825841,2016-04-21,11,La Liga,27,2015/2016,male,210,Real Sociedad,216,Getafe,1,2,available,unscheduled,False,False
3825843,2016-04-20,11,La Liga,27,2015/2016,male,223,Málaga,360,Rayo Vallecano,1,1,available,unscheduled,False,False
3825839,2016-04-20,11,La Liga,27,2015/2016,male,1041,Sporting Gijón,213,Sevilla,2,1,available,unscheduled,False,False
3825838,2016-04-20,11,La Liga,27,2015/2016,male,215,Athletic Club,212,Atlético Madrid,0,1,available,unscheduled,False,False
3825840,2016-04-20,11,La Liga,27,2015/2016,male,207,Valencia,322,Eibar,4,0,available,unscheduled,False,False
3825837,2016-04-19,11,La Liga,27,2015/2016,male,218,Real Betis,208,Las Palmas,1,0,available,unscheduled,False,False
3825836,2016-04-17,11,La Liga,27,2015/2016,male,360,Rayo Vallecano,222,Villarreal,2,1,available,unscheduled,False,False
3825835,2016-04-17,11,La Liga,27,2015/2016,male,223,Málaga,215,Athletic Club,0,1,available,unscheduled,False,False
3825834,2016-04-17,11,La Liga,27,2015/2016,male,212,Atlético Madrid,1049,Granada,3,0,available,unscheduled,False,False
3825906,2016-04-17,11,La Liga,27,2015/2016,male,213,Sevilla,219,RC Deportivo La Coruña,1,1,available,unscheduled,False,False
3825897,2016-04-16,11,La Liga,27,2015/2016,male,322,Eibar,210,Real Sociedad,2,1,available,unscheduled,False,False
3825889,2016-04-16,11,La Liga,27,2015/2016,male,209,Celta Vigo,218,Real Betis,1,1,available,unscheduled,False,False
3825833,2016-04-16,11,La Liga,27,2015/2016,male,216,Getafe,220,Real Madrid,1,5,available,unscheduled,False,False
3825857,2016-04-15,11,La Liga,27,2015/2016,male,221,Levante UD,214,Espanyol,2,1,available,unscheduled,False,False
3825863,2016-04-11,11,La Liga,27,2015/2016,male,219,RC Deportivo La Coruña,208,Las Palmas,1,3,available,unscheduled,False,False
3825829,2016-04-10,11,La Liga,27,2015/2016,male,215,Athletic Club,360,Rayo Vallecano,1,0,available,unscheduled,False,False
3825830,2016-04-10,11,La Liga,27,2015/2016,male,222,Villarreal,216,Getafe,2,0,available,unscheduled,False,False
3825832,2016-04-10,11,La Liga,27,2015/2016,male,1041,Sporting Gijón,209,Celta Vigo,0,1,available,unscheduled,False,False
3825831,2016-04-10,11,La Liga,27,2015/2016,male,207,Valencia,213,Sevilla,2,1,available,unscheduled,False,False
3825828,2016-04-09,11,La Liga,27,2015/2016,male,214,Espanyol,212,Atlético Madrid,1,3,available,unscheduled,False,False
3825827,2016-04-09,11,La Liga,27,2015/2016,male,218,Real Betis,221,Levante UD,1,0,available,unscheduled,False,False
3825826,2016-04-08,11,La Liga,27,2015/2016,male,1049,Granada,223,Málaga,0,0,available,unscheduled,False,False
3825825,2016-04-04,11,La Liga,27,2015/2016,male,221,Levante UD,1041,Sporting Gijón,0,0,available,unscheduled,False,False
3825824,2016-04-03,11,La Liga,27,2015/2016,male,322,Eibar,222,Villarreal,1,2,available,unscheduled,False,False
3825823,2016-04-03,11,La Liga,27,2015/2016,male,213,Sevilla,210,Real Sociedad,1,2,available,unscheduled,False,False
3825905,2016-04-03,11,La Liga,27,2015/2016,male,223,Málaga,214,Espanyol,1,1,available,unscheduled,False,False
3825822,2016-04-02,11,La Liga,27,2015/2016,male,208,Las Palmas,207,Valencia,2,1,available,unscheduled,False,False
3825821,2016-03-20,11,La Liga,27,2015/2016,male,214,Espanyol,215,Athletic Club,2,1,available,unscheduled,False,False
3825820,2016-03-20,11,La Liga,27,2015/2016,male,220,Real Madrid,213,Sevilla,4,0,available,unscheduled,False,False
3825819,2016-03-20,11,La Liga,27,2015/2016,male,207,Valencia,209,Celta Vigo,0,2,available,unscheduled,False,False
3825818,2016-03-19,11,La Liga,27,2015/2016,male,210,Real Sociedad,208,Las Palmas,0,1,available,unscheduled,False,False
3825887,2016-03-19,11,La Liga,27,2015/2016,male,1049,Granada,360,Rayo Vallecano,2,2,available,unscheduled,False,False
3825907,2016-03-19,11,La Liga,27,2015/2016,male,1041,Sporting Gijón,212,Atlético Madrid,2,1,available,unscheduled,False,False
3825903,2016-03-19,11,La Liga,27,2015/2016,male,218,Real Betis,223,Málaga,0,1,available,unscheduled,False,False
3825816,2016-03-13,11,La Liga,27,2015/2016,male,213,Sevilla,222,Villarreal,4,2,available,unscheduled,False,False
3825815,2016-03-13,11,La Liga,27,2015/2016,male,221,Levante UD,207,Valencia,1,0,available,unscheduled,False,False
3825858,2016-03-12,11,La Liga,27,2015/2016,male,360,Rayo Vallecano,322,Eibar,1,1,available,unscheduled,False,False
3825813,2016-03-12,11,La Liga,27,2015/2016,male,212,Atlético Madrid,219,RC Deportivo La Coruña,3,0,available,unscheduled,False,False
3825814,2016-03-12,11,La Liga,27,2015/2016,male,209,Celta Vigo,210,Real Sociedad,1,0,available,unscheduled,False,False
3825812,2016-03-11,11,La Liga,27,2015/2016,male,223,Málaga,1041,Sporting Gijón,1,0,available,unscheduled,False,False
3825811,2016-03-07,11,La Liga,27,2015/2016,male,214,Espanyol,360,Rayo Vallecano,2,1,available,unscheduled,False,False
3825807,2016-03-06,11,La Liga,27,2015/2016,male,207,Valencia,212,Atlético Madrid,1,3,available,unscheduled,False,False
3825809,2016-03-06,11,La Liga,27,2015/2016,male,218,Real Betis,1049,Granada,2,0,available,unscheduled,False,False
3825810,2016-03-06,11,La Liga,27,2015/2016,male,210,Real Sociedad,221,Levante UD,1,1,available,unscheduled,False,False
3825808,2016-03-06,11,La Liga,27,2015/2016,male,1041,Sporting Gijón,215,Athletic Club,0,2,available,unscheduled,False,False
3825804,2016-03-05,11,La Liga,27,2015/2016,male,219,RC Deportivo La Coruña,223,Málaga,3,3,available,unscheduled,False,False
3825867,2016-03-05,11,La Liga,27,2015/2016,male,216,Getafe,213,Sevilla,1,1,available,unscheduled,False,False
3825805,2016-03-05,11,La Liga,27,2015/2016,male,222,Villarreal,208,Las Palmas,0,1,available,unscheduled,False,False
3825784,2016-02-21,11,La Liga,27,2015/2016,male,212,Atlético Madrid,222,Villarreal,0,0,available,unscheduled,False,False
3825782,2016-02-21,11,La Liga,27,2015/2016,male,1049,Granada,207,Valencia,1,2,available,unscheduled,False,False
3825757,2016-01-31,11,La Liga,27,2015/2016,male,220,Real Madrid,214,Espanyol,6,0,available,unscheduled,False,False
3825641,2015-10-26,11,La Liga,27,2015/2016,male,215,Athletic Club,1041,Sporting Gijón,3,0,available,unscheduled,False,False
3825803,2016-03-03,11,La Liga,27,2015/2016,male,1049,Granada,1041,Sporting Gijón,2,0,available,unscheduled,False,False
3825800,2016-03-02,11,La Liga,27,2015/2016,male,209,Celta Vigo,222,Villarreal,0,0,available,unscheduled,False,False
3825801,2016-03-02,11,La Liga,27,2015/2016,male,213,Sevilla,322,Eibar,1,0,available,unscheduled,False,False
3825799,2016-03-02,11,La Liga,27,2015/2016,male,223,Málaga,207,Valencia,1,2,available,unscheduled,False,False
3825797,2016-03-02,11,La Liga,27,2015/2016,male,215,Athletic Club,219,RC Deportivo La Coruña,4,1,available,unscheduled,False,False
3825798,2016-03-02,11,La Liga,27,2015/2016,male,221,Levante UD,220,Real Madrid,1,3,available,unscheduled,False,False
3825796,2016-03-01,11,La Liga,27,2015/2016,male,208,Las Palmas,216,Getafe,4,0,available,unscheduled,False,False
3825795,2016-03-01,11,La Liga,27,2015/2016,male,212,Atlético Madrid,210,Real Sociedad,3,0,available,unscheduled,False,False
3825793,2016-02-28,11,La Liga,27,2015/2016,male,207,Valencia,215,Athletic Club,0,3,available,unscheduled,False,False
3825792,2016-02-28,11,La Liga,27,2015/2016,male,219,RC Deportivo La Coruña,1049,Granada,0,1,available,unscheduled,False,False
3825794,2016-02-28,11,La Liga,27,2015/2016,male,222,Villarreal,221,Levante UD,3,0,available,unscheduled,False,False
3825788,2016-02-27,11,La Liga,27,2015/2016,male,216,Getafe,209,Celta Vigo,0,1,available,unscheduled,False,False
3825791,2016-02-27,11,La Liga,27,2015/2016,male,218,Real Betis,360,Rayo Vallecano,2,2,available,unscheduled,False,False
3825790,2016-02-27,11,La Liga,27,2015/2016,male,1041,Sporting Gijón,214,Espanyol,2,4,available,unscheduled,False,False
3825787,2016-02-27,11,La Liga,27,2015/2016,male,220,Real Madrid,212,Atlético Madrid,0,1,available,unscheduled,False,False
3825789,2016-02-27,11,La Liga,27,2015/2016,male,210,Real Sociedad,223,Málaga,1,1,available,unscheduled,False,False
3825786,2016-02-26,11,La Liga,27,2015/2016,male,322,Eibar,208,Las Palmas,0,1,available,unscheduled,False,False
3825781,2016-02-21,11,La Liga,27,2015/2016,male,360,Rayo Vallecano,213,Sevilla,2,2,available,unscheduled,False,False
3825785,2016-02-21,11,La Liga,27,2015/2016,male,223,Málaga,220,Real Madrid,1,1,available,unscheduled,False,False
3825783,2016-02-21,11,La Liga,27,2015/2016,male,215,Athletic Club,210,Real Sociedad,0,1,available,unscheduled,False,False
3825780,2016-02-20,11,La Liga,27,2015/2016,male,214,Espanyol,219,RC Deportivo La Coruña,1,0,available,unscheduled,False,False
3825779,2016-02-20,11,La Liga,27,2015/2016,male,209,Celta Vigo,322,Eibar,3,2,available,unscheduled,False,False
3825773,2016-02-14,11,La Liga,27,2015/2016,male,322,Eibar,221,Levante UD,2,0,available,unscheduled,False,False
3825776,2016-02-14,11,La Liga,27,2015/2016,male,213,Sevilla,208,Las Palmas,2,0,available,unscheduled,False,False
3825775,2016-02-14,11,La Liga,27,2015/2016,male,210,Real Sociedad,1049,Granada,3,0,available,unscheduled,False,False
3825769,2016-02-13,11,La Liga,27,2015/2016,male,222,Villarreal,223,Málaga,1,0,available,unscheduled,False,False
3825770,2016-02-13,11,La Liga,27,2015/2016,male,220,Real Madrid,215,Athletic Club,4,2,available,unscheduled,False,False
3825768,2016-02-12,11,La Liga,27,2015/2016,male,1041,Sporting Gijón,360,Rayo Vallecano,2,2,available,unscheduled,False,False
3825736,2016-01-17,11,La Liga,27,2015/2016,male,207,Valencia,360,Rayo Vallecano,2,2,available,unscheduled,False,False
3825731,2016-01-10,11,La Liga,27,2015/2016,male,208,Las Palmas,223,Málaga,1,1,available,unscheduled,False,False
3825685,2015-12-06,11,La Liga,27,2015/2016,male,1041,Sporting Gijón,208,Las Palmas,3,1,available,unscheduled,False,False
3825678,2015-11-29,11,La Liga,27,2015/2016,male,322,Eibar,220,Real Madrid,0,2,available,unscheduled,False,False
3825643,2015-10-31,11,La Liga,27,2015/2016,male,220,Real Madrid,208,Las Palmas,3,1,available,unscheduled,False,False
3825642,2015-10-30,11,La Liga,27,2015/2016,male,219,RC Deportivo La Coruña,212,Atlético Madrid,1,1,available,unscheduled,False,False
3825638,2015-10-25,11,La Liga,27,2015/2016,male,212,Atlético Madrid,207,Valencia,2,1,available,unscheduled,False,False
3825614,2015-10-03,11,La Liga,27,2015/2016,male,1049,Granada,219,RC Deportivo La Coruña,1,1,available,unscheduled,False,False
3825612,2015-09-27,11,La Liga,27,2015/2016,male,216,Getafe,221,Levante UD,3,0,available,unscheduled,False,False
3825607,2015-09-26,11,La Liga,27,2015/2016,male,222,Villarreal,212,Atlético Madrid,1,0,available,unscheduled,False,False
3825595,2015-09-20,11,La Liga,27,2015/2016,male,222,Villarreal,215,Athletic Club,3,1,available,unscheduled,False,False
3825579,2015-08-30,11,La Liga,27,2015/2016,male,213,Sevilla,212,Atlético Madrid,0,3,available,unscheduled,False,False
3825572,2015-08-29,11,La Liga,27,2015/2016,male,220,Real Madrid,218,Real Betis,5,0,available,unscheduled,False,False
3825774,2016-02-14,11,La Liga,27,2015/2016,male,216,Getafe,212,Atlético Madrid,0,1,available,unscheduled,False,False
3825772,2016-02-13,11,La Liga,27,2015/2016,male,207,Valencia,214,Espanyol,2,1,available,unscheduled,False,False
3825771,2016-02-13,11,La Liga,27,2015/2016,male,219,RC Deportivo La Coruña,218,Real Betis,2,2,available,unscheduled,False,False
3825767,2016-02-08,11,La Liga,27,2015/2016,male,214,Espanyol,210,Real Sociedad,0,5,available,unscheduled,False,False
3825706,2015-12-30,11,La Liga,27,2015/2016,male,209,Celta Vigo,215,Athletic Club,0,1,available,unscheduled,False,False
3825712,2015-12-30,11,La Liga,27,2015/2016,male,216,Getafe,219,RC Deportivo La Coruña,0,0,available,unscheduled,False,False
3825708,2015-12-30,11,La Liga,27,2015/2016,male,221,Levante UD,223,Málaga,0,1,available,unscheduled,False,False
3825707,2015-12-30,11,La Liga,27,2015/2016,male,208,Las Palmas,1049,Granada,4,1,available,unscheduled,False,False
3825705,2015-12-30,11,La Liga,27,2015/2016,male,322,Eibar,1041,Sporting Gijón,2,0,available,unscheduled,False,False
3825711,2015-12-30,11,La Liga,27,2015/2016,male,360,Rayo Vallecano,212,Atlético Madrid,0,2,available,unscheduled,False,False
3825703,2015-12-20,11,La Liga,27,2015/2016,male,215,Athletic Club,221,Levante UD,2,0,available,unscheduled,False,False
3825700,2015-12-20,11,La Liga,27,2015/2016,male,220,Real Madrid,360,Rayo Vallecano,10,2,available,unscheduled,False,False
3825701,2015-12-20,11,La Liga,27,2015/2016,male,223,Málaga,212,Atlético Madrid,1,0,available,unscheduled,False,False
3825702,2015-12-20,11,La Liga,27,2015/2016,male,210,Real Sociedad,222,Villarreal,0,2,available,unscheduled,False,False
3825704,2015-12-20,11,La Liga,27,2015/2016,male,1049,Granada,209,Celta Vigo,0,2,available,unscheduled,False,False
3825891,2015-12-19,11,La Liga,27,2015/2016,male,214,Espanyol,208,Las Palmas,1,0,available,unscheduled,False,False
3825699,2015-12-19,11,La Liga,27,2015/2016,male,218,Real Betis,213,Sevilla,0,0,available,unscheduled,False,False
3825697,2015-12-19,11,La Liga,27,2015/2016,male,207,Valencia,216,Getafe,2,2,available,unscheduled,False,False
3825698,2015-12-19,11,La Liga,27,2015/2016,male,219,RC Deportivo La Coruña,322,Eibar,2,0,available,unscheduled,False,False
3825694,2015-12-13,11,La Liga,27,2015/2016,male,322,Eibar,207,Valencia,1,1,available,unscheduled,False,False
3825693,2015-12-13,11,La Liga,27,2015/2016,male,212,Atlético Madrid,215,Athletic Club,2,1,available,unscheduled,False,False
3825696,2015-12-13,11,La Liga,27,2015/2016,male,360,Rayo Vallecano,223,Málaga,1,2,available,unscheduled,False,False
3825695,2015-12-13,11,La Liga,27,2015/2016,male,222,Villarreal,220,Real Madrid,1,0,available,unscheduled,False,False
3825689,2015-12-12,11,La Liga,27,2015/2016,male,209,Celta Vigo,214,Espanyol,1,0,available,unscheduled,False,False
3825690,2015-12-12,11,La Liga,27,2015/2016,male,208,Las Palmas,218,Real Betis,1,0,available,unscheduled,False,False
3825692,2015-12-12,11,La Liga,27,2015/2016,male,213,Sevilla,1041,Sporting Gijón,2,0,available,unscheduled,False,False
3825691,2015-12-12,11,La Liga,27,2015/2016,male,221,Levante UD,1049,Granada,1,2,available,unscheduled,False,False
3825688,2015-12-11,11,La Liga,27,2015/2016,male,216,Getafe,210,Real Sociedad,1,1,available,unscheduled,False,False
3825687,2015-12-07,11,La Liga,27,2015/2016,male,214,Espanyol,221,Levante UD,1,1,available,unscheduled,False,False
3825683,2015-12-06,11,La Liga,27,2015/2016,male,210,Real Sociedad,322,Eibar,2,1,available,unscheduled,False,False
3825686,2015-12-06,11,La Liga,27,2015/2016,male,215,Athletic Club,223,Málaga,0,0,available,unscheduled,False,False
3825684,2015-12-06,11,La Liga,27,2015/2016,male,222,Villarreal,360,Rayo Vallecano,2,1,available,unscheduled,False,False
3825681,2015-12-05,11,La Liga,27,2015/2016,male,220,Real Madrid,216,Getafe,4,1,available,unscheduled,False,False
3825682,2015-12-05,11,La Liga,27,2015/2016,male,1049,Granada,212,Atlético Madrid,0,2,available,unscheduled,False,False
3825680,2015-12-05,11,La Liga,27,2015/2016,male,219,RC Deportivo La Coruña,213,Sevilla,1,1,available,unscheduled,False,False
3825677,2015-11-29,11,La Liga,27,2015/2016,male,213,Sevilla,207,Valencia,1,0,available,unscheduled,False,False
3825675,2015-11-29,11,La Liga,27,2015/2016,male,360,Rayo Vallecano,215,Athletic Club,0,3,available,unscheduled,False,False
3825676,2015-11-29,11,La Liga,27,2015/2016,male,216,Getafe,222,Villarreal,2,0,available,unscheduled,False,False
3825674,2015-11-28,11,La Liga,27,2015/2016,male,212,Atlético Madrid,214,Espanyol,1,0,available,unscheduled,False,False
3825673,2015-11-28,11,La Liga,27,2015/2016,male,208,Las Palmas,219,RC Deportivo La Coruña,0,2,available,unscheduled,False,False
3825671,2015-11-28,11,La Liga,27,2015/2016,male,209,Celta Vigo,1041,Sporting Gijón,2,1,available,unscheduled,False,False
3825672,2015-11-28,11,La Liga,27,2015/2016,male,223,Málaga,1049,Granada,2,2,available,unscheduled,False,False
3825670,2015-11-27,11,La Liga,27,2015/2016,male,221,Levante UD,218,Real Betis,0,1,available,unscheduled,False,False
3825669,2015-11-23,11,La Liga,27,2015/2016,male,216,Getafe,360,Rayo Vallecano,1,1,available,unscheduled,False,False
3825668,2015-11-22,11,La Liga,27,2015/2016,male,1041,Sporting Gijón,221,Levante UD,0,3,available,unscheduled,False,False
3825666,2015-11-22,11,La Liga,27,2015/2016,male,218,Real Betis,212,Atlético Madrid,0,1,available,unscheduled,False,False
3825665,2015-11-22,11,La Liga,27,2015/2016,male,1049,Granada,215,Athletic Club,2,0,available,unscheduled,False,False
3825667,2015-11-22,11,La Liga,27,2015/2016,male,222,Villarreal,322,Eibar,1,1,available,unscheduled,False,False
3825664,2015-11-21,11,La Liga,27,2015/2016,male,210,Real Sociedad,213,Sevilla,2,0,available,unscheduled,False,False
3825662,2015-11-21,11,La Liga,27,2015/2016,male,219,RC Deportivo La Coruña,209,Celta Vigo,2,0,available,unscheduled,False,False
3825888,2015-11-21,11,La Liga,27,2015/2016,male,207,Valencia,208,Las Palmas,1,1,available,unscheduled,False,False
3825663,2015-11-21,11,La Liga,27,2015/2016,male,214,Espanyol,223,Málaga,2,0,available,unscheduled,False,False
3825659,2015-11-08,11,La Liga,27,2015/2016,male,215,Athletic Club,214,Espanyol,2,1,available,unscheduled,False,False
3825658,2015-11-08,11,La Liga,27,2015/2016,male,212,Atlético Madrid,1041,Sporting Gijón,1,0,available,unscheduled,False,False
3825660,2015-11-08,11,La Liga,27,2015/2016,male,217,Barcelona,222,Villarreal,3,0,available,unscheduled,False,False
3825661,2015-11-08,11,La Liga,27,2015/2016,male,213,Sevilla,220,Real Madrid,3,2,available,unscheduled,False,False
3825656,2015-11-07,11,La Liga,27,2015/2016,male,221,Levante UD,219,RC Deportivo La Coruña,1,1,available,unscheduled,False,False
3825657,2015-11-07,11,La Liga,27,2015/2016,male,223,Málaga,218,Real Betis,0,1,available,unscheduled,False,False
3825652,2015-11-06,11,La Liga,27,2015/2016,male,208,Las Palmas,210,Real Sociedad,2,0,available,unscheduled,False,False
3825623,2015-10-17,11,La Liga,27,2015/2016,male,207,Valencia,223,Málaga,3,0,available,unscheduled,False,False
3825626,2015-10-17,11,La Liga,27,2015/2016,male,218,Real Betis,214,Espanyol,1,3,available,unscheduled,False,False
3825616,2015-10-03,11,La Liga,27,2015/2016,male,223,Málaga,210,Real Sociedad,3,1,available,unscheduled,False,False
3825608,2015-09-26,11,La Liga,27,2015/2016,male,322,Eibar,209,Celta Vigo,1,1,available,unscheduled,False,False
3825601,2015-09-23,11,La Liga,27,2015/2016,male,360,Rayo Vallecano,1041,Sporting Gijón,2,1,available,unscheduled,False,False
3825899,2016-04-24,11,La Liga,27,2015/2016,male,216,Getafe,207,Valencia,2,2,available,unscheduled,False,False
3825852,2016-04-16,11,La Liga,27,2015/2016,male,208,Las Palmas,1041,Sporting Gijón,1,1,available,unscheduled,False,False
3825647,2015-10-31,11,La Liga,27,2015/2016,male,207,Valencia,221,Levante UD,3,0,available,unscheduled,False,False
3825637,2015-10-25,11,La Liga,27,2015/2016,male,217,Barcelona,322,Eibar,3,1,available,unscheduled,False,False
3825628,2015-10-18,11,La Liga,27,2015/2016,male,216,Getafe,208,Las Palmas,4,0,available,unscheduled,False,False
3825619,2015-10-04,11,La Liga,27,2015/2016,male,221,Levante UD,222,Villarreal,1,0,available,unscheduled,False,False
3825618,2015-10-03,11,La Liga,27,2015/2016,male,208,Las Palmas,322,Eibar,0,2,available,unscheduled,False,False
3825611,2015-09-27,11,La Liga,27,2015/2016,male,219,RC Deportivo La Coruña,214,Espanyol,3,0,available,unscheduled,False,False
3825609,2015-09-27,11,La Liga,27,2015/2016,male,210,Real Sociedad,215,Athletic Club,0,0,available,unscheduled,False,False
3825598,2015-09-22,11,La Liga,27,2015/2016,male,212,Atlético Madrid,216,Getafe,2,0,available,unscheduled,False,False
3825584,2015-09-13,11,La Liga,27,2015/2016,male,1049,Granada,222,Villarreal,1,3,available,unscheduled,False,False
3825570,2015-08-24,11,La Liga,27,2015/2016,male,1049,Granada,322,Eibar,1,3,available,unscheduled,False,False
3825562,2015-08-21,11,La Liga,27,2015/2016,male,223,Málaga,213,Sevilla,0,0,available,unscheduled,False,False
3825904,2016-05-08,11,La Liga,27,2015/2016,male,322,Eibar,218,Real Betis,1,1,available,unscheduled,False,False
3825901,2016-05-08,11,La Liga,27,2015/2016,male,220,Real Madrid,207,Valencia,3,2,available,unscheduled,False,False
3825898,2016-04-02,11,La Liga,27,2015/2016,male,209,Celta Vigo,219,RC Deportivo La Coruña,1,1,available,unscheduled,False,False
3825893,2016-04-20,11,La Liga,27,2015/2016,male,220,Real Madrid,222,Villarreal,3,0,available,unscheduled,False,False
3825892,2015-09-22,11,La Liga,27,2015/2016,male,1049,Granada,210,Real Sociedad,0,3,available,unscheduled,False,False
3825886,2016-04-23,11,La Liga,27,2015/2016,male,360,Rayo Vallecano,220,Real Madrid,2,3,available,unscheduled,False,False
3825885,2016-04-01,11,La Liga,27,2015/2016,male,360,Rayo Vallecano,216,Getafe,2,0,available,unscheduled,False,False
3825881,2016-03-14,11,La Liga,27,2015/2016,male,1049,Granada,214,Espanyol,1,1,available,unscheduled,False,False
3825880,2016-03-19,11,La Liga,27,2015/2016,male,219,RC Deportivo La Coruña,221,Levante UD,2,1,available,unscheduled,False,False
3825879,2016-03-13,11,La Liga,27,2015/2016,male,208,Las Palmas,220,Real Madrid,1,2,available,unscheduled,False,False
3825878,2016-04-30,11,La Liga,27,2015/2016,male,212,Atlético Madrid,360,Rayo Vallecano,1,0,available,unscheduled,False,False
3825877,2016-04-03,11,La Liga,27,2015/2016,male,215,Athletic Club,1049,Granada,1,1,available,unscheduled,False,False
3825874,2015-10-24,11,La Liga,27,2015/2016,male,213,Sevilla,216,Getafe,5,0,available,unscheduled,False,False
3825873,2016-05-01,11,La Liga,27,2015/2016,male,207,Valencia,222,Villarreal,0,2,available,unscheduled,False,False
3825872,2016-04-02,11,La Liga,27,2015/2016,male,212,Atlético Madrid,218,Real Betis,5,1,available,unscheduled,False,False
3825870,2016-05-01,11,La Liga,27,2015/2016,male,215,Athletic Club,209,Celta Vigo,2,1,available,unscheduled,False,False
3825868,2016-04-25,11,La Liga,27,2015/2016,male,209,Celta Vigo,1049,Granada,2,1,available,unscheduled,False,False
3825866,2016-05-08,11,La Liga,27,2015/2016,male,208,Las Palmas,215,Athletic Club,0,0,available,unscheduled,False,False
3825865,2016-05-08,11,La Liga,27,2015/2016,male,216,Getafe,1041,Sporting Gijón,1,1,available,unscheduled,False,False
3825864,2016-04-30,11,La Liga,27,2015/2016,male,210,Real Sociedad,220,Real Madrid,0,1,available,unscheduled,False,False
3825862,2016-04-19,11,La Liga,27,2015/2016,male,214,Espanyol,209,Celta Vigo,1,1,available,unscheduled,False,False
3825861,2016-05-08,11,La Liga,27,2015/2016,male,210,Real Sociedad,360,Rayo Vallecano,2,1,available,unscheduled,False,False
3825859,2016-04-30,11,La Liga,27,2015/2016,male,1049,Granada,208,Las Palmas,3,2,available,unscheduled,False,False
3825856,2016-04-09,11,La Liga,27,2015/2016,male,220,Real Madrid,322,Eibar,4,0,available,unscheduled,False,False
3825854,2016-04-29,11,La Liga,27,2015/2016,male,1041,Sporting Gijón,322,Eibar,2,0,available,unscheduled,False,False
3825853,2016-05-08,11,La Liga,27,2015/2016,male,213,Sevilla,1049,Granada,1,4,available,unscheduled,False,False
3825851,2016-05-08,11,La Liga,27,2015/2016,male,222,Villarreal,219,RC Deportivo La Coruña,0,2,available,unscheduled,False,False
3825850,2016-05-08,11,La Liga,27,2015/2016,male,209,Celta Vigo,223,Málaga,1,0,available,unscheduled,False,False
3825845,2016-05-01,11,La Liga,27,2015/2016,male,214,Espanyol,213,Sevilla,1,0,available,unscheduled,False,False
3825844,2016-03-13,11,La Liga,27,2015/2016,male,215,Athletic Club,218,Real Betis,3,1,available,unscheduled,False,False
3825806,2016-03-05,11,La Liga,27,2015/2016,male,220,Real Madrid,209,Celta Vigo,7,1,available,unscheduled,False,False
3825802,2016-03-03,11,La Liga,27,2015/2016,male,214,Espanyol,218,Real Betis,0,3,available,unscheduled,False,False
3825679,2015-12-05,11,La Liga,27,2015/2016,male,218,Real Betis,209,Celta Vigo,1,1,available,unscheduled,False,False
3825655,2015-11-07,11,La Liga,27,2015/2016,male,360,Rayo Vallecano,1049,Granada,2,1,available,unscheduled,False,False
3825654,2015-11-07,11,La Liga,27,2015/2016,male,209,Celta Vigo,207,Valencia,1,5,available,unscheduled,False,False
3825653,2015-11-07,11,La Liga,27,2015/2016,male,322,Eibar,216,Getafe,3,1,available,unscheduled,False,False
3825651,2015-11-01,11,La Liga,27,2015/2016,male,214,Espanyol,1049,Granada,1,1,available,unscheduled,False,False
3825650,2015-11-01,11,La Liga,27,2015/2016,male,218,Real Betis,215,Athletic Club,1,3,available,unscheduled,False,False
3825649,2015-11-01,11,La Liga,27,2015/2016,male,1041,Sporting Gijón,223,Málaga,1,0,available,unscheduled,False,False
3825648,2015-11-01,11,La Liga,27,2015/2016,male,322,Eibar,360,Rayo Vallecano,1,0,available,unscheduled,False,False
3825765,2016-02-07,11,La Liga,27,2015/2016,male,209,Celta Vigo,213,Sevilla,1,1,available,unscheduled,False,False
3825766,2016-02-07,11,La Liga,27,2015/2016,male,218,Real Betis,207,Valencia,1,0,available,unscheduled,False,False
3825764,2016-02-07,11,La Liga,27,2015/2016,male,1049,Granada,220,Real Madrid,1,2,available,unscheduled,False,False
3825760,2016-02-06,11,La Liga,27,2015/2016,male,212,Atlético Madrid,322,Eibar,3,1,available,unscheduled,False,False
3825763,2016-02-06,11,La Liga,27,2015/2016,male,360,Rayo Vallecano,208,Las Palmas,2,0,available,unscheduled,False,False
3825761,2016-02-06,11,La Liga,27,2015/2016,male,215,Athletic Club,222,Villarreal,0,0,available,unscheduled,False,False
3825762,2016-02-06,11,La Liga,27,2015/2016,male,1041,Sporting Gijón,219,RC Deportivo La Coruña,1,1,available,unscheduled,False,False
3825759,2016-02-05,11,La Liga,27,2015/2016,male,223,Málaga,216,Getafe,3,0,available,unscheduled,False,False
3825758,2016-02-01,11,La Liga,27,2015/2016,male,219,RC Deportivo La Coruña,360,Rayo Vallecano,2,2,available,unscheduled,False,False
3825756,2016-01-31,11,La Liga,27,2015/2016,male,213,Sevilla,221,Levante UD,3,1,available,unscheduled,False,False
3825755,2016-01-31,11,La Liga,27,2015/2016,male,207,Valencia,1041,Sporting Gijón,0,1,available,unscheduled,False,False
3825754,2016-01-31,11,La Liga,27,2015/2016,male,208,Las Palmas,209,Celta Vigo,2,1,available,unscheduled,False,False
3825750,2016-01-30,11,La Liga,27,2015/2016,male,210,Real Sociedad,218,Real Betis,2,1,available,unscheduled,False,False
3825752,2016-01-30,11,La Liga,27,2015/2016,male,322,Eibar,223,Málaga,1,2,available,unscheduled,False,False
3825751,2016-01-30,11,La Liga,27,2015/2016,male,216,Getafe,215,Athletic Club,0,1,available,unscheduled,False,False
3825753,2016-01-30,11,La Liga,27,2015/2016,male,222,Villarreal,1049,Granada,1,0,available,unscheduled,False,False
3825749,2016-01-25,11,La Liga,27,2015/2016,male,221,Levante UD,208,Las Palmas,3,2,available,unscheduled,False,False
3825747,2016-01-24,11,La Liga,27,2015/2016,male,215,Athletic Club,322,Eibar,5,2,available,unscheduled,False,False
3825748,2016-01-24,11,La Liga,27,2015/2016,male,212,Atlético Madrid,213,Sevilla,0,0,available,unscheduled,False,False
3825745,2016-01-24,11,La Liga,27,2015/2016,male,219,RC Deportivo La Coruña,207,Valencia,1,1,available,unscheduled,False,False
3825746,2016-01-24,11,La Liga,27,2015/2016,male,218,Real Betis,220,Real Madrid,1,1,available,unscheduled,False,False
3825743,2016-01-23,11,La Liga,27,2015/2016,male,360,Rayo Vallecano,209,Celta Vigo,3,0,available,unscheduled,False,False
3825744,2016-01-23,11,La Liga,27,2015/2016,male,214,Espanyol,222,Villarreal,2,2,available,unscheduled,False,False
3825742,2016-01-23,11,La Liga,27,2015/2016,male,1049,Granada,216,Getafe,3,2,available,unscheduled,False,False
3825741,2016-01-22,11,La Liga,27,2015/2016,male,1041,Sporting Gijón,210,Real Sociedad,5,1,available,unscheduled,False,False
3825738,2016-01-17,11,La Liga,27,2015/2016,male,208,Las Palmas,212,Atlético Madrid,0,3,available,unscheduled,False,False
3825737,2016-01-17,11,La Liga,27,2015/2016,male,216,Getafe,214,Espanyol,3,1,available,unscheduled,False,False
3825734,2016-01-16,11,La Liga,27,2015/2016,male,210,Real Sociedad,219,RC Deportivo La Coruña,1,1,available,unscheduled,False,False
3825733,2016-01-16,11,La Liga,27,2015/2016,male,213,Sevilla,223,Málaga,2,1,available,unscheduled,False,False
3825732,2016-01-16,11,La Liga,27,2015/2016,male,209,Celta Vigo,221,Levante UD,4,3,available,unscheduled,False,False
3825735,2016-01-16,11,La Liga,27,2015/2016,male,222,Villarreal,218,Real Betis,0,0,available,unscheduled,False,False
3825729,2016-01-10,11,La Liga,27,2015/2016,male,222,Villarreal,1041,Sporting Gijón,2,0,available,unscheduled,False,False
3825728,2016-01-10,11,La Liga,27,2015/2016,male,209,Celta Vigo,212,Atlético Madrid,0,2,available,unscheduled,False,False
3825730,2016-01-10,11,La Liga,27,2015/2016,male,210,Real Sociedad,207,Valencia,2,0,available,unscheduled,False,False
3825727,2016-01-10,11,La Liga,27,2015/2016,male,322,Eibar,214,Espanyol,2,1,available,unscheduled,False,False
3825723,2016-01-09,11,La Liga,27,2015/2016,male,221,Levante UD,360,Rayo Vallecano,2,1,available,unscheduled,False,False
3825726,2016-01-09,11,La Liga,27,2015/2016,male,213,Sevilla,215,Athletic Club,2,0,available,unscheduled,False,False
3825725,2016-01-09,11,La Liga,27,2015/2016,male,216,Getafe,218,Real Betis,1,0,available,unscheduled,False,False
3825724,2016-01-09,11,La Liga,27,2015/2016,male,220,Real Madrid,219,RC Deportivo La Coruña,5,0,available,unscheduled,False,False
3825722,2016-01-04,11,La Liga,27,2015/2016,male,1041,Sporting Gijón,216,Getafe,1,2,available,unscheduled,False,False
3825716,2016-01-03,11,La Liga,27,2015/2016,male,360,Rayo Vallecano,210,Real Sociedad,2,2,available,unscheduled,False,False
3825719,2016-01-03,11,La Liga,27,2015/2016,male,215,Athletic Club,208,Las Palmas,2,2,available,unscheduled,False,False
3825720,2016-01-03,11,La Liga,27,2015/2016,male,218,Real Betis,322,Eibar,0,4,available,unscheduled,False,False
3825717,2016-01-03,11,La Liga,27,2015/2016,male,1049,Granada,213,Sevilla,2,1,available,unscheduled,False,False
3825721,2016-01-03,11,La Liga,27,2015/2016,male,219,RC Deportivo La Coruña,222,Villarreal,1,2,available,unscheduled,False,False
3825718,2016-01-03,11,La Liga,27,2015/2016,male,207,Valencia,220,Real Madrid,2,2,available,unscheduled,False,False
3825715,2016-01-02,11,La Liga,27,2015/2016,male,223,Málaga,209,Celta Vigo,2,0,available,unscheduled,False,False
3825714,2016-01-02,11,La Liga,27,2015/2016,male,212,Atlético Madrid,221,Levante UD,1,0,available,unscheduled,False,False
3825713,2015-12-31,11,La Liga,27,2015/2016,male,222,Villarreal,207,Valencia,1,0,available,unscheduled,False,False
3825710,2015-12-30,11,La Liga,27,2015/2016,male,220,Real Madrid,210,Real Sociedad,3,1,available,unscheduled,False,False
3825709,2015-12-30,11,La Liga,27,2015/2016,male,213,Sevilla,214,Espanyol,2,0,available,unscheduled,False,False
3825646,2015-10-31,11,La Liga,27,2015/2016,male,222,Villarreal,213,Sevilla,2,1,available,unscheduled,False,False
3825645,2015-10-31,11,La Liga,27,2015/2016,male,216,Getafe,217,Barcelona,0,2,available,unscheduled,False,False
3825644,2015-10-31,11,La Liga,27,2015/2016,male,210,Real Sociedad,209,Celta Vigo,2,3,available,unscheduled,False,False
3825640,2015-10-25,11,La Liga,27,2015/2016,male,221,Levante UD,210,Real Sociedad,0,4,available,unscheduled,False,False
3825639,2015-10-25,11,La Liga,27,2015/2016,male,208,Las Palmas,222,Villarreal,0,0,available,unscheduled,False,False
3825636,2015-10-24,11,La Liga,27,2015/2016,male,223,Málaga,219,RC Deportivo La Coruña,2,0,available,unscheduled,False,False
3825635,2015-10-24,11,La Liga,27,2015/2016,male,209,Celta Vigo,220,Real Madrid,1,3,available,unscheduled,False,False
3825634,2015-10-24,11,La Liga,27,2015/2016,male,1049,Granada,218,Real Betis,1,1,available,unscheduled,False,False
3825633,2015-10-23,11,La Liga,27,2015/2016,male,360,Rayo Vallecano,214,Espanyol,3,0,available,unscheduled,False,False
3825632,2015-10-19,11,La Liga,27,2015/2016,male,1041,Sporting Gijón,1049,Granada,3,3,available,unscheduled,False,False
3825631,2015-10-18,11,La Liga,27,2015/2016,male,210,Real Sociedad,212,Atlético Madrid,0,2,available,unscheduled,False,False
3825630,2015-10-18,11,La Liga,27,2015/2016,male,219,RC Deportivo La Coruña,215,Athletic Club,2,2,available,unscheduled,False,False
3825629,2015-10-18,11,La Liga,27,2015/2016,male,222,Villarreal,209,Celta Vigo,1,2,available,unscheduled,False,False
3825627,2015-10-17,11,La Liga,27,2015/2016,male,217,Barcelona,360,Rayo Vallecano,5,2,available,unscheduled,False,False
3825625,2015-10-17,11,La Liga,27,2015/2016,male,220,Real Madrid,221,Levante UD,3,0,available,unscheduled,False,False
3825624,2015-10-17,11,La Liga,27,2015/2016,male,322,Eibar,213,Sevilla,1,1,available,unscheduled,False,False
3825622,2015-10-04,11,La Liga,27,2015/2016,male,215,Athletic Club,207,Valencia,3,1,available,unscheduled,False,False
3825621,2015-10-04,11,La Liga,27,2015/2016,male,212,Atlético Madrid,220,Real Madrid,1,1,available,unscheduled,False,False
3825620,2015-10-04,11,La Liga,27,2015/2016,male,360,Rayo Vallecano,218,Real Betis,0,2,available,unscheduled,False,False
3825617,2015-10-03,11,La Liga,27,2015/2016,male,213,Sevilla,217,Barcelona,2,1,available,unscheduled,False,False
3825615,2015-10-03,11,La Liga,27,2015/2016,male,214,Espanyol,1041,Sporting Gijón,1,2,available,unscheduled,False,False
3825613,2015-10-02,11,La Liga,27,2015/2016,male,209,Celta Vigo,216,Getafe,0,0,available,unscheduled,False,False
3825610,2015-09-27,11,La Liga,27,2015/2016,male,1041,Sporting Gijón,218,Real Betis,1,2,available,unscheduled,False,False
3825606,2015-09-26,11,La Liga,27,2015/2016,male,220,Real Madrid,223,Málaga,0,0,available,unscheduled,False,False
3825605,2015-09-26,11,La Liga,27,2015/2016,male,213,Sevilla,360,Rayo Vallecano,3,2,available,unscheduled,False,False
3825604,2015-09-25,11,La Liga,27,2015/2016,male,207,Valencia,1049,Granada,1,0,available,unscheduled,False,False
3825603,2015-09-24,11,La Liga,27,2015/2016,male,218,Real Betis,219,RC Deportivo La Coruña,1,2,available,unscheduled,False,False
3825602,2015-09-23,11,La Liga,27,2015/2016,male,215,Athletic Club,220,Real Madrid,1,2,available,unscheduled,False,False
3825600,2015-09-23,11,La Liga,27,2015/2016,male,223,Málaga,222,Villarreal,0,1,available,unscheduled,False,False
3825599,2015-09-22,11,La Liga,27,2015/2016,male,214,Espanyol,207,Valencia,1,0,available,unscheduled,False,False
3825597,2015-09-20,11,La Liga,27,2015/2016,male,208,Las Palmas,360,Rayo Vallecano,0,1,available,unscheduled,False,False
3825596,2015-09-20,11,La Liga,27,2015/2016,male,219,RC Deportivo La Coruña,1041,Sporting Gijón,2,3,available,unscheduled,False,False
3825594,2015-09-20,11,La Liga,27,2015/2016,male,213,Sevilla,209,Celta Vigo,1,2,available,unscheduled,False,False
3825593,2015-09-19,11,La Liga,27,2015/2016,male,322,Eibar,212,Atlético Madrid,0,2,available,unscheduled,False,False
3825592,2015-09-19,11,La Liga,27,2015/2016,male,210,Real Sociedad,214,Espanyol,2,3,available,unscheduled,False,False
3825591,2015-09-19,11,La Liga,27,2015/2016,male,207,Valencia,218,Real Betis,0,0,available,unscheduled,False,False
3825590,2015-09-19,11,La Liga,27,2015/2016,male,220,Real Madrid,1049,Granada,1,0,available,unscheduled,False,False
3825589,2015-09-18,11,La Liga,27,2015/2016,male,216,Getafe,223,Málaga,1,0,available,unscheduled,False,False
3825588,2015-09-14,11,La Liga,27,2015/2016,male,360,Rayo Vallecano,219,RC Deportivo La Coruña,1,3,available,unscheduled,False,False
3825587,2015-09-13,11,La Liga,27,2015/2016,male,215,Athletic Club,216,Getafe,3,1,available,unscheduled,False,False
3825586,2015-09-13,11,La Liga,27,2015/2016,male,223,Málaga,322,Eibar,0,0,available,unscheduled,False,False
3825585,2015-09-13,11,La Liga,27,2015/2016,male,209,Celta Vigo,208,Las Palmas,3,3,available,unscheduled,False,False
3825583,2015-09-12,11,La Liga,27,2015/2016,male,1041,Sporting Gijón,207,Valencia,0,1,available,unscheduled,False,False
3825582,2015-09-12,11,La Liga,27,2015/2016,male,218,Real Betis,210,Real Sociedad,1,0,available,unscheduled,False,False
3825581,2015-09-12,11,La Liga,27,2015/2016,male,214,Espanyol,220,Real Madrid,0,6,available,unscheduled,False,False
3825580,2015-09-11,11,La Liga,27,2015/2016,male,221,Levante UD,213,Sevilla,1,1,available,unscheduled,False,False
3825578,2015-08-30,11,La Liga,27,2015/2016,male,322,Eibar,215,Athletic Club,2,0,available,unscheduled,False,False
3825577,2015-08-30,11,La Liga,27,2015/2016,male,216,Getafe,1049,Granada,1,2,available,unscheduled,False,False
3825576,2015-08-30,11,La Liga,27,2015/2016,male,207,Valencia,219,RC Deportivo La Coruña,1,1,available,unscheduled,False,False
3825575,2015-08-30,11,La Liga,27,2015/2016,male,208,Las Palmas,221,Levante UD,0,0,available,unscheduled,False,False
3825574,2015-08-29,11,La Liga,27,2015/2016,male,209,Celta Vigo,360,Rayo Vallecano,3,0,available,unscheduled,False,False
3825573,2015-08-29,11,La Liga,27,2015/2016,male,210,Real Sociedad,1041,Sporting Gijón,0,0,available,unscheduled,False,False
3825571,2015-08-28,11,La Liga,27,2015/2016,male,222,Villarreal,214,Espanyol,3,1,available,unscheduled,False,False
3825569,2015-08-23,11,La Liga,27,2015/2016,male,221,Levante UD,209,Celta Vigo,1,2,available,unscheduled,False,False
3825568,2015-08-23,11,La Liga,27,2015/2016,male,218,Real Betis,222,Villarreal,1,1,available,unscheduled,False,False
3825567,2015-08-23,11,La Liga,27,2015/2016,male,1041,Sporting Gijón,220,Real Madrid,0,0,available,unscheduled,False,False
3825566,2015-08-22,11,La Liga,27,2015/2016,male,360,Rayo Vallecano,207,Valencia,0,0,available,unscheduled,False,False
3825565,2015-08-22,11,La Liga,27,2015/2016,male,214,Espanyol,216,Getafe,1,0,available,unscheduled,False,False
3825564,2015-08-22,11,La Liga,27,2015/2016,male,219,RC Deportivo La Coruña,210,Real Sociedad,0,0,available,unscheduled,False,False
3825563,2015-08-22,11,La Liga,27,2015/2016,male,212,Atlético Madrid,208,Las Palmas,1,0,available,unscheduled,False,False
266498,2016-03-12,11,La Liga,27,2015/2016,male,217,Barcelona,216,Getafe,6,0,available,scheduled,False,False
266986,2016-04-30,11,La Liga,27,2015/2016,male,218,Real Betis,217,Barcelona,0,2,available,scheduled,False,False
267533,2016-04-02,11,La Liga,27,2015/2016,male,217,Barcelona,220,Real Madrid,1,2,available,scheduled,False,False
266310,2016-04-20,11,La Liga,27,2015/2016,male,219,RC Deportivo La Coruña,217,Barcelona,0,8,available,scheduled,False,False
267576,2016-01-30,11,La Liga,27,2015/2016,male,217,Barcelona,212,Atlético Madrid,2,1,available,scheduled,False,False
266653,2016-03-03,11,La Liga,27,2015/2016,male,360,Rayo Vallecano,217,Barcelona,1,5,available,scheduled,False,False
265944,2016-04-23,11,La Liga,27,2015/2016,male,217,Barcelona,1041,Sporting Gijón,6,0,available,scheduled,False,False
265894,2016-01-23,11,La Liga,27,2015/2016,male,223,Málaga,217,Barcelona,1,2,available,scheduled,False,False
265958,2016-05-08,11,La Liga,27,2015/2016,male,217,Barcelona,214,Espanyol,5,0,available,scheduled,False,False
267611,2015-09-26,11,La Liga,27,2015/2016,male,217,Barcelona,208,Las Palmas,2,1,available,scheduled,False,False
267422,2015-08-29,11,La Liga,27,2015/2016,male,217,Barcelona,223,Málaga,1,0,available,scheduled,False,False
266236,2015-08-23,11,La Liga,27,2015/2016,male,215,Athletic Club,217,Barcelona,0,1,available,scheduled,False,False
267274,2015-12-05,11,La Liga,27,2015/2016,male,207,Valencia,217,Barcelona,1,1,available,scheduled,False,False
266961,2015-12-12,11,La Liga,27,2015/2016,male,217,Barcelona,219,RC Deportivo La Coruña,2,2,available,scheduled,False,False
266885,2015-11-28,11,La Liga,27,2015/2016,male,217,Barcelona,210,Real Sociedad,4,0,available,scheduled,False,False
266815,2016-02-17,11,La Liga,27,2015/2016,male,1041,Sporting Gijón,217,Barcelona,1,3,available,scheduled,False,False
267506,2016-05-14,11,La Liga,27,2015/2016,male,1049,Granada,217,Barcelona,0,3,available,scheduled,False,False
266664,2016-04-09,11,La Liga,27,2015/2016,male,210,Real Sociedad,217,Barcelona,1,0,available,scheduled,False,False
266106,2016-03-20,11,La Liga,27,2015/2016,male,222,Villarreal,217,Barcelona,2,2,available,scheduled,False,False
266670,2016-01-02,11,La Liga,27,2015/2016,male,214,Espanyol,217,Barcelona,0,0,available,scheduled,False,False
266149,2016-01-17,11,La Liga,27,2015/2016,male,217,Barcelona,215,Athletic Club,6,0,available,scheduled,False,False
266620,2016-01-09,11,La Liga,27,2015/2016,male,217,Barcelona,1049,Granada,4,0,available,scheduled,False,False
266056,2016-03-06,11,La Liga,27,2015/2016,male,322,Eibar,217,Barcelona,0,4,available,scheduled,False,False
267327,2015-12-30,11,La Liga,27,2015/2016,male,217,Barcelona,218,Real Betis,4,0,available,scheduled,False,False
266166,2015-09-12,11,La Liga,27,2015/2016,male,212,Atlético Madrid,217,Barcelona,1,2,available,scheduled,False,False
266160,2016-02-07,11,La Liga,27,2015/2016,male,221,Levante UD,217,Barcelona,0,2,available,scheduled,False,False
265839,2016-02-28,11,La Liga,27,2015/2016,male,217,Barcelona,213,Sevilla,2,1,available,scheduled,False,False
266424,2015-11-21,11,La Liga,27,2015/2016,male,220,Real Madrid,217,Barcelona,0,4,available,scheduled,False,False
266467,2015-09-23,11,La Liga,27,2015/2016,male,209,Celta Vigo,217,Barcelona,4,1,available,scheduled,False,False
267273,2016-02-20,11,La Liga,27,2015/2016,male,208,Las Palmas,217,Barcelona,1,2,available,scheduled,False,False
266490,2015-09-20,11,La Liga,27,2015/2016,male,217,Barcelona,221,Levante UD,4,1,available,scheduled,False,False
266254,2016-02-14,11,La Liga,27,2015/2016,male,217,Barcelona,209,Celta Vigo,6,1,available,scheduled,False,False
266557,2016-04-17,11,La Liga,27,2015/2016,male,217,Barcelona,207,Valencia,1,2,available,scheduled,False,False
267183,2015-03-22,11,La Liga,26,2014/2015,male,217,Barcelona,220,Real Madrid,2,1,available,scheduled,False,False
265835,2014-11-22,11,La Liga,26,2014/2015,male,217,Barcelona,213,Sevilla,5,1,available,scheduled,False,False
266838,2014-09-24,11,La Liga,26,2014/2015,male,223,Málaga,217,Barcelona,0,0,available,scheduled,False,False
265963,2015-04-28,11,La Liga,26,2014/2015,male,217,Barcelona,216,Getafe,6,0,available,scheduled,False,False
266117,2014-09-27,11,La Liga,26,2014/2015,male,217,Barcelona,1049,Granada,6,0,available,scheduled,False,False
266916,2015-03-08,11,La Liga,26,2014/2015,male,217,Barcelona,360,Rayo Vallecano,6,1,available,scheduled,False,False
267197,2015-05-23,11,La Liga,26,2014/2015,male,217,Barcelona,219,RC Deportivo La Coruña,2,2,available,scheduled,False,False
70264,2014-12-13,11,La Liga,26,2014/2015,male,216,Getafe,217,Barcelona,0,0,available,scheduled,False,False
70273,2014-09-13,11,La Liga,26,2014/2015,male,217,Barcelona,215,Athletic Club,2,0,available,scheduled,False,False
267301,2014-11-01,11,La Liga,26,2014/2015,male,217,Barcelona,209,Celta Vigo,0,1,available,scheduled,False,False
265896,2014-10-18,11,La Liga,26,2014/2015,male,217,Barcelona,322,Eibar,3,0,available,scheduled,False,False
265866,2015-05-02,11,La Liga,26,2014/2015,male,373,Córdoba CF,217,Barcelona,0,8,available,scheduled,False,False
267400,2015-04-08,11,La Liga,26,2014/2015,male,217,Barcelona,403,Almería,4,0,available,scheduled,False,False
266406,2014-08-31,11,La Liga,26,2014/2015,male,222,Villarreal,217,Barcelona,0,1,available,scheduled,False,False
267085,2014-10-25,11,La Liga,26,2014/2015,male,220,Real Madrid,217,Barcelona,3,1,available,scheduled,False,False
267561,2014-10-04,11,La Liga,26,2014/2015,male,360,Rayo Vallecano,217,Barcelona,0,2,available,scheduled,False,False
266148,2015-02-21,11,La Liga,26,2014/2015,male,217,Barcelona,223,Málaga,0,1,available,scheduled,False,False
266045,2015-05-09,11,La Liga,26,2014/2015,male,217,Barcelona,210,Real Sociedad,2,0,available,scheduled,False,False
70303,2015-01-11,11,La Liga,26,2014/2015,male,217,Barcelona,212,Atlético Madrid,3,1,available,scheduled,False,False
266240,2015-01-04,11,La Liga,26,2014/2015,male,210,Real Sociedad,217,Barcelona,1,0,available,scheduled,False,False
267597,2015-02-01,11,La Liga,26,2014/2015,male,217,Barcelona,222,Villarreal,3,2,available,scheduled,False,False
266794,2015-01-24,11,La Liga,26,2014/2015,male,1042,Elche,217,Barcelona,0,6,available,scheduled,False,False
267343,2015-02-28,11,La Liga,26,2014/2015,male,1049,Granada,217,Barcelona,1,3,available,scheduled,False,False
266631,2015-05-17,11,La Liga,26,2014/2015,male,212,Atlético Madrid,217,Barcelona,0,1,available,scheduled,False,False
266320,2014-12-07,11,La Liga,26,2014/2015,male,217,Barcelona,214,Espanyol,5,1,available,scheduled,False,False
266230,2015-01-18,11,La Liga,26,2014/2015,male,219,RC Deportivo La Coruña,217,Barcelona,0,4,available,scheduled,False,False
266525,2015-04-18,11,La Liga,26,2014/2015,male,217,Barcelona,207,Valencia,2,0,available,scheduled,False,False
266560,2014-11-30,11,La Liga,26,2014/2015,male,207,Valencia,217,Barcelona,0,1,available,scheduled,False,False
266846,2014-12-20,11,La Liga,26,2014/2015,male,217,Barcelona,373,Córdoba CF,5,0,available,scheduled,False,False
266531,2015-04-25,11,La Liga,26,2014/2015,male,214,Espanyol,217,Barcelona,0,2,available,scheduled,False,False
266921,2014-08-24,11,La Liga,26,2014/2015,male,217,Barcelona,1042,Elche,3,0,available,scheduled,False,False
267499,2014-11-08,11,La Liga,26,2014/2015,male,403,Almería,217,Barcelona,1,2,available,scheduled,False,False
266741,2015-02-15,11,La Liga,26,2014/2015,male,217,Barcelona,221,Levante UD,5,0,available,scheduled,False,False
266871,2015-02-08,11,La Liga,26,2014/2015,male,215,Athletic Club,217,Barcelona,2,5,available,scheduled,False,False
266967,2015-03-14,11,La Liga,26,2014/2015,male,322,Eibar,217,Barcelona,0,2,available,scheduled,False,False
266929,2015-04-05,11,La Liga,26,2014/2015,male,209,Celta Vigo,217,Barcelona,0,1,available,scheduled,False,False
266770,2014-09-21,11,La Liga,26,2014/2015,male,221,Levante UD,217,Barcelona,0,5,available,scheduled,False,False
266142,2015-04-11,11,La Liga,26,2014/2015,male,213,Sevilla,217,Barcelona,2,2,available,scheduled,False,False
266066,2014-03-02,11,La Liga,25,2013/2014,male,217,Barcelona,403,Almería,4,1,available,scheduled,False,False
267368,2014-04-05,11,La Liga,25,2013/2014,male,217,Barcelona,218,Real Betis,3,1,available,scheduled,False,False
70301,2013-09-14,11,La Liga,25,2013/2014,male,217,Barcelona,213,Sevilla,3,2,available,scheduled,False,False
70298,2013-09-01,11,La Liga,25,2013/2014,male,207,Valencia,217,Barcelona,2,3,available,scheduled,False,False
70302,2013-09-21,11,La Liga,25,2013/2014,male,360,Rayo Vallecano,217,Barcelona,0,4,available,scheduled,False,False
70291,2014-01-26,11,La Liga,25,2013/2014,male,217,Barcelona,223,Málaga,3,0,available,scheduled,False,False
267138,2014-04-12,11,La Liga,25,2013/2014,male,1049,Granada,217,Barcelona,1,0,available,scheduled,False,False
267520,2013-09-24,11,La Liga,25,2013/2014,male,217,Barcelona,210,Real Sociedad,4,1,available,scheduled,False,False
70289,2014-04-27,11,La Liga,25,2013/2014,male,222,Villarreal,217,Barcelona,2,3,available,scheduled,False,False
267675,2014-02-09,11,La Liga,25,2013/2014,male,213,Sevilla,217,Barcelona,1,4,available,scheduled,False,False
70288,2014-01-19,11,La Liga,25,2013/2014,male,221,Levante UD,217,Barcelona,1,1,available,scheduled,False,False
266074,2014-03-16,11,La Liga,25,2013/2014,male,217,Barcelona,422,Osasuna,7,0,available,scheduled,False,False
267567,2014-04-20,11,La Liga,25,2013/2014,male,217,Barcelona,215,Athletic Club,2,1,available,scheduled,False,False
266201,2014-05-11,11,La Liga,25,2013/2014,male,1042,Elche,217,Barcelona,0,0,available,scheduled,False,False
266274,2014-03-26,11,La Liga,25,2013/2014,male,217,Barcelona,209,Celta Vigo,3,0,available,scheduled,False,False
70293,2013-10-26,11,La Liga,25,2013/2014,male,217,Barcelona,220,Real Madrid,2,1,available,scheduled,False,False
265918,2014-02-15,11,La Liga,25,2013/2014,male,217,Barcelona,360,Rayo Vallecano,6,0,available,scheduled,False,False
70277,2013-08-18,11,La Liga,25,2013/2014,male,217,Barcelona,221,Levante UD,7,0,available,scheduled,False,False
70283,2013-11-01,11,La Liga,25,2013/2014,male,217,Barcelona,214,Espanyol,1,0,available,scheduled,False,False
70306,2014-03-29,11,La Liga,25,2013/2014,male,214,Espanyol,217,Barcelona,0,1,available,scheduled,False,False
266256,2014-05-17,11,La Liga,25,2013/2014,male,217,Barcelona,212,Atlético Madrid,1,1,available,scheduled,False,False
266613,2014-02-01,11,La Liga,25,2013/2014,male,217,Barcelona,207,Valencia,2,3,available,scheduled,False,False
266491,2014-05-03,11,La Liga,25,2013/2014,male,217,Barcelona,216,Getafe,2,2,available,scheduled,False,False
265830,2014-01-11,11,La Liga,25,2013/2014,male,212,Atlético Madrid,217,Barcelona,0,0,available,scheduled,False,False
265857,2014-03-23,11,La Liga,25,2013/2014,male,220,Real Madrid,217,Barcelona,3,4,available,scheduled,False,False
266883,2013-11-10,11,La Liga,25,2013/2014,male,218,Real Betis,217,Barcelona,1,4,available,scheduled,False,False
266603,2014-03-08,11,La Liga,25,2013/2014,male,901,Real Valladolid,217,Barcelona,1,0,available,scheduled,False,False
265837,2014-02-22,11,La Liga,25,2013/2014,male,210,Real Sociedad,217,Barcelona,3,1,available,scheduled,False,False
266462,2013-10-19,11,La Liga,25,2013/2014,male,422,Osasuna,217,Barcelona,0,0,available,scheduled,False,False
267192,2013-10-29,11,La Liga,25,2013/2014,male,209,Celta Vigo,217,Barcelona,0,3,available,scheduled,False,False
266420,2013-09-28,11,La Liga,25,2013/2014,male,403,Almería,217,Barcelona,0,2,available,scheduled,False,False
70263,2012-12-01,11,La Liga,24,2012/2013,male,217,Barcelona,215,Athletic Club,5,1,available,scheduled,False,False
266015,2012-12-22,11,La Liga,24,2012/2013,male,901,Real Valladolid,217,Barcelona,1,3,available,scheduled,False,False
70270,2012-09-22,11,La Liga,24,2012/2013,male,217,Barcelona,1049,Granada,2,0,available,scheduled,False,False
70281,2013-05-05,11,La Liga,24,2012/2013,male,217,Barcelona,218,Real Betis,4,2,available,scheduled,False,False
70308,2012-11-03,11,La Liga,24,2012/2013,male,217,Barcelona,209,Celta Vigo,3,1,available,scheduled,False,False
70282,2013-02-03,11,La Liga,24,2012/2013,male,207,Valencia,217,Barcelona,1,1,available,scheduled,False,False
266724,2012-11-11,11,La Liga,24,2012/2013,male,1043,Mallorca,217,Barcelona,2,4,available,scheduled,False,False
70272,2013-03-02,11,La Liga,24,2012/2013,male,220,Real Madrid,217,Barcelona,2,1,available,scheduled,False,False
70304,2012-10-20,11,La Liga,24,2012/2013,male,219,RC Deportivo La Coruña,217,Barcelona,4,5,available,scheduled,False,False
70280,2012-11-25,11,La Liga,24,2012/2013,male,221,Levante UD,217,Barcelona,0,4,available,scheduled,False,False
70296,2012-12-16,11,La Liga,24,2012/2013,male,217,Barcelona,212,Atlético Madrid,4,1,available,scheduled,False,False
70297,2013-02-10,11,La Liga,24,2012/2013,male,217,Barcelona,216,Getafe,6,1,available,scheduled,False,False
266433,2013-01-06,11,La Liga,24,2012/2013,male,217,Barcelona,214,Espanyol,4,0,available,scheduled,False,False
70256,2013-03-30,11,La Liga,24,2012/2013,male,209,Celta Vigo,217,Barcelona,2,2,available,scheduled,False,False
70259,2012-08-19,11,La Liga,24,2012/2013,male,217,Barcelona,210,Real Sociedad,5,1,available,scheduled,False,False
70260,2013-01-27,11,La Liga,24,2012/2013,male,217,Barcelona,422,Osasuna,5,1,available,scheduled,False,False
70276,2012-10-27,11,La Liga,24,2012/2013,male,360,Rayo Vallecano,217,Barcelona,0,5,available,scheduled,False,False
70287,2013-01-19,11,La Liga,24,2012/2013,male,210,Real Sociedad,217,Barcelona,3,2,available,scheduled,False,False
70284,2013-05-12,11,La Liga,24,2012/2013,male,212,Atlético Madrid,217,Barcelona,1,2,available,scheduled,False,False
70275,2012-09-29,11,La Liga,24,2012/2013,male,213,Sevilla,217,Barcelona,2,3,available,scheduled,False,False
70286,2012-09-02,11,La Liga,24,2012/2013,male,217,Barcelona,207,Valencia,1,0,available,scheduled,False,False
70309,2012-11-17,11,La Liga,24,2012/2013,male,217,Barcelona,395,Real Zaragoza,3,1,available,scheduled,False,False
70300,2012-10-07,11,La Liga,24,2012/2013,male,217,Barcelona,220,Real Madrid,2,2,available,scheduled,False,False
70295,2012-12-09,11,La Liga,24,2012/2013,male,218,Real Betis,217,Barcelona,1,2,available,scheduled,False,False
70307,2013-03-17,11,La Liga,24,2012/2013,male,217,Barcelona,360,Rayo Vallecano,3,1,available,scheduled,False,False
70305,2013-03-09,11,La Liga,24,2012/2013,male,217,Barcelona,219,RC Deportivo La Coruña,2,0,available,scheduled,False,False
266827,2013-01-13,11,La Liga,24,2012/2013,male,223,Málaga,217,Barcelona,1,3,available,scheduled,False,False
267502,2013-04-27,11,La Liga,24,2012/2013,male,215,Athletic Club,217,Barcelona,2,2,available,scheduled,False,False
70271,2013-02-23,11,La Liga,24,2012/2013,male,217,Barcelona,213,Sevilla,2,1,available,scheduled,False,False
70294,2013-02-16,11,La Liga,24,2012/2013,male,1049,Granada,217,Barcelona,1,2,available,scheduled,False,False
70262,2012-08-26,11,La Liga,24,2012/2013,male,422,Osasuna,217,Barcelona,1,2,available,scheduled,False,False
70292,2012-09-15,11,La Liga,24,2012/2013,male,216,Getafe,217,Barcelona,1,4,available,scheduled,False,False
70220,2011-09-17,11,La Liga,23,2011/2012,male,217,Barcelona,422,Osasuna,8,0,available,scheduled,False,False
69328,2012-02-19,11,La Liga,23,2011/2012,male,217,Barcelona,207,Valencia,5,1,available,scheduled,False,False
69329,2011-10-22,11,La Liga,23,2011/2012,male,217,Barcelona,213,Sevilla,0,0,available,scheduled,False,False
70219,2012-04-07,11,La Liga,23,2011/2012,male,395,Real Zaragoza,217,Barcelona,1,4,available,scheduled,False,False
69331,2011-11-19,11,La Liga,23,2011/2012,male,217,Barcelona,395,Real Zaragoza,4,0,available,scheduled,False,False
69337,2012-02-26,11,La Liga,23,2011/2012,male,212,Atlético Madrid,217,Barcelona,1,2,available,scheduled,False,False
69322,2012-03-11,11,La Liga,23,2011/2012,male,1217,Racing Santander,217,Barcelona,0,2,available,scheduled,False,False
69316,2012-02-04,11,La Liga,23,2011/2012,male,217,Barcelona,210,Real Sociedad,2,1,available,scheduled,False,False
69332,2011-11-29,11,La Liga,23,2011/2012,male,217,Barcelona,360,Rayo Vallecano,4,0,available,scheduled,False,False
69335,2012-01-22,11,La Liga,23,2011/2012,male,223,Málaga,217,Barcelona,1,4,available,scheduled,False,False
69330,2011-11-06,11,La Liga,23,2011/2012,male,215,Athletic Club,217,Barcelona,2,2,available,scheduled,False,False
69297,2011-09-24,11,La Liga,23,2011/2012,male,217,Barcelona,212,Atlético Madrid,5,0,available,scheduled,False,False
69325,2012-03-24,11,La Liga,23,2011/2012,male,1043,Mallorca,217,Barcelona,0,2,available,scheduled,False,False
69324,2012-04-21,11,La Liga,23,2011/2012,male,217,Barcelona,220,Real Madrid,1,2,available,scheduled,False,False
70225,2012-03-20,11,La Liga,23,2011/2012,male,217,Barcelona,1049,Granada,5,3,available,scheduled,False,False
69293,2011-10-15,11,La Liga,23,2011/2012,male,217,Barcelona,1217,Racing Santander,3,0,available,scheduled,False,False
70223,2011-09-21,11,La Liga,23,2011/2012,male,207,Valencia,217,Barcelona,2,2,available,scheduled,False,False
69333,2011-12-03,11,La Liga,23,2011/2012,male,217,Barcelona,221,Levante UD,5,0,available,scheduled,False,False
69264,2011-09-10,11,La Liga,23,2011/2012,male,210,Real Sociedad,217,Barcelona,2,2,available,scheduled,False,False
69343,2012-04-10,11,La Liga,23,2011/2012,male,217,Barcelona,216,Getafe,4,0,available,scheduled,False,False
69340,2012-05-02,11,La Liga,23,2011/2012,male,217,Barcelona,223,Málaga,4,1,available,scheduled,False,False
69265,2011-10-02,11,La Liga,23,2011/2012,male,1041,Sporting Gijón,217,Barcelona,0,1,available,scheduled,False,False
69319,2012-05-12,11,La Liga,23,2011/2012,male,218,Real Betis,217,Barcelona,2,2,available,scheduled,False,False
69334,2011-12-10,11,La Liga,23,2011/2012,male,220,Real Madrid,217,Barcelona,1,3,available,scheduled,False,False
69327,2012-01-15,11,La Liga,23,2011/2012,male,217,Barcelona,218,Real Betis,4,2,available,scheduled,False,False
69315,2011-11-26,11,La Liga,23,2011/2012,male,216,Getafe,217,Barcelona,1,0,available,scheduled,False,False
69336,2012-02-11,11,La Liga,23,2011/2012,male,422,Osasuna,217,Barcelona,3,2,available,scheduled,False,False
69326,2012-03-17,11,La Liga,23,2011/2012,male,213,Sevilla,217,Barcelona,0,2,available,scheduled,False,False
69268,2011-08-29,11,La Liga,23,2011/2012,male,217,Barcelona,222,Villarreal,5,0,available,scheduled,False,False
69320,2012-05-05,11,La Liga,23,2011/2012,male,217,Barcelona,214,Espanyol,4,0,available,scheduled,False,False
69312,2012-01-08,11,La Liga,23,2011/2012,male,214,Espanyol,217,Barcelona,1,1,available,scheduled,False,False
69314,2011-10-29,11,La Liga,23,2011/2012,male,217,Barcelona,1043,Mallorca,5,0,available,scheduled,False,False
69318,2011-10-25,11,La Liga,23,2011/2012,male,1049,Granada,217,Barcelona,0,1,available,scheduled,False,False
69338,2012-01-28,11,La Liga,23,2011/2012,male,222,Villarreal,217,Barcelona,0,0,available,scheduled,False,False
70224,2012-04-29,11,La Liga,23,2011/2012,male,360,Rayo Vallecano,217,Barcelona,0,7,available,scheduled,False,False
70221,2012-04-14,11,La Liga,23,2011/2012,male,221,Levante UD,217,Barcelona,1,2,available,scheduled,False,False
69323,2012-03-31,11,La Liga,23,2011/2012,male,217,Barcelona,215,Athletic Club,2,0,available,scheduled,False,False
69276,2011-02-05,11,La Liga,22,2010/2011,male,217,Barcelona,212,Atlético Madrid,3,0,available,scheduled,False,False
69304,2011-04-02,11,La Liga,22,2010/2011,male,222,Villarreal,217,Barcelona,0,1,available,scheduled,False,False
69307,2010-12-04,11,La Liga,22,2010/2011,male,422,Osasuna,217,Barcelona,0,3,available,scheduled,False,False
69271,2011-04-23,11,La Liga,22,2010/2011,male,217,Barcelona,422,Osasuna,2,0,available,scheduled,False,False
69305,2011-04-09,11,La Liga,22,2010/2011,male,217,Barcelona,403,Almería,3,1,available,scheduled,False,False
69278,2011-01-16,11,La Liga,22,2010/2011,male,217,Barcelona,223,Málaga,4,1,available,scheduled,False,False
69275,2010-12-18,11,La Liga,22,2010/2011,male,214,Espanyol,217,Barcelona,1,5,available,scheduled,False,False
69295,2011-01-22,11,La Liga,22,2010/2011,male,217,Barcelona,1217,Racing Santander,3,0,available,scheduled,False,False
69270,2010-11-07,11,La Liga,22,2010/2011,male,216,Getafe,217,Barcelona,1,3,available,scheduled,False,False
69303,2011-03-19,11,La Liga,22,2010/2011,male,217,Barcelona,216,Getafe,2,1,available,scheduled,False,False
69245,2011-04-16,11,La Liga,22,2010/2011,male,220,Real Madrid,217,Barcelona,1,1,available,scheduled,False,False
69287,2010-09-11,11,La Liga,22,2010/2011,male,217,Barcelona,1218,Hércules,0,2,available,scheduled,False,False
69296,2011-01-29,11,La Liga,22,2010/2011,male,1218,Hércules,217,Barcelona,0,3,available,scheduled,False,False
69260,2010-10-16,11,La Liga,22,2010/2011,male,217,Barcelona,207,Valencia,2,1,available,scheduled,False,False
69269,2010-09-19,11,La Liga,22,2010/2011,male,212,Atlético Madrid,217,Barcelona,1,2,available,scheduled,False,False
69246,2011-04-30,11,La Liga,22,2010/2011,male,210,Real Sociedad,217,Barcelona,2,1,available,scheduled,False,False
69302,2010-12-12,11,La Liga,22,2010/2011,male,217,Barcelona,210,Real Sociedad,5,0,available,scheduled,False,False
69282,2011-02-20,11,La Liga,22,2010/2011,male,217,Barcelona,215,Athletic Club,2,1,available,scheduled,False,False
69274,2011-03-02,11,La Liga,22,2010/2011,male,207,Valencia,217,Barcelona,0,1,available,scheduled,False,False
69283,2011-02-26,11,La Liga,22,2010/2011,male,1043,Mallorca,217,Barcelona,0,3,available,scheduled,False,False
69280,2011-01-08,11,La Liga,22,2010/2011,male,219,RC Deportivo La Coruña,217,Barcelona,0,4,available,scheduled,False,False
69286,2010-08-29,11,La Liga,22,2010/2011,male,1217,Racing Santander,217,Barcelona,0,3,available,scheduled,False,False
69291,2011-03-13,11,La Liga,22,2010/2011,male,213,Sevilla,217,Barcelona,1,1,available,scheduled,False,False
69236,2010-10-03,11,La Liga,22,2010/2011,male,217,Barcelona,1043,Mallorca,1,1,available,scheduled,False,False
69234,2011-05-08,11,La Liga,22,2010/2011,male,217,Barcelona,214,Espanyol,2,0,available,scheduled,False,False
69272,2011-05-11,11,La Liga,22,2010/2011,male,221,Levante UD,217,Barcelona,1,1,available,scheduled,False,False
69308,2010-11-13,11,La Liga,22,2010/2011,male,217,Barcelona,222,Villarreal,3,1,available,scheduled,False,False
69299,2010-11-29,11,La Liga,22,2010/2011,male,217,Barcelona,220,Real Madrid,5,0,available,scheduled,False,False
69300,2011-03-05,11,La Liga,22,2010/2011,male,217,Barcelona,395,Real Zaragoza,1,0,available,scheduled,False,False
69289,2010-10-30,11,La Liga,22,2010/2011,male,217,Barcelona,213,Sevilla,5,0,available,scheduled,False,False
69263,2010-10-23,11,La Liga,22,2010/2011,male,395,Real Zaragoza,217,Barcelona,0,2,available,scheduled,False,False
69306,2010-11-20,11,La Liga,22,2010/2011,male,403,Almería,217,Barcelona,0,8,available,scheduled,False,False
69248,2011-02-12,11,La Liga,22,2010/2011,male,1041,Sporting Gijón,217,Barcelona,1,1,available,scheduled,False,False
69238,2010-02-27,11,La Liga,21,2009/2010,male,217,Barcelona,223,Málaga,2,1,available,scheduled,False,False
69243,2010-01-16,11,La Liga,21,2009/2010,male,217,Barcelona,213,Sevilla,4,0,available,scheduled,False,False
69241,2010-05-04,11,La Liga,21,2009/2010,male,217,Barcelona,627,Tenerife,4,1,available,scheduled,False,False
69239,2010-05-08,11,La Liga,21,2009/2010,male,213,Sevilla,217,Barcelona,2,3,available,scheduled,False,False
69257,2010-03-24,11,La Liga,21,2009/2010,male,217,Barcelona,422,Osasuna,2,0,available,scheduled,False,False
69253,2009-10-25,11,La Liga,21,2009/2010,male,217,Barcelona,395,Real Zaragoza,6,1,available,scheduled,False,False
69244,2010-05-01,11,La Liga,21,2009/2010,male,222,Villarreal,217,Barcelona,1,4,available,scheduled,False,False
69277,2009-10-31,11,La Liga,21,2009/2010,male,422,Osasuna,217,Barcelona,1,1,available,scheduled,False,False
69229,2009-09-12,11,La Liga,21,2009/2010,male,216,Getafe,217,Barcelona,0,2,available,scheduled,False,False
69219,2010-01-10,11,La Liga,21,2009/2010,male,627,Tenerife,217,Barcelona,0,5,available,scheduled,False,False
69218,2009-12-05,11,La Liga,21,2009/2010,male,219,RC Deportivo La Coruña,217,Barcelona,1,3,available,scheduled,False,False
69250,2009-11-07,11,La Liga,21,2009/2010,male,217,Barcelona,1043,Mallorca,4,2,available,scheduled,False,False
69242,2010-05-16,11,La Liga,21,2009/2010,male,217,Barcelona,901,Real Valladolid,4,0,available,scheduled,False,False
69256,2009-10-03,11,La Liga,21,2009/2010,male,217,Barcelona,403,Almería,1,0,available,scheduled,False,False
69298,2010-03-27,11,La Liga,21,2009/2010,male,1043,Mallorca,217,Barcelona,0,1,available,scheduled,False,False
69259,2010-04-10,11,La Liga,21,2009/2010,male,220,Real Madrid,217,Barcelona,0,2,available,scheduled,False,False
69224,2010-03-14,11,La Liga,21,2009/2010,male,217,Barcelona,207,Valencia,3,0,available,scheduled,False,False
69210,2010-01-23,11,La Liga,21,2009/2010,male,901,Real Valladolid,217,Barcelona,0,3,available,scheduled,False,False
69220,2010-01-30,11,La Liga,21,2009/2010,male,1041,Sporting Gijón,217,Barcelona,0,1,available,scheduled,False,False
69237,2010-02-14,11,La Liga,21,2009/2010,male,212,Atlético Madrid,217,Barcelona,2,1,available,scheduled,False,False
69226,2010-03-06,11,La Liga,21,2009/2010,male,403,Almería,217,Barcelona,2,2,available,scheduled,False,False
69252,2009-10-17,11,La Liga,21,2009/2010,male,207,Valencia,217,Barcelona,0,0,available,scheduled,False,False
69255,2009-09-26,11,La Liga,21,2009/2010,male,223,Málaga,217,Barcelona,0,2,available,scheduled,False,False
69214,2010-04-24,11,La Liga,21,2009/2010,male,217,Barcelona,1219,Xerez,3,1,available,scheduled,False,False
69262,2009-11-29,11,La Liga,21,2009/2010,male,217,Barcelona,220,Real Madrid,1,0,available,scheduled,False,False
69240,2010-02-06,11,La Liga,21,2009/2010,male,217,Barcelona,216,Getafe,2,1,available,scheduled,False,False
69233,2010-02-20,11,La Liga,21,2009/2010,male,217,Barcelona,1217,Racing Santander,4,0,available,scheduled,False,False
69213,2010-04-17,11,La Liga,21,2009/2010,male,214,Espanyol,217,Barcelona,0,0,available,scheduled,False,False
69267,2009-12-02,11,La Liga,21,2009/2010,male,1219,Xerez,217,Barcelona,0,2,available,scheduled,False,False
69288,2009-11-21,11,La Liga,21,2009/2010,male,215,Athletic Club,217,Barcelona,1,1,available,scheduled,False,False
69254,2009-09-22,11,La Liga,21,2009/2010,male,1217,Racing Santander,217,Barcelona,1,4,available,scheduled,False,False
69292,2009-09-19,11,La Liga,21,2009/2010,male,217,Barcelona,212,Atlético Madrid,5,2,available,scheduled,False,False
69227,2010-03-21,11,La Liga,21,2009/2010,male,395,Real Zaragoza,217,Barcelona,2,4,available,scheduled,False,False
69247,2010-04-03,11,La Liga,21,2009/2010,male,217,Barcelona,215,Athletic Club,4,1,available,scheduled,False,False
69221,2010-04-14,11,La Liga,21,2009/2010,male,217,Barcelona,219,RC Deportivo La Coruña,3,0,available,scheduled,False,False
69222,2009-04-11,11,La Liga,41,2008/2009,male,217,Barcelona,1220,Recreativo Huelva,2,0,available,scheduled,False,False
69225,2008-12-13,11,La Liga,41,2008/2009,male,217,Barcelona,220,Real Madrid,2,0,available,scheduled,False,False
69189,2009-01-24,11,La Liga,41,2008/2009,male,217,Barcelona,444,CD Numancia de Soria,4,1,available,scheduled,False,False
69211,2008-09-27,11,La Liga,41,2008/2009,male,214,Espanyol,217,Barcelona,1,2,available,scheduled,False,False
69138,2008-09-21,11,La Liga,41,2008/2009,male,1041,Sporting Gijón,217,Barcelona,1,6,available,scheduled,False,False
69212,2008-10-04,11,La Liga,41,2008/2009,male,217,Barcelona,212,Atlético Madrid,6,1,available,scheduled,False,False
69235,2008-11-01,11,La Liga,41,2008/2009,male,223,Málaga,217,Barcelona,1,4,available,scheduled,False,False
69232,2008-10-25,11,La Liga,41,2008/2009,male,217,Barcelona,403,Almería,5,0,available,scheduled,False,False
69216,2009-03-07,11,La Liga,41,2008/2009,male,217,Barcelona,215,Athletic Club,2,0,available,scheduled,False,False
69209,2009-02-01,11,La Liga,41,2008/2009,male,1217,Racing Santander,217,Barcelona,1,2,available,scheduled,False,False
69231,2009-02-08,11,La Liga,41,2008/2009,male,217,Barcelona,1041,Sporting Gijón,3,1,available,scheduled,False,False
69217,2009-05-10,11,La Liga,41,2008/2009,male,217,Barcelona,222,Villarreal,3,3,available,scheduled,False,False
69273,2009-04-04,11,La Liga,41,2008/2009,male,901,Real Valladolid,217,Barcelona,0,1,available,scheduled,False,False
69223,2009-04-18,11,La Liga,41,2008/2009,male,216,Getafe,217,Barcelona,0,1,available,scheduled,False,False
69195,2009-02-14,11,La Liga,41,2008/2009,male,218,Real Betis,217,Barcelona,2,2,available,scheduled,False,False
69251,2009-04-25,11,La Liga,41,2008/2009,male,207,Valencia,217,Barcelona,2,2,available,scheduled,False,False
69185,2009-03-01,11,La Liga,41,2008/2009,male,212,Atlético Madrid,217,Barcelona,4,3,available,scheduled,False,False
69142,2009-03-22,11,La Liga,41,2008/2009,male,217,Barcelona,223,Málaga,6,0,available,scheduled,False,False
69139,2009-02-21,11,La Liga,41,2008/2009,male,217,Barcelona,214,Espanyol,1,2,available,scheduled,False,False
69171,2008-11-29,11,La Liga,41,2008/2009,male,213,Sevilla,217,Barcelona,0,3,available,scheduled,False,False
69249,2009-05-02,11,La Liga,41,2008/2009,male,220,Real Madrid,217,Barcelona,2,6,available,scheduled,False,False
69215,2008-09-13,11,La Liga,41,2008/2009,male,217,Barcelona,1217,Racing Santander,1,1,available,scheduled,False,False
69147,2008-08-31,11,La Liga,41,2008/2009,male,444,CD Numancia de Soria,217,Barcelona,1,0,available,scheduled,False,False
69177,2009-03-15,11,La Liga,41,2008/2009,male,403,Almería,217,Barcelona,0,2,available,scheduled,False,False
69207,2008-09-24,11,La Liga,41,2008/2009,male,217,Barcelona,218,Real Betis,3,2,available,scheduled,False,False
69228,2008-12-21,11,La Liga,41,2008/2009,male,222,Villarreal,217,Barcelona,1,2,available,scheduled,False,False
69183,2009-01-17,11,La Liga,41,2008/2009,male,217,Barcelona,219,RC Deportivo La Coruña,5,0,available,scheduled,False,False
69279,2008-11-08,11,La Liga,41,2008/2009,male,217,Barcelona,901,Real Valladolid,6,0,available,scheduled,False,False
69285,2008-11-16,11,La Liga,41,2008/2009,male,1220,Recreativo Huelva,217,Barcelona,0,2,available,scheduled,False,False
69230,2009-01-11,11,La Liga,41,2008/2009,male,422,Osasuna,217,Barcelona,2,3,available,scheduled,False,False
69149,2008-12-06,11,La Liga,41,2008/2009,male,217,Barcelona,207,Valencia,4,0,available,scheduled,False,False
69146,2008-02-09,11,La Liga,40,2007/2008,male,213,Sevilla,217,Barcelona,1,1,available,scheduled,False,False
69151,2007-09-29,11,La Liga,40,2007/2008,male,221,Levante UD,217,Barcelona,1,4,available,scheduled,False,False
69144,2007-10-07,11,La Liga,40,2007/2008,male,217,Barcelona,212,Atlético Madrid,3,0,available,scheduled,False,False
69169,2007-09-02,11,La Liga,40,2007/2008,male,217,Barcelona,215,Athletic Club,3,1,available,scheduled,False,False
68360,2008-02-24,11,La Liga,40,2007/2008,male,217,Barcelona,221,Levante UD,5,1,available,scheduled,False,False
69186,2008-05-17,11,La Liga,40,2007/2008,male,1230,Real Murcia CF,217,Barcelona,3,5,available,scheduled,False,False
69180,2007-08-26,11,La Liga,40,2007/2008,male,1217,Racing Santander,217,Barcelona,0,0,available,scheduled,False,False
69181,2008-01-27,11,La Liga,40,2007/2008,male,215,Athletic Club,217,Barcelona,1,1,available,scheduled,False,False
68365,2008-03-01,11,La Liga,40,2007/2008,male,212,Atlético Madrid,217,Barcelona,4,2,available,scheduled,False,False
69178,2007-11-10,11,La Liga,40,2007/2008,male,216,Getafe,217,Barcelona,2,0,available,scheduled,False,False
68364,2007-10-20,11,La Liga,40,2007/2008,male,222,Villarreal,217,Barcelona,3,1,available,scheduled,False,False
69170,2007-12-09,11,La Liga,40,2007/2008,male,217,Barcelona,219,RC Deportivo La Coruña,2,1,available,scheduled,False,False
68359,2008-04-19,11,La Liga,40,2007/2008,male,217,Barcelona,214,Espanyol,0,0,available,scheduled,False,False
68356,2007-12-01,11,La Liga,40,2007/2008,male,214,Espanyol,217,Barcelona,1,1,available,scheduled,False,False
69158,2007-10-28,11,La Liga,40,2007/2008,male,217,Barcelona,403,Almería,2,0,available,scheduled,False,False
69187,2008-02-03,11,La Liga,40,2007/2008,male,217,Barcelona,422,Osasuna,1,0,available,scheduled,False,False
68363,2007-11-01,11,La Liga,40,2007/2008,male,901,Real Valladolid,217,Barcelona,1,1,available,scheduled,False,False
69166,2007-11-04,11,La Liga,40,2007/2008,male,217,Barcelona,218,Real Betis,3,0,available,scheduled,False,False
68366,2008-05-11,11,La Liga,40,2007/2008,male,217,Barcelona,1043,Mallorca,2,3,available,scheduled,False,False
69148,2007-09-22,11,La Liga,40,2007/2008,male,217,Barcelona,213,Sevilla,2,1,available,scheduled,False,False
69184,2007-11-24,11,La Liga,40,2007/2008,male,217,Barcelona,1220,Recreativo Huelva,3,0,available,scheduled,False,False
69173,2008-01-20,11,La Liga,40,2007/2008,male,217,Barcelona,1217,Racing Santander,1,0,available,scheduled,False,False
69182,2008-02-16,11,La Liga,40,2007/2008,male,395,Real Zaragoza,217,Barcelona,1,2,available,scheduled,False,False
68358,2008-04-12,11,La Liga,40,2007/2008,male,1220,Recreativo Huelva,217,Barcelona,2,2,available,scheduled,False,False
68361,2008-05-07,11,La Liga,40,2007/2008,male,220,Real Madrid,217,Barcelona,4,1,available,scheduled,False,False
69141,2008-05-04,11,La Liga,40,2007/2008,male,217,Barcelona,207,Valencia,6,0,available,scheduled,False,False
69145,2007-12-15,11,La Liga,40,2007/2008,male,207,Valencia,217,Barcelona,0,3,available,scheduled,False,False
68336,2007-06-17,11,La Liga,39,2006/2007,male,1036,Gimnàstic Tarragona,217,Barcelona,1,5,available,scheduled,False,False
69176,2007-05-20,11,La Liga,39,2006/2007,male,212,Atlético Madrid,217,Barcelona,0,6,available,scheduled,False,False
69179,2007-04-07,11,La Liga,39,2006/2007,male,395,Real Zaragoza,217,Barcelona,1,0,available,scheduled,False,False
68334,2007-03-03,11,La Liga,39,2006/2007,male,213,Sevilla,217,Barcelona,2,1,available,scheduled,False,False
68333,2007-02-25,11,La Liga,39,2006/2007,male,217,Barcelona,215,Athletic Club,3,0,available,scheduled,False,False
68326,2006-08-28,11,La Liga,39,2006/2007,male,209,Celta Vigo,217,Barcelona,2,3,available,scheduled,False,False
69162,2007-05-13,11,La Liga,39,2006/2007,male,217,Barcelona,218,Real Betis,1,1,available,scheduled,False,False
68335,2007-03-10,11,La Liga,39,2006/2007,male,217,Barcelona,220,Real Madrid,3,3,available,scheduled,False,False
68332,2007-02-18,11,La Liga,39,2006/2007,male,207,Valencia,217,Barcelona,2,1,available,scheduled,False,False
68330,2006-10-22,11,La Liga,39,2006/2007,male,220,Real Madrid,217,Barcelona,2,0,available,scheduled,False,False
68329,2006-10-15,11,La Liga,39,2006/2007,male,217,Barcelona,213,Sevilla,3,1,available,scheduled,False,False
68341,2007-03-17,11,La Liga,39,2006/2007,male,1220,Recreativo Huelva,217,Barcelona,0,4,available,scheduled,False,False
69165,2007-06-09,11,La Liga,39,2006/2007,male,217,Barcelona,214,Espanyol,2,2,available,scheduled,False,False
69155,2007-04-22,11,La Liga,39,2006/2007,male,222,Villarreal,217,Barcelona,2,0,available,scheduled,False,False
69154,2007-02-11,11,La Liga,39,2006/2007,male,217,Barcelona,1217,Racing Santander,2,0,available,scheduled,False,False
69156,2007-04-29,11,La Liga,39,2006/2007,male,217,Barcelona,221,Levante UD,1,0,available,scheduled,False,False
69159,2007-04-15,11,La Liga,39,2006/2007,male,217,Barcelona,1043,Mallorca,1,0,available,scheduled,False,False
69175,2007-03-31,11,La Liga,39,2006/2007,male,217,Barcelona,219,RC Deportivo La Coruña,2,1,available,scheduled,False,False
69160,2007-05-05,11,La Liga,39,2006/2007,male,210,Real Sociedad,217,Barcelona,0,2,available,scheduled,False,False
68331,2006-11-12,11,La Liga,39,2006/2007,male,217,Barcelona,395,Real Zaragoza,3,1,available,scheduled,False,False
68328,2006-09-24,11,La Liga,39,2006/2007,male,217,Barcelona,207,Valencia,1,1,available,scheduled,False,False
68340,2006-09-17,11,La Liga,39,2006/2007,male,1217,Racing Santander,217,Barcelona,0,3,available,scheduled,False,False
69174,2006-11-04,11,La Liga,39,2006/2007,male,219,RC Deportivo La Coruña,217,Barcelona,1,1,available,scheduled,False,False
68347,2006-09-30,11,La Liga,39,2006/2007,male,215,Athletic Club,217,Barcelona,1,3,available,scheduled,False,False
68327,2006-09-09,11,La Liga,39,2006/2007,male,217,Barcelona,422,Osasuna,3,0,available,scheduled,False,False
69157,2007-05-26,11,La Liga,39,2006/2007,male,217,Barcelona,216,Getafe,1,0,available,scheduled,False,False
68323,2005-12-20,11,La Liga,38,2005/2006,male,217,Barcelona,209,Celta Vigo,2,0,available,scheduled,False,False
68318,2005-10-22,11,La Liga,38,2005/2006,male,217,Barcelona,422,Osasuna,3,0,available,scheduled,False,False
69172,2006-02-18,11,La Liga,38,2005/2006,male,217,Barcelona,218,Real Betis,5,1,available,scheduled,False,False
68322,2005-12-17,11,La Liga,38,2005/2006,male,552,Cádiz,217,Barcelona,1,3,available,scheduled,False,False
69164,2005-10-26,11,La Liga,38,2005/2006,male,217,Barcelona,223,Málaga,2,0,available,scheduled,False,False
68324,2006-01-22,11,La Liga,38,2005/2006,male,217,Barcelona,206,Deportivo Alavés,2,0,available,scheduled,False,False
68320,2005-12-04,11,La Liga,38,2005/2006,male,222,Villarreal,217,Barcelona,0,2,available,scheduled,False,False
68339,2005-11-06,11,La Liga,38,2005/2006,male,216,Getafe,217,Barcelona,1,3,available,scheduled,False,False
68348,2006-01-07,11,La Liga,38,2005/2006,male,214,Espanyol,217,Barcelona,1,2,available,scheduled,False,False
68354,2005-11-27,11,La Liga,38,2005/2006,male,217,Barcelona,1217,Racing Santander,4,1,available,scheduled,False,False
68351,2006-02-25,11,La Liga,38,2005/2006,male,395,Real Zaragoza,217,Barcelona,0,2,available,scheduled,False,False
68317,2005-10-01,11,La Liga,38,2005/2006,male,217,Barcelona,395,Real Zaragoza,2,2,available,scheduled,False,False
68350,2006-02-05,11,La Liga,38,2005/2006,male,217,Barcelona,212,Atlético Madrid,1,3,available,scheduled,False,False
68325,2006-01-29,11,La Liga,38,2005/2006,male,1043,Mallorca,217,Barcelona,0,3,available,scheduled,False,False
68321,2005-12-11,11,La Liga,38,2005/2006,male,217,Barcelona,213,Sevilla,2,1,available,scheduled,False,False
68319,2005-11-19,11,La Liga,38,2005/2006,male,220,Real Madrid,217,Barcelona,0,3,available,scheduled,False,False
68342,2006-01-15,11,La Liga,38,2005/2006,male,217,Barcelona,215,Athletic Club,2,1,available,scheduled,False,False
68314,2004-12-04,11,La Liga,37,2004/2005,male,217,Barcelona,223,Málaga,4,0,available,scheduled,False,False
68353,2004-10-16,11,La Liga,37,2004/2005,male,214,Espanyol,217,Barcelona,0,1,available,scheduled,False,False
68316,2005-05-01,11,La Liga,37,2004/2005,male,217,Barcelona,608,Albacete,2,0,available,scheduled,False,False
68313,2004-10-24,11,La Liga,37,2004/2005,male,217,Barcelona,422,Osasuna,3,0,available,scheduled,False,False
68315,2004-12-21,11,La Liga,37,2004/2005,male,217,Barcelona,221,Levante UD,2,1,available,scheduled,False,False
69153,2004-12-11,11,La Liga,37,2004/2005,male,608,Albacete,217,Barcelona,1,2,available,scheduled,False,False
68352,2005-04-17,11,La Liga,37,2004/2005,male,217,Barcelona,216,Getafe,2,0,available,scheduled,False,False
3888713,1974-02-17,11,La Liga,278,1973/1974,male,220,Real Madrid,217,Barcelona,0,5,available,unscheduled,False,False
3911491,2024-02-18,182,Liga F,281,2023/2024,female,3282,Real Madrid CF W,3269,Costa Adeje Tenerife,2,1,available,unscheduled,False,False
3910995,2023-12-09,182,Liga F,281,2023/2024,female,3282,Real Madrid CF W,3281,Sevilla FC,1,3,available,unscheduled,False,False
3911510,2024-03-16,182,Liga F,281,2023/2024,female,3282,Real Madrid CF W,3275,SD Eibar,1,0,available,unscheduled,False,False
3911515,2024-03-24,182,Liga F,281,2023/2024,female,3282,Real Madrid CF W,937,Barcelona WFC,0,3,available,unscheduled,False,False
3911296,2024-01-07,182,Liga F,281,2023/2024,female,3282,Real Madrid CF W,3278,Madrid CFF,2,1,available,unscheduled,False,False
3911637,2024-06-09,182,Liga F,281,2023/2024,female,3282,Real Madrid CF W,3270,Athletic Club Bilbao,1,0,available,unscheduled,False,False
3911010,2023-12-16,182,Liga F,281,2023/2024,female,1105,Atletico Madrid W,3272,Real Sociedad de Fútbol,1,1,available,unscheduled,False,False
3910954,2023-10-15,182,Liga F,281,2023/2024,female,1105,Atletico Madrid W,937,Barcelona WFC,0,1,available,unscheduled,False,False
3910942,2023-10-07,182,Liga F,281,2023/2024,female,1105,Atletico Madrid W,3281,Sevilla FC,2,1,available,unscheduled,False,False
3910968,2023-11-05,182,Liga F,281,2023/2024,female,3269,Costa Adeje Tenerife,1105,Atletico Madrid W,2,1,available,unscheduled,False,False
3910934,2023-09-30,182,Liga F,281,2023/2024,female,3274,Levante UD Femenino,1105,Atletico Madrid W,1,1,available,unscheduled,False,False
3910996,2023-12-10,182,Liga F,281,2023/2024,female,3279,Real Betis Balompié,1105,Atletico Madrid W,0,2,available,unscheduled,False,False
3910984,2023-11-19,182,Liga F,281,2023/2024,female,3278,Madrid CFF,1105,Atletico Madrid W,1,4,available,unscheduled,False,False
3911308,2024-01-27,182,Liga F,281,2023/2024,female,3270,Athletic Club Bilbao,3282,Real Madrid CF W,0,1,available,unscheduled,False,False
3911294,2024-01-07,182,Liga F,281,2023/2024,female,3277,Valencia CF,1105,Atletico Madrid W,1,6,available,unscheduled,False,False
3911309,2024-01-27,182,Liga F,281,2023/2024,female,3277,Valencia CF,3269,Costa Adeje Tenerife,1,1,available,unscheduled,False,False
3911633,2024-06-09,182,Liga F,281,2023/2024,female,6604,Villarreal,3280,CD Sporting de Huelva,2,0,available,unscheduled,False,False
3910970,2023-11-04,182,Liga F,281,2023/2024,female,3277,Valencia CF,3280,CD Sporting de Huelva,2,0,available,unscheduled,False,False
3911641,2024-06-14,182,Liga F,281,2023/2024,female,3280,CD Sporting de Huelva,3282,Real Madrid CF W,1,4,available,unscheduled,False,False
3911644,2024-06-15,182,Liga F,281,2023/2024,female,3275,SD Eibar,18938,Granada W,0,2,available,unscheduled,False,False
3911642,2024-06-15,182,Liga F,281,2023/2024,female,3272,Real Sociedad de Fútbol,11864,FC Levante Badalona,2,2,available,unscheduled,False,False
3911647,2024-06-15,182,Liga F,281,2023/2024,female,1105,Atletico Madrid W,6604,Villarreal,1,0,available,unscheduled,False,False
3911645,2024-06-15,182,Liga F,281,2023/2024,female,3279,Real Betis Balompié,3269,Costa Adeje Tenerife,1,0,available,unscheduled,False,False
3911630,2024-05-25,182,Liga F,281,2023/2024,female,3280,CD Sporting de Huelva,18938,Granada W,2,1,available,unscheduled,False,False
3911560,2024-05-12,182,Liga F,281,2023/2024,female,3278,Madrid CFF,3277,Valencia CF,6,1,available,unscheduled,False,False
3911627,2024-05-25,182,Liga F,281,2023/2024,female,3274,Levante UD Femenino,6604,Villarreal,2,1,available,unscheduled,False,False
3911626,2024-05-24,182,Liga F,281,2023/2024,female,3270,Athletic Club Bilbao,3269,Costa Adeje Tenerife,4,1,available,unscheduled,False,False
3911566,2024-05-10,182,Liga F,281,2023/2024,female,6604,Villarreal,3275,SD Eibar,1,1,available,unscheduled,False,False
3911551,2024-05-04,182,Liga F,281,2023/2024,female,3270,Athletic Club Bilbao,6604,Villarreal,1,0,available,unscheduled,False,False
3911552,2024-05-04,182,Liga F,281,2023/2024,female,1105,Atletico Madrid W,3269,Costa Adeje Tenerife,1,0,available,unscheduled,False,False
3911549,2024-04-27,182,Liga F,281,2023/2024,female,6604,Villarreal,18938,Granada W,1,2,available,unscheduled,False,False
3911550,2024-04-27,182,Liga F,281,2023/2024,female,3281,Sevilla FC,3274,Levante UD Femenino,1,3,available,unscheduled,False,False
3911559,2024-05-11,182,Liga F,281,2023/2024,female,11864,FC Levante Badalona,3274,Levante UD Femenino,1,1,available,unscheduled,False,False
3911564,2024-05-11,182,Liga F,281,2023/2024,female,18938,Granada W,3279,Real Betis Balompié,2,3,available,unscheduled,False,False
3911562,2024-05-10,182,Liga F,281,2023/2024,female,937,Barcelona WFC,3270,Athletic Club Bilbao,7,0,available,unscheduled,False,False
3911535,2024-04-21,182,Liga F,281,2023/2024,female,1105,Atletico Madrid W,3279,Real Betis Balompié,5,1,available,unscheduled,False,False
3911538,2024-04-20,182,Liga F,281,2023/2024,female,3278,Madrid CFF,3270,Athletic Club Bilbao,2,1,available,unscheduled,False,False
3911536,2024-04-20,182,Liga F,281,2023/2024,female,18938,Granada W,3269,Costa Adeje Tenerife,2,1,available,unscheduled,False,False
3911537,2024-04-20,182,Liga F,281,2023/2024,female,3274,Levante UD Femenino,3282,Real Madrid CF W,2,4,available,unscheduled,False,False
3911530,2024-04-13,182,Liga F,281,2023/2024,female,3275,SD Eibar,3281,Sevilla FC,3,0,available,unscheduled,False,False
3911532,2024-04-14,182,Liga F,281,2023/2024,female,3277,Valencia CF,3274,Levante UD Femenino,1,1,available,unscheduled,False,False
3911529,2024-04-13,182,Liga F,281,2023/2024,female,3272,Real Sociedad de Fútbol,3280,CD Sporting de Huelva,1,1,available,unscheduled,False,False
3911528,2024-04-13,182,Liga F,281,2023/2024,female,937,Barcelona WFC,6604,Villarreal,5,1,available,unscheduled,False,False
3911556,2024-05-04,182,Liga F,281,2023/2024,female,18938,Granada W,937,Barcelona WFC,1,4,available,unscheduled,False,False
3911545,2024-04-27,182,Liga F,281,2023/2024,female,3269,Costa Adeje Tenerife,3277,Valencia CF,1,0,available,unscheduled,False,False
3911508,2024-03-16,182,Liga F,281,2023/2024,female,3280,CD Sporting de Huelva,3274,Levante UD Femenino,1,1,available,unscheduled,False,False
3911521,2024-03-31,182,Liga F,281,2023/2024,female,18938,Granada W,3278,Madrid CFF,3,0,available,unscheduled,False,False
3911523,2024-03-31,182,Liga F,281,2023/2024,female,3280,CD Sporting de Huelva,3269,Costa Adeje Tenerife,1,2,available,unscheduled,False,False
3911513,2024-03-23,182,Liga F,281,2023/2024,female,3272,Real Sociedad de Fútbol,3270,Athletic Club Bilbao,0,1,available,unscheduled,False,False
3911506,2024-03-17,182,Liga F,281,2023/2024,female,18938,Granada W,1105,Atletico Madrid W,0,1,available,unscheduled,False,False
3911503,2024-03-17,182,Liga F,281,2023/2024,female,3270,Athletic Club Bilbao,3277,Valencia CF,2,0,available,unscheduled,False,False
3911504,2024-03-17,182,Liga F,281,2023/2024,female,937,Barcelona WFC,3269,Costa Adeje Tenerife,7,0,available,unscheduled,False,False
3911518,2024-03-23,182,Liga F,281,2023/2024,female,3269,Costa Adeje Tenerife,3281,Sevilla FC,5,0,available,unscheduled,False,False
3911495,2024-03-09,182,Liga F,281,2023/2024,female,3278,Madrid CFF,3275,SD Eibar,1,2,available,unscheduled,False,False
3911496,2024-03-10,182,Liga F,281,2023/2024,female,1105,Atletico Madrid W,3280,CD Sporting de Huelva,1,0,available,unscheduled,False,False
3911498,2024-03-10,182,Liga F,281,2023/2024,female,3272,Real Sociedad de Fútbol,937,Barcelona WFC,1,7,available,unscheduled,False,False
3911525,2024-03-30,182,Liga F,281,2023/2024,female,6604,Villarreal,3282,Real Madrid CF W,0,2,available,unscheduled,False,False
3911526,2024-03-30,182,Liga F,281,2023/2024,female,3281,Sevilla FC,3272,Real Sociedad de Fútbol,4,2,available,unscheduled,False,False
3911517,2024-03-23,182,Liga F,281,2023/2024,female,3274,Levante UD Femenino,3279,Real Betis Balompié,7,0,available,unscheduled,False,False
3911520,2024-03-30,182,Liga F,281,2023/2024,female,1105,Atletico Madrid W,3277,Valencia CF,1,0,available,unscheduled,False,False
3911499,2024-03-09,182,Liga F,281,2023/2024,female,11864,FC Levante Badalona,18938,Granada W,1,2,available,unscheduled,False,False
3911501,2024-03-09,182,Liga F,281,2023/2024,female,3281,Sevilla FC,3282,Real Madrid CF W,0,1,available,unscheduled,False,False
3911472,2024-02-04,182,Liga F,281,2023/2024,female,937,Barcelona WFC,3280,CD Sporting de Huelva,4,0,available,unscheduled,False,False
3911475,2024-02-03,182,Liga F,281,2023/2024,female,6604,Villarreal,3279,Real Betis Balompié,2,1,available,unscheduled,False,False
3911477,2024-02-03,182,Liga F,281,2023/2024,female,18938,Granada W,3270,Athletic Club Bilbao,2,0,available,unscheduled,False,False
3911314,2024-01-27,182,Liga F,281,2023/2024,female,3280,CD Sporting de Huelva,6604,Villarreal,0,1,available,unscheduled,False,False
3911312,2024-01-28,182,Liga F,281,2023/2024,female,3274,Levante UD Femenino,18938,Granada W,2,2,available,unscheduled,False,False
3911311,2024-01-28,182,Liga F,281,2023/2024,female,3272,Real Sociedad de Fútbol,3278,Madrid CFF,1,1,available,unscheduled,False,False
3911300,2024-01-20,182,Liga F,281,2023/2024,female,11864,FC Levante Badalona,3272,Real Sociedad de Fútbol,0,2,available,unscheduled,False,False
3911305,2024-01-21,182,Liga F,281,2023/2024,female,18938,Granada W,3280,CD Sporting de Huelva,0,1,available,unscheduled,False,False
3911474,2024-02-03,182,Liga F,281,2023/2024,female,3282,Real Madrid CF W,3277,Valencia CF,7,1,available,unscheduled,False,False
3910937,2023-10-01,182,Liga F,281,2023/2024,female,3269,Costa Adeje Tenerife,3282,Real Madrid CF W,1,2,available,unscheduled,False,False
3910952,2023-10-15,182,Liga F,281,2023/2024,female,3269,Costa Adeje Tenerife,3279,Real Betis Balompié,1,0,available,unscheduled,False,False
3911302,2024-01-21,182,Liga F,281,2023/2024,female,3269,Costa Adeje Tenerife,3270,Athletic Club Bilbao,1,1,available,unscheduled,False,False
3911297,2024-01-07,182,Liga F,281,2023/2024,female,3280,CD Sporting de Huelva,3281,Sevilla FC,1,3,available,unscheduled,False,False
3911313,2024-01-27,182,Liga F,281,2023/2024,female,11864,FC Levante Badalona,1105,Atletico Madrid W,1,1,available,unscheduled,False,False
3911301,2024-01-20,182,Liga F,281,2023/2024,female,3278,Madrid CFF,3279,Real Betis Balompié,3,1,available,unscheduled,False,False
3911306,2024-02-14,182,Liga F,281,2023/2024,female,937,Barcelona WFC,3274,Levante UD Femenino,1,1,available,unscheduled,False,False
3911307,2024-02-14,182,Liga F,281,2023/2024,female,1105,Atletico Madrid W,3282,Real Madrid CF W,1,1,available,unscheduled,False,False
3911303,2024-01-20,182,Liga F,281,2023/2024,female,3281,Sevilla FC,6604,Villarreal,3,1,available,unscheduled,False,False
3911293,2024-01-06,182,Liga F,281,2023/2024,female,937,Barcelona WFC,11864,FC Levante Badalona,9,1,available,unscheduled,False,False
3911003,2023-12-17,182,Liga F,281,2023/2024,female,11864,FC Levante Badalona,3282,Real Madrid CF W,0,2,available,unscheduled,False,False
3911004,2023-12-17,182,Liga F,281,2023/2024,female,18938,Granada W,3277,Valencia CF,0,1,available,unscheduled,False,False
3911002,2023-12-10,182,Liga F,281,2023/2024,female,3270,Athletic Club Bilbao,3274,Levante UD Femenino,1,0,available,unscheduled,False,False
3910998,2023-12-09,182,Liga F,281,2023/2024,female,3269,Costa Adeje Tenerife,18938,Granada W,2,0,available,unscheduled,False,False
3911009,2023-12-16,182,Liga F,281,2023/2024,female,3275,SD Eibar,3279,Real Betis Balompié,3,2,available,unscheduled,False,False
3911006,2023-12-16,182,Liga F,281,2023/2024,female,3278,Madrid CFF,6604,Villarreal,2,0,available,unscheduled,False,False
3911000,2023-12-09,182,Liga F,281,2023/2024,female,3280,CD Sporting de Huelva,3272,Real Sociedad de Fútbol,1,2,available,unscheduled,False,False
3910987,2023-11-26,182,Liga F,281,2023/2024,female,1105,Atletico Madrid W,18938,Granada W,2,0,available,unscheduled,False,False
3910991,2023-11-25,182,Liga F,281,2023/2024,female,3281,Sevilla FC,3279,Real Betis Balompié,6,0,available,unscheduled,False,False
3910980,2023-11-19,182,Liga F,281,2023/2024,female,3279,Real Betis Balompié,11864,FC Levante Badalona,1,0,available,unscheduled,False,False
3910971,2023-11-11,182,Liga F,281,2023/2024,female,1105,Atletico Madrid W,3275,SD Eibar,3,0,available,unscheduled,False,False
3910956,2023-10-22,182,Liga F,281,2023/2024,female,11864,FC Levante Badalona,3281,Sevilla FC,1,2,available,unscheduled,False,False
3910958,2023-10-21,182,Liga F,281,2023/2024,female,3279,Real Betis Balompié,3277,Valencia CF,2,2,available,unscheduled,False,False
3910974,2023-11-10,182,Liga F,281,2023/2024,female,3282,Real Madrid CF W,3272,Real Sociedad de Fútbol,7,1,available,unscheduled,False,False
3910967,2023-11-04,182,Liga F,281,2023/2024,female,3279,Real Betis Balompié,3270,Athletic Club Bilbao,1,0,available,unscheduled,False,False
3910965,2023-11-04,182,Liga F,281,2023/2024,female,3272,Real Sociedad de Fútbol,6604,Villarreal,1,0,available,unscheduled,False,False
3910977,2023-11-11,182,Liga F,281,2023/2024,female,3280,CD Sporting de Huelva,3279,Real Betis Balompié,1,3,available,unscheduled,False,False
3910981,2023-11-18,182,Liga F,281,2023/2024,female,3272,Real Sociedad de Fútbol,3281,Sevilla FC,1,2,available,unscheduled,False,False
3910985,2023-11-18,182,Liga F,281,2023/2024,female,3269,Costa Adeje Tenerife,3274,Levante UD Femenino,0,1,available,unscheduled,False,False
3910983,2023-11-18,182,Liga F,281,2023/2024,female,3277,Valencia CF,3270,Athletic Club Bilbao,1,2,available,unscheduled,False,False
3910966,2023-11-04,182,Liga F,281,2023/2024,female,3275,SD Eibar,3282,Real Madrid CF W,0,1,available,unscheduled,False,False
3910982,2023-11-18,182,Liga F,281,2023/2024,female,3275,SD Eibar,3280,CD Sporting de Huelva,1,0,available,unscheduled,False,False
3910953,2023-10-14,182,Liga F,281,2023/2024,female,3272,Real Sociedad de Fútbol,3275,SD Eibar,3,1,available,unscheduled,False,False
3910955,2023-10-21,182,Liga F,281,2023/2024,female,937,Barcelona WFC,18938,Granada W,6,1,available,unscheduled,False,False
3911648,2024-06-16,182,Liga F,281,2023/2024,female,3270,Athletic Club Bilbao,3281,Sevilla FC,2,1,available,unscheduled,False,False
3911646,2024-06-15,182,Liga F,281,2023/2024,female,3274,Levante UD Femenino,3278,Madrid CFF,3,0,available,unscheduled,False,False
3911643,2024-06-16,182,Liga F,281,2023/2024,female,3277,Valencia CF,937,Barcelona WFC,0,3,available,unscheduled,False,False
3911640,2024-06-09,182,Liga F,281,2023/2024,female,11864,FC Levante Badalona,3277,Valencia CF,3,0,available,unscheduled,False,False
3911639,2024-06-09,182,Liga F,281,2023/2024,female,18938,Granada W,3274,Levante UD Femenino,0,3,available,unscheduled,False,False
3911638,2024-06-09,182,Liga F,281,2023/2024,female,3278,Madrid CFF,3272,Real Sociedad de Fútbol,2,3,available,unscheduled,False,False
3911636,2024-06-09,182,Liga F,281,2023/2024,female,937,Barcelona WFC,3279,Real Betis Balompié,5,1,available,unscheduled,False,False
3911635,2024-06-09,182,Liga F,281,2023/2024,female,3269,Costa Adeje Tenerife,3275,SD Eibar,1,1,available,unscheduled,False,False
3911634,2024-06-09,182,Liga F,281,2023/2024,female,3281,Sevilla FC,1105,Atletico Madrid W,1,1,available,unscheduled,False,False
3911632,2024-05-26,182,Liga F,281,2023/2024,female,3277,Valencia CF,3281,Sevilla FC,3,1,available,unscheduled,False,False
3911631,2024-05-26,182,Liga F,281,2023/2024,female,3272,Real Sociedad de Fútbol,3282,Real Madrid CF W,1,2,available,unscheduled,False,False
3911629,2024-05-14,182,Liga F,281,2023/2024,female,3275,SD Eibar,937,Barcelona WFC,0,4,available,unscheduled,False,False
3911628,2024-05-26,182,Liga F,281,2023/2024,female,3279,Real Betis Balompié,3278,Madrid CFF,0,0,available,unscheduled,False,False
3911625,2024-05-24,182,Liga F,281,2023/2024,female,1105,Atletico Madrid W,11864,FC Levante Badalona,3,1,available,unscheduled,False,False
3911565,2024-05-12,182,Liga F,281,2023/2024,female,3269,Costa Adeje Tenerife,3272,Real Sociedad de Fútbol,0,1,available,unscheduled,False,False
3911563,2024-05-11,182,Liga F,281,2023/2024,female,3282,Real Madrid CF W,1105,Atletico Madrid W,2,3,available,unscheduled,False,False
3911561,2024-05-12,182,Liga F,281,2023/2024,female,3281,Sevilla FC,3280,CD Sporting de Huelva,2,0,available,unscheduled,False,False
3911558,2024-05-04,182,Liga F,281,2023/2024,female,3277,Valencia CF,3275,SD Eibar,0,2,available,unscheduled,False,False
3911557,2024-05-05,182,Liga F,281,2023/2024,female,3280,CD Sporting de Huelva,11864,FC Levante Badalona,1,2,available,unscheduled,False,False
3911555,2024-05-05,182,Liga F,281,2023/2024,female,3279,Real Betis Balompié,3281,Sevilla FC,1,1,available,unscheduled,False,False
3911554,2024-05-05,182,Liga F,281,2023/2024,female,3278,Madrid CFF,3282,Real Madrid CF W,0,1,available,unscheduled,False,False
3911553,2024-05-05,182,Liga F,281,2023/2024,female,3274,Levante UD Femenino,3272,Real Sociedad de Fútbol,4,3,available,unscheduled,False,False
3911548,2024-04-28,182,Liga F,281,2023/2024,female,3282,Real Madrid CF W,11864,FC Levante Badalona,2,1,available,unscheduled,False,False
3911547,2024-04-28,182,Liga F,281,2023/2024,female,3272,Real Sociedad de Fútbol,1105,Atletico Madrid W,0,2,available,unscheduled,False,False
3911546,2024-04-28,182,Liga F,281,2023/2024,female,3275,SD Eibar,3270,Athletic Club Bilbao,0,2,available,unscheduled,False,False
3911544,2024-04-27,182,Liga F,281,2023/2024,female,3279,Real Betis Balompié,3280,CD Sporting de Huelva,3,1,available,unscheduled,False,False
3911543,2024-05-01,182,Liga F,281,2023/2024,female,937,Barcelona WFC,3278,Madrid CFF,8,0,available,unscheduled,False,False
3911542,2024-04-21,182,Liga F,281,2023/2024,female,6604,Villarreal,3281,Sevilla FC,1,2,available,unscheduled,False,False
3911541,2024-04-20,182,Liga F,281,2023/2024,female,3280,CD Sporting de Huelva,3275,SD Eibar,0,1,available,unscheduled,False,False
3911540,2024-04-21,182,Liga F,281,2023/2024,female,3277,Valencia CF,3272,Real Sociedad de Fútbol,3,0,available,unscheduled,False,False
3911539,2024-04-24,182,Liga F,281,2023/2024,female,11864,FC Levante Badalona,937,Barcelona WFC,2,4,available,unscheduled,False,False
3911534,2024-04-13,182,Liga F,281,2023/2024,female,11864,FC Levante Badalona,3279,Real Betis Balompié,1,2,available,unscheduled,False,False
3911533,2024-04-14,182,Liga F,281,2023/2024,female,3269,Costa Adeje Tenerife,3278,Madrid CFF,2,2,available,unscheduled,False,False
3911531,2024-04-14,182,Liga F,281,2023/2024,female,3282,Real Madrid CF W,18938,Granada W,5,0,available,unscheduled,False,False
3911527,2024-04-14,182,Liga F,281,2023/2024,female,3270,Athletic Club Bilbao,1105,Atletico Madrid W,1,0,available,unscheduled,False,False
3911524,2024-03-31,182,Liga F,281,2023/2024,female,3274,Levante UD Femenino,937,Barcelona WFC,0,5,available,unscheduled,False,False
3911522,2024-03-30,182,Liga F,281,2023/2024,female,3279,Real Betis Balompié,3275,SD Eibar,0,0,available,unscheduled,False,False
3911519,2024-03-31,182,Liga F,281,2023/2024,female,3270,Athletic Club Bilbao,11864,FC Levante Badalona,4,1,available,unscheduled,False,False
3911516,2024-03-23,182,Liga F,281,2023/2024,female,3277,Valencia CF,18938,Granada W,4,1,available,unscheduled,False,False
3911514,2024-03-24,182,Liga F,281,2023/2024,female,3275,SD Eibar,1105,Atletico Madrid W,1,1,available,unscheduled,False,False
3911512,2024-03-24,182,Liga F,281,2023/2024,female,3278,Madrid CFF,3280,CD Sporting de Huelva,2,1,available,unscheduled,False,False
3911511,2024-03-24,182,Liga F,281,2023/2024,female,11864,FC Levante Badalona,6604,Villarreal,1,1,available,unscheduled,False,False
3911509,2024-03-16,182,Liga F,281,2023/2024,female,6604,Villarreal,3278,Madrid CFF,1,4,available,unscheduled,False,False
3911507,2024-03-16,182,Liga F,281,2023/2024,female,3281,Sevilla FC,11864,FC Levante Badalona,3,0,available,unscheduled,False,False
3911505,2024-03-17,182,Liga F,281,2023/2024,female,3279,Real Betis Balompié,3272,Real Sociedad de Fútbol,0,0,available,unscheduled,False,False
3911502,2024-03-09,182,Liga F,281,2023/2024,female,3269,Costa Adeje Tenerife,6604,Villarreal,1,1,available,unscheduled,False,False
3911500,2024-03-10,182,Liga F,281,2023/2024,female,3277,Valencia CF,3279,Real Betis Balompié,2,2,available,unscheduled,False,False
3911497,2024-03-10,182,Liga F,281,2023/2024,female,3274,Levante UD Femenino,3270,Athletic Club Bilbao,1,2,available,unscheduled,False,False
3911494,2024-02-17,182,Liga F,281,2023/2024,female,3280,CD Sporting de Huelva,3277,Valencia CF,1,3,available,unscheduled,False,False
3911493,2024-02-17,182,Liga F,281,2023/2024,female,6604,Villarreal,3272,Real Sociedad de Fútbol,1,1,available,unscheduled,False,False
3911492,2024-02-18,182,Liga F,281,2023/2024,female,3275,SD Eibar,3274,Levante UD Femenino,0,0,available,unscheduled,False,False
3911490,2024-02-17,182,Liga F,281,2023/2024,female,18938,Granada W,3281,Sevilla FC,2,2,available,unscheduled,False,False
3911489,2024-02-18,182,Liga F,281,2023/2024,female,937,Barcelona WFC,1105,Atletico Madrid W,2,0,available,unscheduled,False,False
3911488,2024-02-17,182,Liga F,281,2023/2024,female,3270,Athletic Club Bilbao,3279,Real Betis Balompié,1,0,available,unscheduled,False,False
3911487,2024-02-18,182,Liga F,281,2023/2024,female,3278,Madrid CFF,11864,FC Levante Badalona,2,1,available,unscheduled,False,False
3911486,2024-02-11,182,Liga F,281,2023/2024,female,1105,Atletico Madrid W,3278,Madrid CFF,1,1,available,unscheduled,False,False
3911485,2024-02-11,182,Liga F,281,2023/2024,female,3274,Levante UD Femenino,3269,Costa Adeje Tenerife,1,0,available,unscheduled,False,False
3911484,2024-02-11,182,Liga F,281,2023/2024,female,3279,Real Betis Balompié,3282,Real Madrid CF W,1,4,available,unscheduled,False,False
3911483,2024-02-11,182,Liga F,281,2023/2024,female,3280,CD Sporting de Huelva,3270,Athletic Club Bilbao,1,2,available,unscheduled,False,False
3911482,2024-02-10,182,Liga F,281,2023/2024,female,3281,Sevilla FC,937,Barcelona WFC,0,3,available,unscheduled,False,False
3911481,2024-02-11,182,Liga F,281,2023/2024,female,3272,Real Sociedad de Fútbol,18938,Granada W,1,1,available,unscheduled,False,False
3911480,2024-02-10,182,Liga F,281,2023/2024,female,11864,FC Levante Badalona,3275,SD Eibar,1,1,available,unscheduled,False,False
3911479,2024-02-10,182,Liga F,281,2023/2024,female,3277,Valencia CF,6604,Villarreal,0,1,available,unscheduled,False,False
3911478,2024-02-04,182,Liga F,281,2023/2024,female,3269,Costa Adeje Tenerife,11864,FC Levante Badalona,1,1,available,unscheduled,False,False
3911476,2024-02-04,182,Liga F,281,2023/2024,female,3275,SD Eibar,3272,Real Sociedad de Fútbol,0,2,available,unscheduled,False,False
3911473,2024-02-03,182,Liga F,281,2023/2024,female,3278,Madrid CFF,3281,Sevilla FC,3,3,available,unscheduled,False,False
3911471,2024-02-03,182,Liga F,281,2023/2024,female,1105,Atletico Madrid W,3274,Levante UD Femenino,0,1,available,unscheduled,False,False
3911315,2024-01-28,182,Liga F,281,2023/2024,female,3279,Real Betis Balompié,937,Barcelona WFC,0,6,available,unscheduled,False,False
3911310,2024-01-28,182,Liga F,281,2023/2024,female,3281,Sevilla FC,3275,SD Eibar,3,0,available,unscheduled,False,False
3911304,2024-01-21,182,Liga F,281,2023/2024,female,3275,SD Eibar,3277,Valencia CF,1,0,available,unscheduled,False,False
3911299,2024-01-07,182,Liga F,281,2023/2024,female,3279,Real Betis Balompié,18938,Granada W,2,3,available,unscheduled,False,False
3911298,2024-01-07,182,Liga F,281,2023/2024,female,3270,Athletic Club Bilbao,3275,SD Eibar,2,0,available,unscheduled,False,False
3911295,2024-01-06,182,Liga F,281,2023/2024,female,6604,Villarreal,3274,Levante UD Femenino,0,5,available,unscheduled,False,False
3911292,2024-01-07,182,Liga F,281,2023/2024,female,3272,Real Sociedad de Fútbol,3269,Costa Adeje Tenerife,3,3,available,unscheduled,False,False
3911008,2023-12-17,182,Liga F,281,2023/2024,female,3269,Costa Adeje Tenerife,937,Barcelona WFC,0,2,available,unscheduled,False,False
3911007,2023-12-17,182,Liga F,281,2023/2024,female,3281,Sevilla FC,3270,Athletic Club Bilbao,1,1,available,unscheduled,False,False
3911005,2023-12-16,182,Liga F,281,2023/2024,female,3274,Levante UD Femenino,3280,CD Sporting de Huelva,2,0,available,unscheduled,False,False
3911001,2023-12-09,182,Liga F,281,2023/2024,female,937,Barcelona WFC,3275,SD Eibar,5,0,available,unscheduled,False,False
3910999,2023-12-10,182,Liga F,281,2023/2024,female,3277,Valencia CF,3278,Madrid CFF,3,4,available,unscheduled,False,False
3910997,2023-12-10,182,Liga F,281,2023/2024,female,6604,Villarreal,11864,FC Levante Badalona,2,2,available,unscheduled,False,False
3910994,2023-11-26,182,Liga F,281,2023/2024,female,3270,Athletic Club Bilbao,937,Barcelona WFC,0,4,available,unscheduled,False,False
3910993,2023-11-25,182,Liga F,281,2023/2024,female,6604,Villarreal,3269,Costa Adeje Tenerife,1,1,available,unscheduled,False,False
3910992,2023-11-25,182,Liga F,281,2023/2024,female,3274,Levante UD Femenino,3275,SD Eibar,3,0,available,unscheduled,False,False
3910990,2023-11-25,182,Liga F,281,2023/2024,female,3272,Real Sociedad de Fútbol,3277,Valencia CF,2,0,available,unscheduled,False,False
3910989,2023-11-26,182,Liga F,281,2023/2024,female,3282,Real Madrid CF W,3280,CD Sporting de Huelva,5,2,available,unscheduled,False,False
3910988,2023-11-26,182,Liga F,281,2023/2024,female,11864,FC Levante Badalona,3278,Madrid CFF,3,4,available,unscheduled,False,False
3910986,2023-11-19,182,Liga F,281,2023/2024,female,937,Barcelona WFC,3282,Real Madrid CF W,5,0,available,unscheduled,False,False
3910979,2023-11-19,182,Liga F,281,2023/2024,female,18938,Granada W,6604,Villarreal,1,2,available,unscheduled,False,False
3910978,2023-11-12,182,Liga F,281,2023/2024,female,3270,Athletic Club Bilbao,3278,Madrid CFF,1,2,available,unscheduled,False,False
3910976,2023-11-12,182,Liga F,281,2023/2024,female,3281,Sevilla FC,18938,Granada W,1,0,available,unscheduled,False,False
3910975,2023-11-11,182,Liga F,281,2023/2024,female,6604,Villarreal,937,Barcelona WFC,0,6,available,unscheduled,False,False
3910973,2023-11-12,182,Liga F,281,2023/2024,female,3274,Levante UD Femenino,3277,Valencia CF,3,1,available,unscheduled,False,False
3910972,2023-11-12,182,Liga F,281,2023/2024,female,11864,FC Levante Badalona,3269,Costa Adeje Tenerife,3,1,available,unscheduled,False,False
3910969,2023-11-05,182,Liga F,281,2023/2024,female,3278,Madrid CFF,3274,Levante UD Femenino,0,1,available,unscheduled,False,False
3910964,2023-11-05,182,Liga F,281,2023/2024,female,937,Barcelona WFC,3281,Sevilla FC,8,0,available,unscheduled,False,False
3910963,2023-11-05,182,Liga F,281,2023/2024,female,18938,Granada W,11864,FC Levante Badalona,0,1,available,unscheduled,False,False
3910962,2023-10-22,182,Liga F,281,2023/2024,female,3270,Athletic Club Bilbao,3272,Real Sociedad de Fútbol,2,1,available,unscheduled,False,False
3910961,2023-10-22,182,Liga F,281,2023/2024,female,3282,Real Madrid CF W,3274,Levante UD Femenino,1,2,available,unscheduled,False,False
3910960,2023-10-21,182,Liga F,281,2023/2024,female,3280,CD Sporting de Huelva,1105,Atletico Madrid W,0,2,available,unscheduled,False,False
3910959,2023-10-21,182,Liga F,281,2023/2024,female,3275,SD Eibar,6604,Villarreal,0,0,available,unscheduled,False,False
3910957,2023-10-22,182,Liga F,281,2023/2024,female,3278,Madrid CFF,3269,Costa Adeje Tenerife,3,2,available,unscheduled,False,False
3910951,2023-10-15,182,Liga F,281,2023/2024,female,3280,CD Sporting de Huelva,3278,Madrid CFF,1,3,available,unscheduled,False,False
3910950,2023-10-15,182,Liga F,281,2023/2024,female,3274,Levante UD Femenino,11864,FC Levante Badalona,1,1,available,unscheduled,False,False
3910949,2023-10-14,182,Liga F,281,2023/2024,female,6604,Villarreal,3270,Athletic Club Bilbao,3,0,available,unscheduled,False,False
3910948,2023-10-14,182,Liga F,281,2023/2024,female,3281,Sevilla FC,3277,Valencia CF,1,2,available,unscheduled,False,False
3910947,2023-10-14,182,Liga F,281,2023/2024,female,18938,Granada W,3282,Real Madrid CF W,2,5,available,unscheduled,False,False
3910946,2023-10-09,182,Liga F,281,2023/2024,female,3277,Valencia CF,11864,FC Levante Badalona,1,1,available,unscheduled,False,False
3910945,2023-10-07,182,Liga F,281,2023/2024,female,3282,Real Madrid CF W,6604,Villarreal,1,0,available,unscheduled,False,False
3910944,2023-10-08,182,Liga F,281,2023/2024,female,3279,Real Betis Balompié,3274,Levante UD Femenino,0,4,available,unscheduled,False,False
3910943,2023-10-08,182,Liga F,281,2023/2024,female,937,Barcelona WFC,3272,Real Sociedad de Fútbol,3,0,available,unscheduled,False,False
3910941,2023-10-09,182,Liga F,281,2023/2024,female,3270,Athletic Club Bilbao,3280,CD Sporting de Huelva,3,0,available,unscheduled,False,False
3910940,2023-10-08,182,Liga F,281,2023/2024,female,3275,SD Eibar,3269,Costa Adeje Tenerife,0,1,available,unscheduled,False,False
3910939,2023-10-08,182,Liga F,281,2023/2024,female,3278,Madrid CFF,18938,Granada W,1,0,available,unscheduled,False,False
3910938,2023-10-01,182,Liga F,281,2023/2024,female,11864,FC Levante Badalona,3270,Athletic Club Bilbao,2,1,available,unscheduled,False,False
3910936,2023-10-01,182,Liga F,281,2023/2024,female,3280,CD Sporting de Huelva,937,Barcelona WFC,1,2,available,unscheduled,False,False
3910935,2023-10-01,182,Liga F,281,2023/2024,female,3272,Real Sociedad de Fútbol,3279,Real Betis Balompié,2,1,available,unscheduled,False,False
3910933,2023-09-30,182,Liga F,281,2023/2024,female,3281,Sevilla FC,3278,Madrid CFF,1,5,available,unscheduled,False,False
3910932,2023-09-30,182,Liga F,281,2023/2024,female,18938,Granada W,3275,SD Eibar,1,2,available,unscheduled,False,False
3910931,2023-09-30,182,Liga F,281,2023/2024,female,6604,Villarreal,3277,Valencia CF,1,2,available,unscheduled,False,False
3910751,2023-09-17,182,Liga F,281,2023/2024,female,3274,Levante UD Femenino,3281,Sevilla FC,2,0,available,unscheduled,False,False
3910750,2023-09-17,182,Liga F,281,2023/2024,female,18938,Granada W,3272,Real Sociedad de Fútbol,2,1,available,unscheduled,False,False
3910749,2023-09-17,182,Liga F,281,2023/2024,female,3269,Costa Adeje Tenerife,3280,CD Sporting de Huelva,2,0,available,unscheduled,False,False
3910748,2023-09-16,182,Liga F,281,2023/2024,female,3278,Madrid CFF,937,Barcelona WFC,0,2,available,unscheduled,False,False
3910747,2023-09-16,182,Liga F,281,2023/2024,female,3275,SD Eibar,11864,FC Levante Badalona,1,2,available,unscheduled,False,False
3910746,2023-09-16,182,Liga F,281,2023/2024,female,1105,Atletico Madrid W,3270,Athletic Club Bilbao,3,0,available,unscheduled,False,False
3910745,2023-09-16,182,Liga F,281,2023/2024,female,3279,Real Betis Balompié,6604,Villarreal,1,0,available,unscheduled,False,False
3910744,2023-09-15,182,Liga F,281,2023/2024,female,3277,Valencia CF,3282,Real Madrid CF W,0,2,available,unscheduled,False,False
3910743,2023-10-03,182,Liga F,281,2023/2024,female,6604,Villarreal,1105,Atletico Madrid W,1,3,available,unscheduled,False,False
3910742,2023-10-05,182,Liga F,281,2023/2024,female,11864,FC Levante Badalona,3280,CD Sporting de Huelva,1,1,available,unscheduled,False,False
3910741,2023-10-04,182,Liga F,281,2023/2024,female,3272,Real Sociedad de Fútbol,3274,Levante UD Femenino,1,1,available,unscheduled,False,False
3910740,2023-10-05,182,Liga F,281,2023/2024,female,937,Barcelona WFC,3277,Valencia CF,6,0,available,unscheduled,False,False
3910739,2023-10-04,182,Liga F,281,2023/2024,female,3270,Athletic Club Bilbao,18938,Granada W,1,0,available,unscheduled,False,False
3910738,2023-10-04,182,Liga F,281,2023/2024,female,3275,SD Eibar,3278,Madrid CFF,1,6,available,unscheduled,False,False
3910737,2023-10-04,182,Liga F,281,2023/2024,female,3282,Real Madrid CF W,3279,Real Betis Balompié,5,1,available,unscheduled,False,False
3910736,2023-10-04,182,Liga F,281,2023/2024,female,3281,Sevilla FC,3269,Costa Adeje Tenerife,5,1,available,unscheduled,False,False
3889115,1997-10-25,81,Liga Profesional,48,1997/1998,male,1324,River Plate,1328,Boca Juniors,1,2,available,unscheduled,False,False
3889082,1981-04-10,81,Liga Profesional,275,1981,male,1328,Boca Juniors,1324,River Plate,3,0,available,unscheduled,False,False
3838017,2023-06-03,7,Ligue 1,235,2022/2023,male,131,Paris Saint-Germain,152,Clermont Foot,2,3,available,available,True,True
3837987,2023-05-13,7,Ligue 1,235,2022/2023,male,131,Paris Saint-Germain,158,AC Ajaccio,5,0,available,available,True,True
3837928,2023-04-02,7,Ligue 1,235,2022/2023,male,131,Paris Saint-Germain,137,Lyon,0,1,available,available,True,True
3837918,2023-03-19,7,Ligue 1,235,2022/2023,male,131,Paris Saint-Germain,134,Rennes,0,2,available,available,True,True
3837902,2023-03-11,7,Ligue 1,235,2022/2023,male,153,Stade Brestois,131,Paris Saint-Germain,1,2,available,available,True,True
3837885,2023-02-26,7,Ligue 1,235,2022/2023,male,147,Olympique de Marseille,131,Paris Saint-Germain,0,3,available,available,True,True
3837876,2023-02-19,7,Ligue 1,235,2022/2023,male,131,Paris Saint-Germain,143,Lille,4,3,available,available,True,True
3837839,2023-01-29,7,Ligue 1,235,2022/2023,male,131,Paris Saint-Germain,156,Stade de Reims,1,1,available,available,True,True
3837827,2023-01-15,7,Ligue 1,235,2022/2023,male,134,Rennes,131,Paris Saint-Germain,1,0,available,available,True,True
3837818,2023-01-11,7,Ligue 1,235,2022/2023,male,131,Paris Saint-Germain,145,Angers,2,0,available,available,True,True
3837785,2022-11-13,7,Ligue 1,235,2022/2023,male,131,Paris Saint-Germain,167,Auxerre,5,0,available,available,True,True
3837747,2022-10-16,7,Ligue 1,235,2022/2023,male,131,Paris Saint-Germain,147,Olympique de Marseille,1,0,available,available,True,True
3837680,2022-08-28,7,Ligue 1,235,2022/2023,male,131,Paris Saint-Germain,129,AS Monaco,1,1,available,available,True,True
3837659,2022-08-13,7,Ligue 1,235,2022/2023,male,131,Paris Saint-Germain,139,Montpellier,5,2,available,available,True,True
3837650,2022-08-06,7,Ligue 1,235,2022/2023,male,152,Clermont Foot,131,Paris Saint-Germain,0,5,available,available,True,True
3838004,2023-05-27,7,Ligue 1,235,2022/2023,male,138,Strasbourg,131,Paris Saint-Germain,1,1,available,available,True,True
3837998,2023-05-21,7,Ligue 1,235,2022/2023,male,167,Auxerre,131,Paris Saint-Germain,1,2,available,available,True,True
3837963,2023-04-30,7,Ligue 1,235,2022/2023,male,131,Paris Saint-Germain,165,Lorient,1,3,available,available,True,True
3837954,2023-04-21,7,Ligue 1,235,2022/2023,male,145,Angers,131,Paris Saint-Germain,1,2,available,available,True,True
3837947,2023-04-15,7,Ligue 1,235,2022/2023,male,131,Paris Saint-Germain,168,Lens,3,1,available,available,True,True
3837938,2023-04-08,7,Ligue 1,235,2022/2023,male,136,OGC Nice,131,Paris Saint-Germain,0,2,available,available,True,True
3837896,2023-03-04,7,Ligue 1,235,2022/2023,male,131,Paris Saint-Germain,144,Nantes,4,2,available,available,True,True
3837859,2023-02-04,7,Ligue 1,235,2022/2023,male,131,Paris Saint-Germain,130,Toulouse,2,1,available,available,True,True
3837844,2023-02-01,7,Ligue 1,235,2022/2023,male,139,Montpellier,131,Paris Saint-Germain,1,3,available,available,True,True
3837771,2022-10-29,7,Ligue 1,235,2022/2023,male,131,Paris Saint-Germain,133,Troyes,4,3,available,available,True,True
3837752,2022-10-21,7,Ligue 1,235,2022/2023,male,158,AC Ajaccio,131,Paris Saint-Germain,0,3,available,available,True,True
3837727,2022-10-01,7,Ligue 1,235,2022/2023,male,131,Paris Saint-Germain,136,OGC Nice,2,1,available,available,True,True
3837717,2022-09-18,7,Ligue 1,235,2022/2023,male,137,Lyon,131,Paris Saint-Germain,0,1,available,available,True,True
3837706,2022-09-10,7,Ligue 1,235,2022/2023,male,131,Paris Saint-Germain,153,Stade Brestois,1,0,available,available,True,True
3837695,2022-09-03,7,Ligue 1,235,2022/2023,male,144,Nantes,131,Paris Saint-Germain,0,3,available,available,True,True
3837683,2022-08-31,7,Ligue 1,235,2022/2023,male,130,Toulouse,131,Paris Saint-Germain,0,3,available,available,True,True
3837662,2022-08-21,7,Ligue 1,235,2022/2023,male,143,Lille,131,Paris Saint-Germain,1,7,available,available,True,True
3802643,2022-04-29,7,Ligue 1,108,2021/2022,male,138,Strasbourg,131,Paris Saint-Germain,3,3,available,available,True,True
3803000,2022-04-09,7,Ligue 1,108,2021/2022,male,152,Clermont Foot,131,Paris Saint-Germain,1,6,available,available,True,True
3802802,2022-01-23,7,Ligue 1,108,2021/2022,male,131,Paris Saint-Germain,156,Stade de Reims,4,0,available,available,True,True
3802696,2021-08-29,7,Ligue 1,108,2021/2022,male,156,Stade de Reims,131,Paris Saint-Germain,0,2,available,available,True,True
3802699,2021-10-29,7,Ligue 1,108,2021/2022,male,131,Paris Saint-Germain,143,Lille,2,1,available,available,True,True
3802685,2021-12-04,7,Ligue 1,108,2021/2022,male,168,Lens,131,Paris Saint-Germain,1,1,available,available,True,True
3802665,2022-05-14,7,Ligue 1,108,2021/2022,male,139,Montpellier,131,Paris Saint-Germain,0,4,available,available,True,True
3802752,2021-09-19,7,Ligue 1,108,2021/2022,male,131,Paris Saint-Germain,137,Lyon,2,1,available,available,True,True
3802809,2021-10-03,7,Ligue 1,108,2021/2022,male,134,Rennes,131,Paris Saint-Germain,2,0,available,available,True,True
3802676,2022-04-23,7,Ligue 1,108,2021/2022,male,131,Paris Saint-Germain,168,Lens,1,1,available,available,True,True
3802983,2022-04-17,7,Ligue 1,108,2021/2022,male,131,Paris Saint-Germain,147,Olympique de Marseille,2,1,available,available,True,True
3802907,2022-02-06,7,Ligue 1,108,2021/2022,male,143,Lille,131,Paris Saint-Germain,1,5,available,available,True,True
3802902,2021-10-24,7,Ligue 1,108,2021/2022,male,147,Olympique de Marseille,131,Paris Saint-Germain,0,0,available,available,True,True
3802818,2022-04-03,7,Ligue 1,108,2021/2022,male,131,Paris Saint-Germain,165,Lorient,5,1,available,available,True,True
3802683,2021-12-12,7,Ligue 1,108,2021/2022,male,131,Paris Saint-Germain,129,AS Monaco,2,0,available,available,True,True
3802690,2021-12-22,7,Ligue 1,108,2021/2022,male,165,Lorient,131,Paris Saint-Germain,1,1,available,available,True,True
3802904,2022-03-13,7,Ligue 1,108,2021/2022,male,131,Paris Saint-Germain,146,Bordeaux,3,0,available,available,True,True
3802837,2021-11-28,7,Ligue 1,108,2021/2022,male,135,Saint-Étienne,131,Paris Saint-Germain,1,3,available,available,True,True
3802984,2021-11-20,7,Ligue 1,108,2021/2022,male,131,Paris Saint-Germain,144,Nantes,3,1,available,available,True,True
3802805,2022-03-05,7,Ligue 1,108,2021/2022,male,136,OGC Nice,131,Paris Saint-Germain,1,0,available,available,True,True
3802709,2022-02-26,7,Ligue 1,108,2021/2022,male,131,Paris Saint-Germain,135,Saint-Étienne,3,1,available,available,True,True
3802948,2022-05-21,7,Ligue 1,108,2021/2022,male,131,Paris Saint-Germain,141,Metz,5,0,available,available,True,True
3802930,2022-05-08,7,Ligue 1,108,2021/2022,male,131,Paris Saint-Germain,133,Troyes,2,2,available,available,True,True
3802793,2021-12-01,7,Ligue 1,108,2021/2022,male,131,Paris Saint-Germain,136,OGC Nice,0,0,available,available,True,True
3802839,2022-02-19,7,Ligue 1,108,2021/2022,male,144,Nantes,131,Paris Saint-Germain,3,1,available,available,True,True
3802795,2022-02-11,7,Ligue 1,108,2021/2022,male,131,Paris Saint-Germain,134,Rennes,1,0,available,available,True,True
3901259,2016-05-14,7,Ligue 1,27,2015/2016,male,133,Troyes,147,Olympique de Marseille,1,1,available,unscheduled,False,False
3900533,2015-12-02,7,Ligue 1,27,2015/2016,male,129,AS Monaco,140,Stade Malherbe Caen,1,1,available,unscheduled,False,False
3900528,2015-11-29,7,Ligue 1,27,2015/2016,male,146,Bordeaux,140,Stade Malherbe Caen,1,4,available,unscheduled,False,False
3900629,2016-02-07,7,Ligue 1,27,2015/2016,male,147,Olympique de Marseille,131,Paris Saint-Germain,1,2,available,unscheduled,False,False
3829509,2015-10-18,7,Ligue 1,27,2015/2016,male,147,Olympique de Marseille,165,Lorient,1,1,available,unscheduled,False,False
3901251,2016-05-07,7,Ligue 1,27,2015/2016,male,147,Olympique de Marseille,156,Stade de Reims,1,0,available,unscheduled,False,False
3829499,2015-10-04,7,Ligue 1,27,2015/2016,male,140,Stade Malherbe Caen,135,Saint-Étienne,1,0,available,unscheduled,False,False
3900507,2015-11-08,7,Ligue 1,27,2015/2016,male,147,Olympique de Marseille,136,OGC Nice,0,1,available,unscheduled,False,False
3900527,2015-11-29,7,Ligue 1,27,2015/2016,male,147,Olympique de Marseille,129,AS Monaco,3,3,available,unscheduled,False,False
3901162,2016-03-04,7,Ligue 1,27,2015/2016,male,140,Stade Malherbe Caen,129,AS Monaco,2,2,available,unscheduled,False,False
3900608,2016-01-31,7,Ligue 1,27,2015/2016,male,140,Stade Malherbe Caen,136,OGC Nice,2,0,available,unscheduled,False,False
3900589,2016-01-17,7,Ligue 1,27,2015/2016,male,140,Stade Malherbe Caen,147,Olympique de Marseille,1,3,available,unscheduled,False,False
3901169,2016-03-06,7,Ligue 1,27,2015/2016,male,147,Olympique de Marseille,130,Toulouse,1,1,available,unscheduled,False,False
3901241,2016-04-30,7,Ligue 1,27,2015/2016,male,140,Stade Malherbe Caen,2736,Bastia,0,0,available,unscheduled,False,False
3900577,2016-01-10,7,Ligue 1,27,2015/2016,male,147,Olympique de Marseille,142,Guingamp,0,0,available,unscheduled,False,False
3901152,2016-02-21,7,Ligue 1,27,2015/2016,male,140,Stade Malherbe Caen,134,Rennes,1,0,available,unscheduled,False,False
3900559,2015-12-13,7,Ligue 1,27,2015/2016,male,147,Olympique de Marseille,160,Gazélec Ajaccio,1,1,available,unscheduled,False,False
3900562,2015-12-19,7,Ligue 1,27,2015/2016,male,140,Stade Malherbe Caen,131,Paris Saint-Germain,0,3,available,unscheduled,False,False
3829472,2015-09-20,7,Ligue 1,27,2015/2016,male,147,Olympique de Marseille,137,Lyon,1,1,available,unscheduled,False,False
3829444,2015-08-29,7,Ligue 1,27,2015/2016,male,140,Stade Malherbe Caen,137,Lyon,0,4,available,unscheduled,False,False
3829414,2015-08-08,7,Ligue 1,27,2015/2016,male,147,Olympique de Marseille,140,Stade Malherbe Caen,0,1,available,unscheduled,False,False
3901190,2016-03-19,7,Ligue 1,27,2015/2016,male,140,Stade Malherbe Caen,133,Troyes,2,1,available,unscheduled,False,False
3829441,2015-08-23,7,Ligue 1,27,2015/2016,male,147,Olympique de Marseille,133,Troyes,6,0,available,unscheduled,False,False
3829461,2015-09-13,7,Ligue 1,27,2015/2016,male,147,Olympique de Marseille,2736,Bastia,4,1,available,unscheduled,False,False
3901150,2016-02-21,7,Ligue 1,27,2015/2016,male,147,Olympique de Marseille,135,Saint-Étienne,1,1,available,unscheduled,False,False
3901199,2016-04-02,7,Ligue 1,27,2015/2016,male,134,Rennes,156,Stade de Reims,3,1,available,unscheduled,False,False
3901178,2016-03-12,7,Ligue 1,27,2015/2016,male,165,Lorient,147,Olympique de Marseille,1,1,available,unscheduled,False,False
3901260,2016-05-14,7,Ligue 1,27,2015/2016,male,165,Lorient,160,Gazélec Ajaccio,1,0,available,unscheduled,False,False
3829470,2015-09-20,7,Ligue 1,27,2015/2016,male,135,Saint-Étienne,144,Nantes,2,0,available,unscheduled,False,False
3901263,2016-05-14,7,Ligue 1,27,2015/2016,male,134,Rennes,2736,Bastia,1,2,available,unscheduled,False,False
3900594,2016-01-23,7,Ligue 1,27,2015/2016,male,144,Nantes,146,Bordeaux,2,2,available,unscheduled,False,False
3900587,2016-01-17,7,Ligue 1,27,2015/2016,male,135,Saint-Étienne,137,Lyon,1,0,available,unscheduled,False,False
3900541,2015-12-05,7,Ligue 1,27,2015/2016,male,2736,Bastia,129,AS Monaco,1,2,available,unscheduled,False,False
3900596,2016-01-23,7,Ligue 1,27,2015/2016,male,142,Guingamp,2736,Bastia,1,0,available,unscheduled,False,False
3900591,2016-01-23,7,Ligue 1,27,2015/2016,male,131,Paris Saint-Germain,145,Angers,5,1,available,unscheduled,False,False
3901188,2016-03-19,7,Ligue 1,27,2015/2016,male,135,Saint-Étienne,139,Montpellier,3,0,available,unscheduled,False,False
3901184,2016-03-18,7,Ligue 1,27,2015/2016,male,147,Olympique de Marseille,134,Rennes,2,5,available,unscheduled,False,False
3901182,2016-03-13,7,Ligue 1,27,2015/2016,male,144,Nantes,145,Angers,2,0,available,unscheduled,False,False
3901170,2016-03-06,7,Ligue 1,27,2015/2016,male,134,Rennes,144,Nantes,4,1,available,unscheduled,False,False
3901166,2016-03-05,7,Ligue 1,27,2015/2016,male,131,Paris Saint-Germain,139,Montpellier,0,0,available,unscheduled,False,False
3901168,2016-03-05,7,Ligue 1,27,2015/2016,male,143,Lille,156,Stade de Reims,2,0,available,unscheduled,False,False
3900601,2016-01-30,7,Ligue 1,27,2015/2016,male,160,Gazélec Ajaccio,139,Montpellier,0,4,available,unscheduled,False,False
3901262,2016-05-14,7,Ligue 1,27,2015/2016,male,140,Stade Malherbe Caen,146,Bordeaux,1,0,available,unscheduled,False,False
3901261,2016-05-14,7,Ligue 1,27,2015/2016,male,131,Paris Saint-Germain,144,Nantes,4,0,available,unscheduled,False,False
3901258,2016-05-14,7,Ligue 1,27,2015/2016,male,142,Guingamp,136,OGC Nice,2,3,available,unscheduled,False,False
3901257,2016-05-14,7,Ligue 1,27,2015/2016,male,135,Saint-Étienne,143,Lille,0,1,available,unscheduled,False,False
3901256,2016-05-14,7,Ligue 1,27,2015/2016,male,129,AS Monaco,139,Montpellier,2,0,available,unscheduled,False,False
3901255,2016-05-14,7,Ligue 1,27,2015/2016,male,145,Angers,130,Toulouse,2,3,available,unscheduled,False,False
3901254,2016-05-14,7,Ligue 1,27,2015/2016,male,156,Stade de Reims,137,Lyon,4,1,available,unscheduled,False,False
3901253,2016-05-11,7,Ligue 1,27,2015/2016,male,146,Bordeaux,131,Paris Saint-Germain,1,1,available,unscheduled,False,False
3901252,2016-05-07,7,Ligue 1,27,2015/2016,male,137,Lyon,129,AS Monaco,6,1,available,unscheduled,False,False
3901250,2016-05-07,7,Ligue 1,27,2015/2016,male,136,OGC Nice,135,Saint-Étienne,2,0,available,unscheduled,False,False
3901249,2016-05-07,7,Ligue 1,27,2015/2016,male,139,Montpellier,134,Rennes,2,0,available,unscheduled,False,False
3901248,2016-05-07,7,Ligue 1,27,2015/2016,male,143,Lille,142,Guingamp,0,0,available,unscheduled,False,False
3901247,2016-05-07,7,Ligue 1,27,2015/2016,male,160,Gazélec Ajaccio,131,Paris Saint-Germain,0,4,available,unscheduled,False,False
3901246,2016-05-07,7,Ligue 1,27,2015/2016,male,144,Nantes,140,Stade Malherbe Caen,1,2,available,unscheduled,False,False
3901245,2016-05-07,7,Ligue 1,27,2015/2016,male,146,Bordeaux,165,Lorient,3,0,available,unscheduled,False,False
3901244,2016-05-07,7,Ligue 1,27,2015/2016,male,130,Toulouse,133,Troyes,1,0,available,unscheduled,False,False
3901243,2016-05-07,7,Ligue 1,27,2015/2016,male,2736,Bastia,145,Angers,1,0,available,unscheduled,False,False
3901242,2016-05-01,7,Ligue 1,27,2015/2016,male,145,Angers,147,Olympique de Marseille,0,1,available,unscheduled,False,False
3901240,2016-04-30,7,Ligue 1,27,2015/2016,male,165,Lorient,143,Lille,0,1,available,unscheduled,False,False
3901238,2016-04-30,7,Ligue 1,27,2015/2016,male,129,AS Monaco,142,Guingamp,3,2,available,unscheduled,False,False
3901237,2016-04-30,7,Ligue 1,27,2015/2016,male,135,Saint-Étienne,130,Toulouse,0,0,available,unscheduled,False,False
3901236,2016-04-30,7,Ligue 1,27,2015/2016,male,144,Nantes,136,OGC Nice,1,0,available,unscheduled,False,False
3901235,2016-04-30,7,Ligue 1,27,2015/2016,male,137,Lyon,160,Gazélec Ajaccio,2,1,available,unscheduled,False,False
3901234,2016-04-30,7,Ligue 1,27,2015/2016,male,156,Stade de Reims,139,Montpellier,2,3,available,unscheduled,False,False
3901233,2016-04-29,7,Ligue 1,27,2015/2016,male,131,Paris Saint-Germain,134,Rennes,4,0,available,unscheduled,False,False
3901232,2016-04-27,7,Ligue 1,27,2015/2016,male,143,Lille,145,Angers,0,0,available,unscheduled,False,False
3901231,2016-04-24,7,Ligue 1,27,2015/2016,male,134,Rennes,129,AS Monaco,1,1,available,unscheduled,False,False
3901230,2016-04-24,7,Ligue 1,27,2015/2016,male,160,Gazélec Ajaccio,2736,Bastia,3,2,available,unscheduled,False,False
3901229,2016-04-24,7,Ligue 1,27,2015/2016,male,142,Guingamp,140,Stade Malherbe Caen,1,1,available,unscheduled,False,False
3901228,2016-04-24,7,Ligue 1,27,2015/2016,male,135,Saint-Étienne,165,Lorient,2,0,available,unscheduled,False,False
3901227,2016-04-24,7,Ligue 1,27,2015/2016,male,147,Olympique de Marseille,144,Nantes,1,1,available,unscheduled,False,False
3901226,2016-04-24,7,Ligue 1,27,2015/2016,male,139,Montpellier,133,Troyes,4,1,available,unscheduled,False,False
3901225,2016-04-23,7,Ligue 1,27,2015/2016,male,130,Toulouse,137,Lyon,2,3,available,unscheduled,False,False
3901224,2016-04-22,7,Ligue 1,27,2015/2016,male,136,OGC Nice,156,Stade de Reims,2,0,available,unscheduled,False,False
3901223,2016-04-17,7,Ligue 1,27,2015/2016,male,129,AS Monaco,147,Olympique de Marseille,2,1,available,unscheduled,False,False
3901222,2016-04-17,7,Ligue 1,27,2015/2016,male,144,Nantes,139,Montpellier,0,2,available,unscheduled,False,False
3901221,2016-04-17,7,Ligue 1,27,2015/2016,male,134,Rennes,142,Guingamp,0,3,available,unscheduled,False,False
3901220,2016-04-16,7,Ligue 1,27,2015/2016,male,2736,Bastia,135,Saint-Étienne,0,1,available,unscheduled,False,False
3901219,2016-04-16,7,Ligue 1,27,2015/2016,male,165,Lorient,130,Toulouse,1,1,available,unscheduled,False,False
3901218,2016-04-16,7,Ligue 1,27,2015/2016,male,146,Bordeaux,145,Angers,1,3,available,unscheduled,False,False
3901217,2016-04-16,7,Ligue 1,27,2015/2016,male,133,Troyes,156,Stade de Reims,2,1,available,unscheduled,False,False
3901216,2016-04-16,7,Ligue 1,27,2015/2016,male,131,Paris Saint-Germain,140,Stade Malherbe Caen,6,0,available,unscheduled,False,False
3901215,2016-04-16,7,Ligue 1,27,2015/2016,male,160,Gazélec Ajaccio,143,Lille,2,4,available,unscheduled,False,False
3901214,2016-04-15,7,Ligue 1,27,2015/2016,male,137,Lyon,136,OGC Nice,1,1,available,unscheduled,False,False
3901213,2016-04-10,7,Ligue 1,27,2015/2016,male,136,OGC Nice,134,Rennes,3,0,available,unscheduled,False,False
3901212,2016-04-10,7,Ligue 1,27,2015/2016,male,143,Lille,129,AS Monaco,4,1,available,unscheduled,False,False
3901211,2016-04-10,7,Ligue 1,27,2015/2016,male,147,Olympique de Marseille,146,Bordeaux,0,0,available,unscheduled,False,False
3901210,2016-04-09,7,Ligue 1,27,2015/2016,male,135,Saint-Étienne,133,Troyes,1,0,available,unscheduled,False,False
3901209,2016-04-09,7,Ligue 1,27,2015/2016,male,145,Angers,160,Gazélec Ajaccio,0,0,available,unscheduled,False,False
3901208,2016-04-09,7,Ligue 1,27,2015/2016,male,142,Guingamp,131,Paris Saint-Germain,0,2,available,unscheduled,False,False
3901207,2016-04-09,7,Ligue 1,27,2015/2016,male,156,Stade de Reims,144,Nantes,2,1,available,unscheduled,False,False
3901206,2016-04-09,7,Ligue 1,27,2015/2016,male,130,Toulouse,2736,Bastia,4,0,available,unscheduled,False,False
3901205,2016-04-09,7,Ligue 1,27,2015/2016,male,140,Stade Malherbe Caen,165,Lorient,1,2,available,unscheduled,False,False
3901204,2016-04-08,7,Ligue 1,27,2015/2016,male,139,Montpellier,137,Lyon,0,2,available,unscheduled,False,False
3901203,2016-04-03,7,Ligue 1,27,2015/2016,male,144,Nantes,143,Lille,0,3,available,unscheduled,False,False
3901202,2016-04-03,7,Ligue 1,27,2015/2016,male,165,Lorient,137,Lyon,1,3,available,unscheduled,False,False
3901201,2016-04-03,7,Ligue 1,27,2015/2016,male,2736,Bastia,147,Olympique de Marseille,2,1,available,unscheduled,False,False
3901200,2016-04-02,7,Ligue 1,27,2015/2016,male,130,Toulouse,140,Stade Malherbe Caen,2,0,available,unscheduled,False,False
3901198,2016-04-02,7,Ligue 1,27,2015/2016,male,133,Troyes,145,Angers,0,1,available,unscheduled,False,False
3901197,2016-04-02,7,Ligue 1,27,2015/2016,male,142,Guingamp,139,Montpellier,2,2,available,unscheduled,False,False
3901196,2016-04-02,7,Ligue 1,27,2015/2016,male,131,Paris Saint-Germain,136,OGC Nice,4,1,available,unscheduled,False,False
3901195,2016-04-02,7,Ligue 1,27,2015/2016,male,160,Gazélec Ajaccio,135,Saint-Étienne,0,2,available,unscheduled,False,False
3901194,2016-04-01,7,Ligue 1,27,2015/2016,male,129,AS Monaco,146,Bordeaux,1,2,available,unscheduled,False,False
3901193,2016-03-20,7,Ligue 1,27,2015/2016,male,131,Paris Saint-Germain,129,AS Monaco,0,2,available,unscheduled,False,False
3901192,2016-03-20,7,Ligue 1,27,2015/2016,male,146,Bordeaux,2736,Bastia,1,1,available,unscheduled,False,False
3901191,2016-03-20,7,Ligue 1,27,2015/2016,male,136,OGC Nice,160,Gazélec Ajaccio,3,0,available,unscheduled,False,False
3901189,2016-03-19,7,Ligue 1,27,2015/2016,male,143,Lille,130,Toulouse,1,0,available,unscheduled,False,False
3901187,2016-03-19,7,Ligue 1,27,2015/2016,male,145,Angers,165,Lorient,5,1,available,unscheduled,False,False
3901186,2016-03-19,7,Ligue 1,27,2015/2016,male,137,Lyon,144,Nantes,2,0,available,unscheduled,False,False
3901185,2016-03-19,7,Ligue 1,27,2015/2016,male,156,Stade de Reims,142,Guingamp,0,1,available,unscheduled,False,False
3901183,2016-03-13,7,Ligue 1,27,2015/2016,male,133,Troyes,131,Paris Saint-Germain,0,9,available,unscheduled,False,False
3901181,2016-03-13,7,Ligue 1,27,2015/2016,male,134,Rennes,137,Lyon,2,2,available,unscheduled,False,False
3901180,2016-03-12,7,Ligue 1,27,2015/2016,male,142,Guingamp,135,Saint-Étienne,2,0,available,unscheduled,False,False
3901179,2016-03-12,7,Ligue 1,27,2015/2016,male,160,Gazélec Ajaccio,140,Stade Malherbe Caen,1,0,available,unscheduled,False,False
3901177,2016-03-12,7,Ligue 1,27,2015/2016,male,2736,Bastia,143,Lille,1,2,available,unscheduled,False,False
3901176,2016-03-12,7,Ligue 1,27,2015/2016,male,130,Toulouse,146,Bordeaux,4,0,available,unscheduled,False,False
3901175,2016-03-12,7,Ligue 1,27,2015/2016,male,139,Montpellier,136,OGC Nice,0,2,available,unscheduled,False,False
3901174,2016-03-11,7,Ligue 1,27,2015/2016,male,129,AS Monaco,156,Stade de Reims,2,2,available,unscheduled,False,False
3901173,2016-03-09,7,Ligue 1,27,2015/2016,male,160,Gazélec Ajaccio,147,Olympique de Marseille,1,1,available,unscheduled,False,False
3901172,2016-03-09,7,Ligue 1,27,2015/2016,male,2736,Bastia,144,Nantes,0,0,available,unscheduled,False,False
3901171,2016-03-06,7,Ligue 1,27,2015/2016,male,137,Lyon,142,Guingamp,5,1,available,unscheduled,False,False
3901167,2016-03-05,7,Ligue 1,27,2015/2016,male,2736,Bastia,165,Lorient,0,0,available,unscheduled,False,False
3901165,2016-03-05,7,Ligue 1,27,2015/2016,male,146,Bordeaux,160,Gazélec Ajaccio,1,1,available,unscheduled,False,False
3901164,2016-03-05,7,Ligue 1,27,2015/2016,male,145,Angers,135,Saint-Étienne,0,0,available,unscheduled,False,False
3901163,2016-03-05,7,Ligue 1,27,2015/2016,male,136,OGC Nice,133,Troyes,2,1,available,unscheduled,False,False
3901161,2016-02-28,7,Ligue 1,27,2015/2016,male,135,Saint-Étienne,140,Stade Malherbe Caen,1,2,available,unscheduled,False,False
3901160,2016-02-28,7,Ligue 1,27,2015/2016,male,144,Nantes,129,AS Monaco,0,0,available,unscheduled,False,False
3901159,2016-02-28,7,Ligue 1,27,2015/2016,male,137,Lyon,131,Paris Saint-Germain,2,1,available,unscheduled,False,False
3901158,2016-02-27,7,Ligue 1,27,2015/2016,male,130,Toulouse,134,Rennes,1,2,available,unscheduled,False,False
3901157,2016-02-27,7,Ligue 1,27,2015/2016,male,156,Stade de Reims,146,Bordeaux,4,1,available,unscheduled,False,False
3901156,2016-02-27,7,Ligue 1,27,2015/2016,male,142,Guingamp,145,Angers,2,2,available,unscheduled,False,False
3901155,2016-02-27,7,Ligue 1,27,2015/2016,male,139,Montpellier,143,Lille,3,0,available,unscheduled,False,False
3901154,2016-02-27,7,Ligue 1,27,2015/2016,male,133,Troyes,165,Lorient,0,1,available,unscheduled,False,False
3901153,2016-02-26,7,Ligue 1,27,2015/2016,male,136,OGC Nice,2736,Bastia,0,2,available,unscheduled,False,False
3901151,2016-02-21,7,Ligue 1,27,2015/2016,male,143,Lille,137,Lyon,1,0,available,unscheduled,False,False
3901149,2016-02-20,7,Ligue 1,27,2015/2016,male,129,AS Monaco,133,Troyes,3,1,available,unscheduled,False,False
3901148,2016-02-20,7,Ligue 1,27,2015/2016,male,165,Lorient,142,Guingamp,4,3,available,unscheduled,False,False
3901147,2016-02-20,7,Ligue 1,27,2015/2016,male,130,Toulouse,160,Gazélec Ajaccio,1,1,available,unscheduled,False,False
3901146,2016-02-20,7,Ligue 1,27,2015/2016,male,131,Paris Saint-Germain,156,Stade de Reims,4,1,available,unscheduled,False,False
3901145,2016-02-20,7,Ligue 1,27,2015/2016,male,145,Angers,139,Montpellier,2,3,available,unscheduled,False,False
3901144,2016-02-19,7,Ligue 1,27,2015/2016,male,146,Bordeaux,136,OGC Nice,0,0,available,unscheduled,False,False
3900602,2016-01-30,7,Ligue 1,27,2015/2016,male,165,Lorient,156,Stade de Reims,2,0,available,unscheduled,False,False
3829518,2015-10-25,7,Ligue 1,27,2015/2016,male,143,Lille,147,Olympique de Marseille,1,2,available,unscheduled,False,False
3829479,2015-09-23,7,Ligue 1,27,2015/2016,male,165,Lorient,140,Stade Malherbe Caen,2,0,available,unscheduled,False,False
3829478,2015-09-23,7,Ligue 1,27,2015/2016,male,160,Gazélec Ajaccio,134,Rennes,1,1,available,unscheduled,False,False
3829519,2015-10-25,7,Ligue 1,27,2015/2016,male,131,Paris Saint-Germain,135,Saint-Étienne,4,1,available,unscheduled,False,False
3829416,2015-08-08,7,Ligue 1,27,2015/2016,male,136,OGC Nice,129,AS Monaco,1,2,available,unscheduled,False,False
3829459,2015-09-12,7,Ligue 1,27,2015/2016,male,136,OGC Nice,142,Guingamp,0,1,available,unscheduled,False,False
3900636,2016-02-13,7,Ligue 1,27,2015/2016,male,144,Nantes,165,Lorient,2,1,available,unscheduled,False,False
3900633,2016-02-13,7,Ligue 1,27,2015/2016,male,160,Gazélec Ajaccio,133,Troyes,2,3,available,unscheduled,False,False
3900628,2016-02-07,7,Ligue 1,27,2015/2016,male,143,Lille,134,Rennes,1,1,available,unscheduled,False,False
3900627,2016-02-07,7,Ligue 1,27,2015/2016,male,146,Bordeaux,135,Saint-Étienne,1,4,available,unscheduled,False,False
3900625,2016-02-06,7,Ligue 1,27,2015/2016,male,129,AS Monaco,136,OGC Nice,1,0,available,unscheduled,False,False
3900624,2016-02-06,7,Ligue 1,27,2015/2016,male,145,Angers,137,Lyon,0,3,available,unscheduled,False,False
3900616,2016-02-03,7,Ligue 1,27,2015/2016,male,137,Lyon,146,Bordeaux,3,0,available,unscheduled,False,False
3900617,2016-02-03,7,Ligue 1,27,2015/2016,male,156,Stade de Reims,145,Angers,2,1,available,unscheduled,False,False
3900609,2016-01-31,7,Ligue 1,27,2015/2016,male,146,Bordeaux,134,Rennes,4,0,available,unscheduled,False,False
3900604,2016-01-30,7,Ligue 1,27,2015/2016,male,145,Angers,129,AS Monaco,3,0,available,unscheduled,False,False
3900605,2016-01-30,7,Ligue 1,27,2015/2016,male,2736,Bastia,137,Lyon,1,0,available,unscheduled,False,False
3900603,2016-01-30,7,Ligue 1,27,2015/2016,male,130,Toulouse,142,Guingamp,1,2,available,unscheduled,False,False
3900606,2016-01-30,7,Ligue 1,27,2015/2016,male,133,Troyes,144,Nantes,0,1,available,unscheduled,False,False
3900600,2016-01-29,7,Ligue 1,27,2015/2016,male,147,Olympique de Marseille,143,Lille,1,1,available,unscheduled,False,False
3900598,2016-01-24,7,Ligue 1,27,2015/2016,male,129,AS Monaco,130,Toulouse,4,0,available,unscheduled,False,False
3900597,2016-01-24,7,Ligue 1,27,2015/2016,male,137,Lyon,147,Olympique de Marseille,1,1,available,unscheduled,False,False
3900599,2016-01-24,7,Ligue 1,27,2015/2016,male,156,Stade de Reims,135,Saint-Étienne,1,1,available,unscheduled,False,False
3900592,2016-01-23,7,Ligue 1,27,2015/2016,male,139,Montpellier,140,Stade Malherbe Caen,1,2,available,unscheduled,False,False
3900595,2016-01-23,7,Ligue 1,27,2015/2016,male,136,OGC Nice,165,Lorient,2,1,available,unscheduled,False,False
3900593,2016-01-23,7,Ligue 1,27,2015/2016,male,143,Lille,133,Troyes,1,3,available,unscheduled,False,False
3900590,2016-01-22,7,Ligue 1,27,2015/2016,male,134,Rennes,160,Gazélec Ajaccio,1,0,available,unscheduled,False,False
3900588,2016-01-17,7,Ligue 1,27,2015/2016,male,165,Lorient,129,AS Monaco,0,2,available,unscheduled,False,False
3900586,2016-01-16,7,Ligue 1,27,2015/2016,male,142,Guingamp,144,Nantes,2,2,available,unscheduled,False,False
3900584,2016-01-16,7,Ligue 1,27,2015/2016,male,2736,Bastia,139,Montpellier,1,0,available,unscheduled,False,False
3900582,2016-01-16,7,Ligue 1,27,2015/2016,male,160,Gazélec Ajaccio,156,Stade de Reims,2,2,available,unscheduled,False,False
3900583,2016-01-16,7,Ligue 1,27,2015/2016,male,133,Troyes,134,Rennes,2,4,available,unscheduled,False,False
3900585,2016-01-16,7,Ligue 1,27,2015/2016,male,130,Toulouse,131,Paris Saint-Germain,0,1,available,unscheduled,False,False
3900570,2016-01-08,7,Ligue 1,27,2015/2016,male,131,Paris Saint-Germain,2736,Bastia,2,0,available,unscheduled,False,False
3900567,2015-12-20,7,Ligue 1,27,2015/2016,male,146,Bordeaux,147,Olympique de Marseille,1,1,available,unscheduled,False,False
3900568,2015-12-20,7,Ligue 1,27,2015/2016,male,160,Gazélec Ajaccio,137,Lyon,2,1,available,unscheduled,False,False
3900549,2015-12-06,7,Ligue 1,27,2015/2016,male,135,Saint-Étienne,134,Rennes,1,1,available,unscheduled,False,False
3900548,2015-12-06,7,Ligue 1,27,2015/2016,male,146,Bordeaux,142,Guingamp,1,0,available,unscheduled,False,False
3900547,2015-12-06,7,Ligue 1,27,2015/2016,male,147,Olympique de Marseille,139,Montpellier,2,2,available,unscheduled,False,False
3900545,2015-12-05,7,Ligue 1,27,2015/2016,male,137,Lyon,145,Angers,0,2,available,unscheduled,False,False
3900546,2015-12-05,7,Ligue 1,27,2015/2016,male,160,Gazélec Ajaccio,144,Nantes,1,1,available,unscheduled,False,False
3900544,2015-12-05,7,Ligue 1,27,2015/2016,male,130,Toulouse,165,Lorient,2,3,available,unscheduled,False,False
3900540,2015-12-04,7,Ligue 1,27,2015/2016,male,136,OGC Nice,131,Paris Saint-Germain,0,3,available,unscheduled,False,False
3900539,2015-12-03,7,Ligue 1,27,2015/2016,male,134,Rennes,147,Olympique de Marseille,0,1,available,unscheduled,False,False
3900538,2015-12-02,7,Ligue 1,27,2015/2016,male,142,Guingamp,156,Stade de Reims,1,2,available,unscheduled,False,False
3900537,2015-12-02,7,Ligue 1,27,2015/2016,male,133,Troyes,130,Toulouse,0,3,available,unscheduled,False,False
3900536,2015-12-02,7,Ligue 1,27,2015/2016,male,139,Montpellier,160,Gazélec Ajaccio,0,2,available,unscheduled,False,False
3900534,2015-12-02,7,Ligue 1,27,2015/2016,male,2736,Bastia,146,Bordeaux,1,0,available,unscheduled,False,False
3900535,2015-12-02,7,Ligue 1,27,2015/2016,male,143,Lille,135,Saint-Étienne,1,0,available,unscheduled,False,False
3900530,2015-12-01,7,Ligue 1,27,2015/2016,male,144,Nantes,137,Lyon,0,0,available,unscheduled,False,False
3900532,2015-12-01,7,Ligue 1,27,2015/2016,male,145,Angers,131,Paris Saint-Germain,0,0,available,unscheduled,False,False
3900531,2015-12-01,7,Ligue 1,27,2015/2016,male,165,Lorient,136,OGC Nice,0,0,available,unscheduled,False,False
3900529,2015-11-29,7,Ligue 1,27,2015/2016,male,135,Saint-Étienne,142,Guingamp,3,0,available,unscheduled,False,False
3900522,2015-11-28,7,Ligue 1,27,2015/2016,male,130,Toulouse,136,OGC Nice,2,0,available,unscheduled,False,False
3900523,2015-11-28,7,Ligue 1,27,2015/2016,male,156,Stade de Reims,134,Rennes,2,2,available,unscheduled,False,False
3900521,2015-11-28,7,Ligue 1,27,2015/2016,male,131,Paris Saint-Germain,133,Troyes,4,1,available,unscheduled,False,False
3900518,2015-11-22,7,Ligue 1,27,2015/2016,male,140,Stade Malherbe Caen,145,Angers,0,0,available,unscheduled,False,False
3900519,2015-11-22,7,Ligue 1,27,2015/2016,male,134,Rennes,146,Bordeaux,2,2,available,unscheduled,False,False
3900511,2015-11-21,7,Ligue 1,27,2015/2016,male,165,Lorient,131,Paris Saint-Germain,1,2,available,unscheduled,False,False
3900514,2015-11-21,7,Ligue 1,27,2015/2016,male,142,Guingamp,130,Toulouse,2,0,available,unscheduled,False,False
3900515,2015-11-21,7,Ligue 1,27,2015/2016,male,129,AS Monaco,144,Nantes,1,0,available,unscheduled,False,False
3829512,2015-10-23,7,Ligue 1,27,2015/2016,male,137,Lyon,130,Toulouse,3,0,available,unscheduled,False,False
3829495,2015-10-03,7,Ligue 1,27,2015/2016,male,137,Lyon,156,Stade de Reims,1,0,available,unscheduled,False,False
3900491,2015-10-31,7,Ligue 1,27,2015/2016,male,135,Saint-Étienne,156,Stade de Reims,3,0,available,unscheduled,False,False
3900504,2015-11-07,7,Ligue 1,27,2015/2016,male,139,Montpellier,144,Nantes,2,1,available,unscheduled,False,False
3900506,2015-11-07,7,Ligue 1,27,2015/2016,male,156,Stade de Reims,160,Gazélec Ajaccio,1,2,available,unscheduled,False,False
3900505,2015-11-07,7,Ligue 1,27,2015/2016,male,140,Stade Malherbe Caen,142,Guingamp,2,1,available,unscheduled,False,False
3829496,2015-10-03,7,Ligue 1,27,2015/2016,male,145,Angers,2736,Bastia,1,0,available,unscheduled,False,False
3829514,2015-10-24,7,Ligue 1,27,2015/2016,male,145,Angers,142,Guingamp,0,0,available,unscheduled,False,False
3829469,2015-09-20,7,Ligue 1,27,2015/2016,male,129,AS Monaco,165,Lorient,2,3,available,unscheduled,False,False
3829454,2015-09-12,7,Ligue 1,27,2015/2016,male,137,Lyon,143,Lille,0,0,available,unscheduled,False,False
3829439,2015-08-22,7,Ligue 1,27,2015/2016,male,130,Toulouse,129,AS Monaco,1,1,available,unscheduled,False,False
3829513,2015-10-23,7,Ligue 1,27,2015/2016,male,140,Stade Malherbe Caen,144,Nantes,0,2,available,unscheduled,False,False
3829510,2015-10-18,7,Ligue 1,27,2015/2016,male,134,Rennes,136,OGC Nice,1,4,available,unscheduled,False,False
3829445,2015-08-29,7,Ligue 1,27,2015/2016,male,145,Angers,136,OGC Nice,1,1,available,unscheduled,False,False
3829433,2015-08-21,7,Ligue 1,27,2015/2016,male,139,Montpellier,131,Paris Saint-Germain,0,1,available,unscheduled,False,False
3829466,2015-09-19,7,Ligue 1,27,2015/2016,male,145,Angers,133,Troyes,1,0,available,unscheduled,False,False
3900639,2016-02-14,7,Ligue 1,27,2015/2016,male,135,Saint-Étienne,129,AS Monaco,1,1,available,unscheduled,False,False
3900638,2016-02-14,7,Ligue 1,27,2015/2016,male,137,Lyon,140,Stade Malherbe Caen,4,1,available,unscheduled,False,False
3900637,2016-02-14,7,Ligue 1,27,2015/2016,male,136,OGC Nice,147,Olympique de Marseille,1,1,available,unscheduled,False,False
3900635,2016-02-13,7,Ligue 1,27,2015/2016,male,156,Stade de Reims,2736,Bastia,0,1,available,unscheduled,False,False
3900634,2016-02-13,7,Ligue 1,27,2015/2016,male,131,Paris Saint-Germain,143,Lille,0,0,available,unscheduled,False,False
3900632,2016-02-13,7,Ligue 1,27,2015/2016,male,142,Guingamp,146,Bordeaux,2,4,available,unscheduled,False,False
3900631,2016-02-13,7,Ligue 1,27,2015/2016,male,139,Montpellier,130,Toulouse,2,0,available,unscheduled,False,False
3900630,2016-02-12,7,Ligue 1,27,2015/2016,male,134,Rennes,145,Angers,1,0,available,unscheduled,False,False
3900626,2016-02-06,7,Ligue 1,27,2015/2016,male,160,Gazélec Ajaccio,142,Guingamp,0,0,available,unscheduled,False,False
3900623,2016-02-06,7,Ligue 1,27,2015/2016,male,165,Lorient,139,Montpellier,1,1,available,unscheduled,False,False
3900622,2016-02-06,7,Ligue 1,27,2015/2016,male,2736,Bastia,133,Troyes,2,0,available,unscheduled,False,False
3900621,2016-02-06,7,Ligue 1,27,2015/2016,male,130,Toulouse,144,Nantes,0,0,available,unscheduled,False,False
3900620,2016-02-06,7,Ligue 1,27,2015/2016,male,140,Stade Malherbe Caen,156,Stade de Reims,0,2,available,unscheduled,False,False
3900619,2016-02-04,7,Ligue 1,27,2015/2016,male,134,Rennes,135,Saint-Étienne,0,1,available,unscheduled,False,False
3900618,2016-02-03,7,Ligue 1,27,2015/2016,male,131,Paris Saint-Germain,165,Lorient,3,1,available,unscheduled,False,False
3900615,2016-02-03,7,Ligue 1,27,2015/2016,male,144,Nantes,160,Gazélec Ajaccio,3,1,available,unscheduled,False,False
3900614,2016-02-03,7,Ligue 1,27,2015/2016,male,143,Lille,140,Stade Malherbe Caen,1,0,available,unscheduled,False,False
3900613,2016-02-03,7,Ligue 1,27,2015/2016,male,136,OGC Nice,130,Toulouse,1,0,available,unscheduled,False,False
3900612,2016-02-03,7,Ligue 1,27,2015/2016,male,142,Guingamp,133,Troyes,4,0,available,unscheduled,False,False
3900611,2016-02-02,7,Ligue 1,27,2015/2016,male,129,AS Monaco,2736,Bastia,2,0,available,unscheduled,False,False
3900610,2016-02-02,7,Ligue 1,27,2015/2016,male,139,Montpellier,147,Olympique de Marseille,0,1,available,unscheduled,False,False
3900581,2016-01-16,7,Ligue 1,27,2015/2016,male,146,Bordeaux,143,Lille,1,0,available,unscheduled,False,False
3900580,2016-01-15,7,Ligue 1,27,2015/2016,male,136,OGC Nice,145,Angers,2,1,available,unscheduled,False,False
3900579,2016-01-10,7,Ligue 1,27,2015/2016,male,144,Nantes,135,Saint-Étienne,2,1,available,unscheduled,False,False
3900578,2016-01-10,7,Ligue 1,27,2015/2016,male,143,Lille,136,OGC Nice,1,1,available,unscheduled,False,False
3900576,2016-01-09,7,Ligue 1,27,2015/2016,male,139,Montpellier,146,Bordeaux,0,1,available,unscheduled,False,False
3900575,2016-01-09,7,Ligue 1,27,2015/2016,male,156,Stade de Reims,130,Toulouse,1,3,available,unscheduled,False,False
3900574,2016-01-09,7,Ligue 1,27,2015/2016,male,137,Lyon,133,Troyes,4,1,available,unscheduled,False,False
3900573,2016-01-09,7,Ligue 1,27,2015/2016,male,145,Angers,140,Stade Malherbe Caen,2,0,available,unscheduled,False,False
3900572,2016-01-09,7,Ligue 1,27,2015/2016,male,129,AS Monaco,160,Gazélec Ajaccio,2,2,available,unscheduled,False,False
3900571,2016-01-09,7,Ligue 1,27,2015/2016,male,134,Rennes,165,Lorient,2,2,available,unscheduled,False,False
3900569,2015-12-20,7,Ligue 1,27,2015/2016,male,135,Saint-Étienne,145,Angers,1,0,available,unscheduled,False,False
3900566,2015-12-19,7,Ligue 1,27,2015/2016,male,2736,Bastia,156,Stade de Reims,2,0,available,unscheduled,False,False
3900565,2015-12-19,7,Ligue 1,27,2015/2016,male,165,Lorient,144,Nantes,0,0,available,unscheduled,False,False
3900564,2015-12-19,7,Ligue 1,27,2015/2016,male,133,Troyes,129,AS Monaco,0,0,available,unscheduled,False,False
3900563,2015-12-19,7,Ligue 1,27,2015/2016,male,142,Guingamp,134,Rennes,0,2,available,unscheduled,False,False
3900561,2015-12-19,7,Ligue 1,27,2015/2016,male,130,Toulouse,143,Lille,1,1,available,unscheduled,False,False
3900560,2015-12-18,7,Ligue 1,27,2015/2016,male,136,OGC Nice,139,Montpellier,1,0,available,unscheduled,False,False
3900558,2015-12-13,7,Ligue 1,27,2015/2016,male,129,AS Monaco,135,Saint-Étienne,1,0,available,unscheduled,False,False
3900557,2015-12-13,7,Ligue 1,27,2015/2016,male,131,Paris Saint-Germain,137,Lyon,5,1,available,unscheduled,False,False
3900556,2015-12-13,7,Ligue 1,27,2015/2016,male,145,Angers,146,Bordeaux,1,1,available,unscheduled,False,False
3900555,2015-12-12,7,Ligue 1,27,2015/2016,male,144,Nantes,130,Toulouse,1,1,available,unscheduled,False,False
3900554,2015-12-12,7,Ligue 1,27,2015/2016,male,133,Troyes,2736,Bastia,1,1,available,unscheduled,False,False
3900553,2015-12-12,7,Ligue 1,27,2015/2016,male,156,Stade de Reims,136,OGC Nice,1,1,available,unscheduled,False,False
3900552,2015-12-12,7,Ligue 1,27,2015/2016,male,139,Montpellier,142,Guingamp,2,1,available,unscheduled,False,False
3900551,2015-12-12,7,Ligue 1,27,2015/2016,male,143,Lille,165,Lorient,3,0,available,unscheduled,False,False
3900550,2015-12-11,7,Ligue 1,27,2015/2016,male,134,Rennes,140,Stade Malherbe Caen,1,1,available,unscheduled,False,False
3900543,2015-12-05,7,Ligue 1,27,2015/2016,male,156,Stade de Reims,133,Troyes,1,1,available,unscheduled,False,False
3900542,2015-12-05,7,Ligue 1,27,2015/2016,male,140,Stade Malherbe Caen,143,Lille,1,2,available,unscheduled,False,False
3900526,2015-11-28,7,Ligue 1,27,2015/2016,male,145,Angers,143,Lille,2,0,available,unscheduled,False,False
3900525,2015-11-28,7,Ligue 1,27,2015/2016,male,144,Nantes,2736,Bastia,0,0,available,unscheduled,False,False
3900524,2015-11-28,7,Ligue 1,27,2015/2016,male,160,Gazélec Ajaccio,165,Lorient,1,1,available,unscheduled,False,False
3900520,2015-11-27,7,Ligue 1,27,2015/2016,male,137,Lyon,139,Montpellier,2,4,available,unscheduled,False,False
3900516,2015-11-22,7,Ligue 1,27,2015/2016,male,135,Saint-Étienne,147,Olympique de Marseille,0,2,available,unscheduled,False,False
3900513,2015-11-21,7,Ligue 1,27,2015/2016,male,133,Troyes,143,Lille,1,1,available,unscheduled,False,False
3900512,2015-11-21,7,Ligue 1,27,2015/2016,male,139,Montpellier,156,Stade de Reims,3,1,available,unscheduled,False,False
3900510,2015-11-20,7,Ligue 1,27,2015/2016,male,136,OGC Nice,137,Lyon,3,0,available,unscheduled,False,False
3900509,2015-11-08,7,Ligue 1,27,2015/2016,male,137,Lyon,135,Saint-Étienne,3,0,available,unscheduled,False,False
3900508,2015-11-08,7,Ligue 1,27,2015/2016,male,146,Bordeaux,129,AS Monaco,3,1,available,unscheduled,False,False
3900503,2015-11-07,7,Ligue 1,27,2015/2016,male,143,Lille,2736,Bastia,1,1,available,unscheduled,False,False
3900502,2015-11-07,7,Ligue 1,27,2015/2016,male,165,Lorient,133,Troyes,4,1,available,unscheduled,False,False
3900501,2015-11-07,7,Ligue 1,27,2015/2016,male,131,Paris Saint-Germain,130,Toulouse,5,0,available,unscheduled,False,False
3900500,2015-11-06,7,Ligue 1,27,2015/2016,male,145,Angers,134,Rennes,0,2,available,unscheduled,False,False
3900499,2015-11-01,7,Ligue 1,27,2015/2016,male,144,Nantes,147,Olympique de Marseille,0,1,available,unscheduled,False,False
3900498,2015-11-01,7,Ligue 1,27,2015/2016,male,129,AS Monaco,145,Angers,1,0,available,unscheduled,False,False
3900497,2015-11-01,7,Ligue 1,27,2015/2016,male,136,OGC Nice,143,Lille,0,0,available,unscheduled,False,False
3900496,2015-10-31,7,Ligue 1,27,2015/2016,male,130,Toulouse,139,Montpellier,1,1,available,unscheduled,False,False
3900495,2015-10-31,7,Ligue 1,27,2015/2016,male,2736,Bastia,140,Stade Malherbe Caen,1,0,available,unscheduled,False,False
3900494,2015-10-31,7,Ligue 1,27,2015/2016,male,160,Gazélec Ajaccio,146,Bordeaux,2,0,available,unscheduled,False,False
3900493,2015-10-31,7,Ligue 1,27,2015/2016,male,133,Troyes,137,Lyon,0,1,available,unscheduled,False,False
3900492,2015-10-31,7,Ligue 1,27,2015/2016,male,142,Guingamp,165,Lorient,2,2,available,unscheduled,False,False
3900490,2015-10-30,7,Ligue 1,27,2015/2016,male,134,Rennes,131,Paris Saint-Germain,0,1,available,unscheduled,False,False
3829438,2015-08-22,7,Ligue 1,27,2015/2016,male,136,OGC Nice,140,Stade Malherbe Caen,2,1,available,unscheduled,False,False
3829413,2015-08-07,7,Ligue 1,27,2015/2016,male,143,Lille,131,Paris Saint-Germain,0,1,available,unscheduled,False,False
3829428,2015-08-15,7,Ligue 1,27,2015/2016,male,140,Stade Malherbe Caen,130,Toulouse,1,0,available,unscheduled,False,False
3829522,2015-11-04,7,Ligue 1,27,2015/2016,male,136,OGC Nice,144,Nantes,1,2,available,unscheduled,False,False
3829521,2015-10-25,7,Ligue 1,27,2015/2016,male,146,Bordeaux,133,Troyes,1,0,available,unscheduled,False,False
3829520,2015-10-25,7,Ligue 1,27,2015/2016,male,156,Stade de Reims,129,AS Monaco,0,1,available,unscheduled,False,False
3829517,2015-10-24,7,Ligue 1,27,2015/2016,male,160,Gazélec Ajaccio,136,OGC Nice,3,1,available,unscheduled,False,False
3829516,2015-10-24,7,Ligue 1,27,2015/2016,male,165,Lorient,134,Rennes,1,1,available,unscheduled,False,False
3829515,2015-10-24,7,Ligue 1,27,2015/2016,male,139,Montpellier,2736,Bastia,2,0,available,unscheduled,False,False
3829511,2015-10-18,7,Ligue 1,27,2015/2016,male,146,Bordeaux,139,Montpellier,0,0,available,unscheduled,False,False
3829508,2015-10-17,7,Ligue 1,27,2015/2016,male,156,Stade de Reims,140,Stade Malherbe Caen,0,1,available,unscheduled,False,False
3829507,2015-10-17,7,Ligue 1,27,2015/2016,male,130,Toulouse,145,Angers,1,2,available,unscheduled,False,False
3829506,2015-10-17,7,Ligue 1,27,2015/2016,male,142,Guingamp,143,Lille,1,1,available,unscheduled,False,False
3829505,2015-10-17,7,Ligue 1,27,2015/2016,male,135,Saint-Étienne,160,Gazélec Ajaccio,2,0,available,unscheduled,False,False
3829504,2015-10-17,7,Ligue 1,27,2015/2016,male,2736,Bastia,131,Paris Saint-Germain,0,2,available,unscheduled,False,False
3829503,2015-10-17,7,Ligue 1,27,2015/2016,male,144,Nantes,133,Troyes,3,0,available,unscheduled,False,False
3829502,2015-10-16,7,Ligue 1,27,2015/2016,male,129,AS Monaco,137,Lyon,1,1,available,unscheduled,False,False
3829501,2015-10-04,7,Ligue 1,27,2015/2016,male,129,AS Monaco,134,Rennes,1,1,available,unscheduled,False,False
3829500,2015-10-04,7,Ligue 1,27,2015/2016,male,131,Paris Saint-Germain,147,Olympique de Marseille,2,1,available,unscheduled,False,False
3829498,2015-10-04,7,Ligue 1,27,2015/2016,male,165,Lorient,146,Bordeaux,3,2,available,unscheduled,False,False
3829497,2015-10-03,7,Ligue 1,27,2015/2016,male,133,Troyes,142,Guingamp,0,1,available,unscheduled,False,False
3829494,2015-10-03,7,Ligue 1,27,2015/2016,male,160,Gazélec Ajaccio,130,Toulouse,2,2,available,unscheduled,False,False
3829493,2015-10-02,7,Ligue 1,27,2015/2016,male,143,Lille,139,Montpellier,2,0,available,unscheduled,False,False
3829492,2015-09-29,7,Ligue 1,27,2015/2016,male,143,Lille,144,Nantes,0,1,available,unscheduled,False,False
3829491,2015-09-27,7,Ligue 1,27,2015/2016,male,147,Olympique de Marseille,145,Angers,1,2,available,unscheduled,False,False
3829490,2015-09-27,7,Ligue 1,27,2015/2016,male,135,Saint-Étienne,136,OGC Nice,1,4,available,unscheduled,False,False
3829489,2015-09-27,7,Ligue 1,27,2015/2016,male,139,Montpellier,165,Lorient,2,1,available,unscheduled,False,False
3829488,2015-09-27,7,Ligue 1,27,2015/2016,male,142,Guingamp,129,AS Monaco,3,3,available,unscheduled,False,False
3829487,2015-09-26,7,Ligue 1,27,2015/2016,male,140,Stade Malherbe Caen,160,Gazélec Ajaccio,2,0,available,unscheduled,False,False
3829486,2015-09-26,7,Ligue 1,27,2015/2016,male,2736,Bastia,130,Toulouse,3,0,available,unscheduled,False,False
3829485,2015-09-26,7,Ligue 1,27,2015/2016,male,134,Rennes,133,Troyes,1,1,available,unscheduled,False,False
3829484,2015-09-26,7,Ligue 1,27,2015/2016,male,146,Bordeaux,137,Lyon,3,1,available,unscheduled,False,False
3829483,2015-09-26,7,Ligue 1,27,2015/2016,male,144,Nantes,131,Paris Saint-Germain,1,4,available,unscheduled,False,False
3829482,2015-09-25,7,Ligue 1,27,2015/2016,male,156,Stade de Reims,143,Lille,1,0,available,unscheduled,False,False
3829481,2015-09-24,7,Ligue 1,27,2015/2016,male,139,Montpellier,129,AS Monaco,2,3,available,unscheduled,False,False
3829480,2015-09-23,7,Ligue 1,27,2015/2016,male,133,Troyes,135,Saint-Étienne,0,1,available,unscheduled,False,False
3829477,2015-09-23,7,Ligue 1,27,2015/2016,male,130,Toulouse,147,Olympique de Marseille,1,1,available,unscheduled,False,False
3829476,2015-09-23,7,Ligue 1,27,2015/2016,male,137,Lyon,2736,Bastia,2,0,available,unscheduled,False,False
3829475,2015-09-23,7,Ligue 1,27,2015/2016,male,136,OGC Nice,146,Bordeaux,6,1,available,unscheduled,False,False
3829474,2015-09-22,7,Ligue 1,27,2015/2016,male,145,Angers,156,Stade de Reims,0,0,available,unscheduled,False,False
3829473,2015-09-22,7,Ligue 1,27,2015/2016,male,131,Paris Saint-Germain,142,Guingamp,3,0,available,unscheduled,False,False
3829471,2015-09-20,7,Ligue 1,27,2015/2016,male,146,Bordeaux,130,Toulouse,1,1,available,unscheduled,False,False
3829468,2015-09-19,7,Ligue 1,27,2015/2016,male,142,Guingamp,160,Gazélec Ajaccio,2,1,available,unscheduled,False,False
3829467,2015-09-19,7,Ligue 1,27,2015/2016,male,140,Stade Malherbe Caen,139,Montpellier,2,1,available,unscheduled,False,False
3829465,2015-09-19,7,Ligue 1,27,2015/2016,male,156,Stade de Reims,131,Paris Saint-Germain,1,1,available,unscheduled,False,False
3829464,2015-09-19,7,Ligue 1,27,2015/2016,male,2736,Bastia,136,OGC Nice,1,3,available,unscheduled,False,False
3829463,2015-09-18,7,Ligue 1,27,2015/2016,male,134,Rennes,143,Lille,1,1,available,unscheduled,False,False
3829462,2015-09-13,7,Ligue 1,27,2015/2016,male,160,Gazélec Ajaccio,129,AS Monaco,0,1,available,unscheduled,False,False
3829460,2015-09-13,7,Ligue 1,27,2015/2016,male,144,Nantes,134,Rennes,0,2,available,unscheduled,False,False
3829458,2015-09-12,7,Ligue 1,27,2015/2016,male,130,Toulouse,156,Stade de Reims,2,2,available,unscheduled,False,False
3829457,2015-09-12,7,Ligue 1,27,2015/2016,male,139,Montpellier,135,Saint-Étienne,1,2,available,unscheduled,False,False
3829456,2015-09-12,7,Ligue 1,27,2015/2016,male,165,Lorient,145,Angers,3,1,available,unscheduled,False,False
3829455,2015-09-12,7,Ligue 1,27,2015/2016,male,133,Troyes,140,Stade Malherbe Caen,1,3,available,unscheduled,False,False
3829453,2015-09-11,7,Ligue 1,27,2015/2016,male,131,Paris Saint-Germain,146,Bordeaux,2,2,available,unscheduled,False,False
3829452,2015-08-30,7,Ligue 1,27,2015/2016,male,146,Bordeaux,144,Nantes,2,0,available,unscheduled,False,False
3829451,2015-08-30,7,Ligue 1,27,2015/2016,male,135,Saint-Étienne,2736,Bastia,2,1,available,unscheduled,False,False
3829450,2015-08-30,7,Ligue 1,27,2015/2016,male,129,AS Monaco,131,Paris Saint-Germain,0,3,available,unscheduled,False,False
3829449,2015-08-29,7,Ligue 1,27,2015/2016,male,134,Rennes,130,Toulouse,3,1,available,unscheduled,False,False
3829448,2015-08-29,7,Ligue 1,27,2015/2016,male,156,Stade de Reims,165,Lorient,4,1,available,unscheduled,False,False
3829447,2015-08-29,7,Ligue 1,27,2015/2016,male,143,Lille,160,Gazélec Ajaccio,1,0,available,unscheduled,False,False
3829446,2015-08-29,7,Ligue 1,27,2015/2016,male,133,Troyes,139,Montpellier,0,0,available,unscheduled,False,False
3829443,2015-08-28,7,Ligue 1,27,2015/2016,male,142,Guingamp,147,Olympique de Marseille,2,0,available,unscheduled,False,False
3829442,2015-08-23,7,Ligue 1,27,2015/2016,male,143,Lille,146,Bordeaux,0,0,available,unscheduled,False,False
3829440,2015-08-23,7,Ligue 1,27,2015/2016,male,165,Lorient,135,Saint-Étienne,0,1,available,unscheduled,False,False
3829437,2015-08-22,7,Ligue 1,27,2015/2016,male,160,Gazélec Ajaccio,145,Angers,0,2,available,unscheduled,False,False
3829436,2015-08-22,7,Ligue 1,27,2015/2016,male,144,Nantes,156,Stade de Reims,1,0,available,unscheduled,False,False
3829435,2015-08-22,7,Ligue 1,27,2015/2016,male,137,Lyon,134,Rennes,1,2,available,unscheduled,False,False
3829434,2015-08-22,7,Ligue 1,27,2015/2016,male,2736,Bastia,142,Guingamp,3,0,available,unscheduled,False,False
3829432,2015-08-16,7,Ligue 1,27,2015/2016,male,131,Paris Saint-Germain,160,Gazélec Ajaccio,2,0,available,unscheduled,False,False
3829431,2015-08-16,7,Ligue 1,27,2015/2016,male,165,Lorient,2736,Bastia,1,1,available,unscheduled,False,False
3829430,2015-08-16,7,Ligue 1,27,2015/2016,male,156,Stade de Reims,147,Olympique de Marseille,1,0,available,unscheduled,False,False
3829429,2015-08-15,7,Ligue 1,27,2015/2016,male,134,Rennes,139,Montpellier,1,0,available,unscheduled,False,False
3829427,2015-08-15,7,Ligue 1,27,2015/2016,male,133,Troyes,136,OGC Nice,3,3,available,unscheduled,False,False
3829426,2015-08-15,7,Ligue 1,27,2015/2016,male,142,Guingamp,137,Lyon,0,1,available,unscheduled,False,False
3829425,2015-08-15,7,Ligue 1,27,2015/2016,male,145,Angers,144,Nantes,0,0,available,unscheduled,False,False
3829424,2015-08-15,7,Ligue 1,27,2015/2016,male,135,Saint-Étienne,146,Bordeaux,1,1,available,unscheduled,False,False
3829423,2015-08-14,7,Ligue 1,27,2015/2016,male,129,AS Monaco,143,Lille,0,0,available,unscheduled,False,False
3829422,2015-08-09,7,Ligue 1,27,2015/2016,male,137,Lyon,165,Lorient,0,0,available,unscheduled,False,False
3829421,2015-08-09,7,Ligue 1,27,2015/2016,male,130,Toulouse,135,Saint-Étienne,2,1,available,unscheduled,False,False
3829420,2015-08-09,7,Ligue 1,27,2015/2016,male,146,Bordeaux,156,Stade de Reims,1,2,available,unscheduled,False,False
3829419,2015-08-08,7,Ligue 1,27,2015/2016,male,139,Montpellier,145,Angers,0,2,available,unscheduled,False,False
3829418,2015-08-08,7,Ligue 1,27,2015/2016,male,144,Nantes,142,Guingamp,1,0,available,unscheduled,False,False
3829417,2015-08-08,7,Ligue 1,27,2015/2016,male,133,Troyes,160,Gazélec Ajaccio,0,0,available,unscheduled,False,False
3829415,2015-08-08,7,Ligue 1,27,2015/2016,male,2736,Bastia,134,Rennes,2,1,available,unscheduled,False,False
3877115,2023-09-21,44,Major League Soccer,107,2023,male,1975,Inter Miami,575,Toronto FC,4,0,available,available,True,True
3877170,2023-10-08,44,Major League Soccer,107,2023,male,1975,Inter Miami,489,Cincinnati,0,1,available,available,True,True
3877060,2023-08-27,44,Major League Soccer,107,2023,male,387,New York Red Bulls,1975,Inter Miami,0,2,available,available,True,True
3877090,2023-09-04,44,Major League Soccer,107,2023,male,919,LAFC,1975,Inter Miami,1,3,available,available,True,True
3877194,2023-10-22,44,Major League Soccer,107,2023,male,8070,Charlotte,1975,Inter Miami,1,0,available,available,True,True
3877072,2023-08-31,44,Major League Soccer,107,2023,male,1975,Inter Miami,1938,Nashville SC,0,0,available,available,True,True
3750234,1977-08-28,116,North American League,68,1977,male,2735,NY Cosmos,488,Seattle Sounders,2,1,available,scheduled,False,False
3881583,2023-08-27,49,NWSL,107,2023,female,762,Houston Dash,5106,KC Current,1,1,available,unscheduled,False,False
3881524,2023-05-14,49,NWSL,107,2023,female,5106,KC Current,9101,San Diego Wave,0,2,available,unscheduled,False,False
3881501,2023-04-23,49,NWSL,107,2023,female,5106,KC Current,764,Orlando Pride,2,0,available,unscheduled,False,False
3881512,2023-04-30,49,NWSL,107,2023,female,5106,KC Current,763,NJ/NY Gotham FC,2,0,available,unscheduled,False,False
3881540,2023-06-04,49,NWSL,107,2023,female,5106,KC Current,766,North Carolina Courage,1,0,available,unscheduled,False,False
3881551,2023-06-18,49,NWSL,107,2023,female,766,North Carolina Courage,764,Orlando Pride,3,0,available,unscheduled,False,False
3881536,2023-05-29,49,NWSL,107,2023,female,759,Washington Spirit,763,NJ/NY Gotham FC,1,1,available,unscheduled,False,False
3881608,2023-10-09,49,NWSL,107,2023,female,762,Houston Dash,9100,Angel City,1,2,available,unscheduled,False,False
3881591,2023-09-16,49,NWSL,107,2023,female,5105,Racing Louisville FC,762,Houston Dash,0,1,available,unscheduled,False,False
3881599,2023-09-30,49,NWSL,107,2023,female,759,Washington Spirit,5106,KC Current,2,1,available,unscheduled,False,False
3915998,2023-11-12,49,NWSL,107,2023,female,760,Seattle Reign,763,NJ/NY Gotham FC,1,2,available,unscheduled,False,False
3881606,2023-10-08,49,NWSL,107,2023,female,766,North Carolina Courage,9101,San Diego Wave,0,0,available,unscheduled,False,False
3881596,2023-09-18,49,NWSL,107,2023,female,761,Chicago Red Stars,9100,Angel City,2,2,available,unscheduled,False,False
3915111,2023-11-06,49,NWSL,107,2023,female,765,Portland Thorns,763,NJ/NY Gotham FC,0,1,available,unscheduled,False,False
3915110,2023-11-06,49,NWSL,107,2023,female,9101,San Diego Wave,760,Seattle Reign,0,1,available,unscheduled,False,False
3914645,2023-10-23,49,NWSL,107,2023,female,766,North Carolina Courage,763,NJ/NY Gotham FC,0,2,available,unscheduled,False,False
3914644,2023-10-21,49,NWSL,107,2023,female,760,Seattle Reign,9100,Angel City,1,0,available,unscheduled,False,False
3881613,2023-10-16,49,NWSL,107,2023,female,759,Washington Spirit,766,North Carolina Courage,0,1,available,unscheduled,False,False
3881609,2023-10-16,49,NWSL,107,2023,female,9100,Angel City,765,Portland Thorns,5,1,available,unscheduled,False,False
3881600,2023-10-01,49,NWSL,107,2023,female,765,Portland Thorns,9101,San Diego Wave,0,2,available,unscheduled,False,False
3881598,2023-10-01,49,NWSL,107,2023,female,761,Chicago Red Stars,5105,Racing Louisville FC,1,0,available,unscheduled,False,False
3881589,2023-09-04,49,NWSL,107,2023,female,9101,San Diego Wave,762,Houston Dash,1,0,available,unscheduled,False,False
3881584,2023-08-28,49,NWSL,107,2023,female,9100,Angel City,760,Seattle Reign,2,1,available,unscheduled,False,False
3881572,2023-07-10,49,NWSL,107,2023,female,9100,Angel City,766,North Carolina Courage,2,1,available,unscheduled,False,False
3881566,2023-07-02,49,NWSL,107,2023,female,759,Washington Spirit,764,Orlando Pride,0,3,available,unscheduled,False,False
3881565,2023-07-02,49,NWSL,107,2023,female,766,North Carolina Courage,762,Houston Dash,1,0,available,unscheduled,False,False
3881563,2023-07-02,49,NWSL,107,2023,female,765,Portland Thorns,5106,KC Current,0,1,available,unscheduled,False,False
3881564,2023-07-02,49,NWSL,107,2023,female,761,Chicago Red Stars,9101,San Diego Wave,1,0,available,unscheduled,False,False
3881560,2023-06-26,49,NWSL,107,2023,female,9100,Angel City,762,Houston Dash,0,0,available,unscheduled,False,False
3881549,2023-06-17,49,NWSL,107,2023,female,9101,San Diego Wave,9100,Angel City,1,2,available,unscheduled,False,False
3881546,2023-06-11,49,NWSL,107,2023,female,759,Washington Spirit,9100,Angel City,2,1,available,unscheduled,False,False
3881529,2023-05-21,49,NWSL,107,2023,female,762,Houston Dash,9101,San Diego Wave,0,3,available,unscheduled,False,False
3881535,2023-05-28,49,NWSL,107,2023,female,5105,Racing Louisville FC,766,North Carolina Courage,1,2,available,unscheduled,False,False
3881528,2023-05-21,49,NWSL,107,2023,female,5106,KC Current,5105,Racing Louisville FC,0,2,available,unscheduled,False,False
3881519,2023-05-13,49,NWSL,107,2023,female,762,Houston Dash,765,Portland Thorns,2,1,available,unscheduled,False,False
3881523,2023-05-15,49,NWSL,107,2023,female,763,NJ/NY Gotham FC,764,Orlando Pride,0,0,available,unscheduled,False,False
3881515,2023-05-07,49,NWSL,107,2023,female,764,Orlando Pride,5105,Racing Louisville FC,1,0,available,unscheduled,False,False
3881508,2023-04-30,49,NWSL,107,2023,female,5105,Racing Louisville FC,760,Seattle Reign,2,2,available,unscheduled,False,False
3881507,2023-04-29,49,NWSL,107,2023,female,762,Houston Dash,766,North Carolina Courage,0,1,available,unscheduled,False,False
3881537,2023-06-04,49,NWSL,107,2023,female,759,Washington Spirit,5105,Racing Louisville FC,1,1,available,unscheduled,False,False
3881579,2023-08-26,49,NWSL,107,2023,female,764,Orlando Pride,9101,San Diego Wave,1,2,available,unscheduled,False,False
3881578,2023-08-21,49,NWSL,107,2023,female,765,Portland Thorns,766,North Carolina Courage,2,1,available,unscheduled,False,False
3881577,2023-08-21,49,NWSL,107,2023,female,764,Orlando Pride,761,Chicago Red Stars,5,0,available,unscheduled,False,False
3881574,2023-08-20,49,NWSL,107,2023,female,9101,San Diego Wave,763,NJ/NY Gotham FC,2,1,available,unscheduled,False,False
3881576,2023-08-20,49,NWSL,107,2023,female,5105,Racing Louisville FC,9100,Angel City,1,1,available,unscheduled,False,False
3881550,2023-06-18,49,NWSL,107,2023,female,5105,Racing Louisville FC,763,NJ/NY Gotham FC,2,0,available,unscheduled,False,False
3881548,2023-06-12,49,NWSL,107,2023,female,762,Houston Dash,763,NJ/NY Gotham FC,1,1,available,unscheduled,False,False
3881547,2023-06-12,49,NWSL,107,2023,female,764,Orlando Pride,765,Portland Thorns,3,1,available,unscheduled,False,False
3881545,2023-06-11,49,NWSL,107,2023,female,760,Seattle Reign,5106,KC Current,2,1,available,unscheduled,False,False
3881544,2023-06-10,49,NWSL,107,2023,female,5105,Racing Louisville FC,9101,San Diego Wave,0,0,available,unscheduled,False,False
3881542,2023-06-06,49,NWSL,107,2023,female,9100,Angel City,761,Chicago Red Stars,1,2,available,unscheduled,False,False
3881539,2023-06-05,49,NWSL,107,2023,female,763,NJ/NY Gotham FC,9101,San Diego Wave,0,1,available,unscheduled,False,False
3881541,2023-06-04,49,NWSL,107,2023,female,762,Houston Dash,764,Orlando Pride,2,0,available,unscheduled,False,False
3881538,2023-06-04,49,NWSL,107,2023,female,760,Seattle Reign,765,Portland Thorns,0,2,available,unscheduled,False,False
3881534,2023-05-28,49,NWSL,107,2023,female,761,Chicago Red Stars,764,Orlando Pride,1,0,available,unscheduled,False,False
3881531,2023-05-27,49,NWSL,107,2023,female,5106,KC Current,762,Houston Dash,0,2,available,unscheduled,False,False
3881532,2023-05-27,49,NWSL,107,2023,female,9101,San Diego Wave,765,Portland Thorns,1,1,available,unscheduled,False,False
3881533,2023-05-27,49,NWSL,107,2023,female,760,Seattle Reign,9100,Angel City,4,1,available,unscheduled,False,False
3881525,2023-05-22,49,NWSL,107,2023,female,765,Portland Thorns,761,Chicago Red Stars,4,0,available,unscheduled,False,False
3881526,2023-05-21,49,NWSL,107,2023,female,766,North Carolina Courage,9100,Angel City,0,0,available,unscheduled,False,False
3881527,2023-05-21,49,NWSL,107,2023,female,764,Orlando Pride,759,Washington Spirit,2,1,available,unscheduled,False,False
3881522,2023-05-14,49,NWSL,107,2023,female,9100,Angel City,759,Washington Spirit,0,1,available,unscheduled,False,False
3881521,2023-05-14,49,NWSL,107,2023,female,766,North Carolina Courage,760,Seattle Reign,1,0,available,unscheduled,False,False
3881520,2023-05-13,49,NWSL,107,2023,female,5105,Racing Louisville FC,761,Chicago Red Stars,3,0,available,unscheduled,False,False
3881517,2023-05-08,49,NWSL,107,2023,female,9100,Angel City,5106,KC Current,3,2,available,unscheduled,False,False
3881516,2023-05-07,49,NWSL,107,2023,female,766,North Carolina Courage,765,Portland Thorns,3,3,available,unscheduled,False,False
3881514,2023-05-07,49,NWSL,107,2023,female,760,Seattle Reign,762,Houston Dash,2,0,available,unscheduled,False,False
3881513,2023-05-06,49,NWSL,107,2023,female,759,Washington Spirit,9101,San Diego Wave,3,1,available,unscheduled,False,False
3881505,2023-04-23,49,NWSL,107,2023,female,759,Washington Spirit,762,Houston Dash,0,0,available,unscheduled,False,False
3881500,2023-04-16,49,NWSL,107,2023,female,760,Seattle Reign,9101,San Diego Wave,1,0,available,unscheduled,False,False
3881494,2023-04-02,49,NWSL,107,2023,female,764,Orlando Pride,9100,Angel City,1,2,available,unscheduled,False,False
3881614,2023-10-16,49,NWSL,107,2023,female,9101,San Diego Wave,5105,Racing Louisville FC,2,0,available,unscheduled,False,False
3881612,2023-10-15,49,NWSL,107,2023,female,763,NJ/NY Gotham FC,5106,KC Current,2,2,available,unscheduled,False,False
3881611,2023-10-16,49,NWSL,107,2023,female,761,Chicago Red Stars,760,Seattle Reign,0,3,available,unscheduled,False,False
3881610,2023-10-16,49,NWSL,107,2023,female,764,Orlando Pride,762,Houston Dash,1,0,available,unscheduled,False,False
3881607,2023-10-08,49,NWSL,107,2023,female,5106,KC Current,761,Chicago Red Stars,6,3,available,unscheduled,False,False
3881605,2023-10-07,49,NWSL,107,2023,female,760,Seattle Reign,759,Washington Spirit,0,0,available,unscheduled,False,False
3881604,2023-10-07,49,NWSL,107,2023,female,5105,Racing Louisville FC,764,Orlando Pride,3,2,available,unscheduled,False,False
3881603,2023-10-08,49,NWSL,107,2023,female,765,Portland Thorns,763,NJ/NY Gotham FC,1,0,available,unscheduled,False,False
3881602,2023-10-02,49,NWSL,107,2023,female,760,Seattle Reign,766,North Carolina Courage,1,1,available,unscheduled,False,False
3881601,2023-10-02,49,NWSL,107,2023,female,763,NJ/NY Gotham FC,762,Houston Dash,0,2,available,unscheduled,False,False
3881597,2023-10-03,49,NWSL,107,2023,female,9100,Angel City,764,Orlando Pride,0,1,available,unscheduled,False,False
3881595,2023-09-18,49,NWSL,107,2023,female,764,Orlando Pride,766,North Carolina Courage,2,1,available,unscheduled,False,False
3881594,2023-09-17,49,NWSL,107,2023,female,763,NJ/NY Gotham FC,759,Washington Spirit,2,0,available,unscheduled,False,False
3881593,2023-09-17,49,NWSL,107,2023,female,765,Portland Thorns,760,Seattle Reign,2,0,available,unscheduled,False,False
3881592,2023-09-17,49,NWSL,107,2023,female,9101,San Diego Wave,5106,KC Current,1,2,available,unscheduled,False,False
3881590,2023-09-04,49,NWSL,107,2023,female,760,Seattle Reign,764,Orlando Pride,1,0,available,unscheduled,False,False
3881588,2023-09-03,49,NWSL,107,2023,female,766,North Carolina Courage,763,NJ/NY Gotham FC,3,3,available,unscheduled,False,False
3881587,2023-09-04,49,NWSL,107,2023,female,759,Washington Spirit,761,Chicago Red Stars,0,2,available,unscheduled,False,False
3881586,2023-09-03,49,NWSL,107,2023,female,5105,Racing Louisville FC,765,Portland Thorns,2,1,available,unscheduled,False,False
3881585,2023-09-02,49,NWSL,107,2023,female,5106,KC Current,9100,Angel City,0,1,available,unscheduled,False,False
3881582,2023-08-27,49,NWSL,107,2023,female,766,North Carolina Courage,761,Chicago Red Stars,1,1,available,unscheduled,False,False
3881581,2023-08-28,49,NWSL,107,2023,female,763,NJ/NY Gotham FC,5105,Racing Louisville FC,0,0,available,unscheduled,False,False
3881580,2023-08-28,49,NWSL,107,2023,female,759,Washington Spirit,765,Portland Thorns,1,1,available,unscheduled,False,False
3881575,2023-08-20,49,NWSL,107,2023,female,762,Houston Dash,759,Washington Spirit,1,1,available,unscheduled,False,False
3881573,2023-08-19,49,NWSL,107,2023,female,5106,KC Current,760,Seattle Reign,1,0,available,unscheduled,False,False
3881571,2023-07-09,49,NWSL,107,2023,female,9101,San Diego Wave,759,Washington Spirit,2,2,available,unscheduled,False,False
3881570,2023-07-10,49,NWSL,107,2023,female,763,NJ/NY Gotham FC,765,Portland Thorns,2,1,available,unscheduled,False,False
3881569,2023-07-08,49,NWSL,107,2023,female,764,Orlando Pride,760,Seattle Reign,1,0,available,unscheduled,False,False
3881568,2023-07-08,49,NWSL,107,2023,female,5105,Racing Louisville FC,5106,KC Current,2,1,available,unscheduled,False,False
3881567,2023-07-08,49,NWSL,107,2023,female,762,Houston Dash,761,Chicago Red Stars,0,1,available,unscheduled,False,False
3881562,2023-07-03,49,NWSL,107,2023,female,763,NJ/NY Gotham FC,9100,Angel City,0,0,available,unscheduled,False,False
3881561,2023-07-01,49,NWSL,107,2023,female,760,Seattle Reign,5105,Racing Louisville FC,2,2,available,unscheduled,False,False
3881559,2023-06-26,49,NWSL,107,2023,female,763,NJ/NY Gotham FC,761,Chicago Red Stars,2,1,available,unscheduled,False,False
3881558,2023-06-24,49,NWSL,107,2023,female,764,Orlando Pride,5106,KC Current,1,2,available,unscheduled,False,False
3881557,2023-06-25,49,NWSL,107,2023,female,766,North Carolina Courage,5105,Racing Louisville FC,1,0,available,unscheduled,False,False
3881556,2023-06-25,49,NWSL,107,2023,female,9101,San Diego Wave,760,Seattle Reign,1,2,available,unscheduled,False,False
3881555,2023-06-24,49,NWSL,107,2023,female,765,Portland Thorns,759,Washington Spirit,4,2,available,unscheduled,False,False
3881554,2023-06-19,49,NWSL,107,2023,female,761,Chicago Red Stars,765,Portland Thorns,2,3,available,unscheduled,False,False
3881553,2023-06-18,49,NWSL,107,2023,female,5106,KC Current,759,Washington Spirit,2,3,available,unscheduled,False,False
3881552,2023-06-18,49,NWSL,107,2023,female,762,Houston Dash,760,Seattle Reign,0,0,available,unscheduled,False,False
3881543,2023-06-11,49,NWSL,107,2023,female,761,Chicago Red Stars,766,North Carolina Courage,0,5,available,unscheduled,False,False
3881530,2023-05-22,49,NWSL,107,2023,female,760,Seattle Reign,763,NJ/NY Gotham FC,1,4,available,unscheduled,False,False
3881518,2023-05-08,49,NWSL,107,2023,female,761,Chicago Red Stars,763,NJ/NY Gotham FC,1,2,available,unscheduled,False,False
3881511,2023-04-30,49,NWSL,107,2023,female,761,Chicago Red Stars,759,Washington Spirit,1,1,available,unscheduled,False,False
3881510,2023-04-30,49,NWSL,107,2023,female,9101,San Diego Wave,764,Orlando Pride,1,3,available,unscheduled,False,False
3881509,2023-04-30,49,NWSL,107,2023,female,765,Portland Thorns,9100,Angel City,3,3,available,unscheduled,False,False
3881506,2023-04-24,49,NWSL,107,2023,female,9100,Angel City,9101,San Diego Wave,0,2,available,unscheduled,False,False
3881504,2023-04-23,49,NWSL,107,2023,female,765,Portland Thorns,5105,Racing Louisville FC,2,0,available,unscheduled,False,False
3881503,2023-04-23,49,NWSL,107,2023,female,763,NJ/NY Gotham FC,766,North Carolina Courage,1,0,available,unscheduled,False,False
3881502,2023-04-22,49,NWSL,107,2023,female,760,Seattle Reign,761,Chicago Red Stars,5,2,available,unscheduled,False,False
3881499,2023-04-16,49,NWSL,107,2023,female,9100,Angel City,5105,Racing Louisville FC,2,2,available,unscheduled,False,False
3881498,2023-04-16,49,NWSL,107,2023,female,761,Chicago Red Stars,5106,KC Current,4,2,available,unscheduled,False,False
3881497,2023-04-16,49,NWSL,107,2023,female,764,Orlando Pride,763,NJ/NY Gotham FC,0,2,available,unscheduled,False,False
3881496,2023-04-16,49,NWSL,107,2023,female,766,North Carolina Courage,759,Washington Spirit,1,2,available,unscheduled,False,False
3881495,2023-04-15,49,NWSL,107,2023,female,765,Portland Thorns,762,Houston Dash,1,1,available,unscheduled,False,False
3881493,2023-04-02,49,NWSL,107,2023,female,9101,San Diego Wave,766,North Carolina Courage,3,1,available,unscheduled,False,False
3881492,2023-04-02,49,NWSL,107,2023,female,763,NJ/NY Gotham FC,760,Seattle Reign,0,2,available,unscheduled,False,False
3881491,2023-04-01,49,NWSL,107,2023,female,5105,Racing Louisville FC,759,Washington Spirit,2,2,available,unscheduled,False,False
3881490,2023-04-01,49,NWSL,107,2023,female,761,Chicago Red Stars,762,Houston Dash,1,2,available,unscheduled,False,False
3881489,2023-04-01,49,NWSL,107,2023,female,5106,KC Current,765,Portland Thorns,1,4,available,unscheduled,False,False
3881488,2023-03-27,49,NWSL,107,2023,female,9100,Angel City,763,NJ/NY Gotham FC,1,2,available,unscheduled,False,False
3881487,2023-03-27,49,NWSL,107,2023,female,762,Houston Dash,5105,Racing Louisville FC,0,0,available,unscheduled,False,False
3881486,2023-03-26,49,NWSL,107,2023,female,765,Portland Thorns,764,Orlando Pride,4,0,available,unscheduled,False,False
3881485,2023-03-26,49,NWSL,107,2023,female,759,Washington Spirit,760,Seattle Reign,1,0,available,unscheduled,False,False
3881484,2023-03-26,49,NWSL,107,2023,female,9101,San Diego Wave,761,Chicago Red Stars,3,2,available,unscheduled,False,False
3881483,2023-03-25,49,NWSL,107,2023,female,766,North Carolina Courage,5106,KC Current,1,0,available,unscheduled,False,False
7476,2018-07-08,49,NWSL,3,2018,female,763,NJ/NY Gotham FC,761,Chicago Red Stars,1,3,available,scheduled,False,False
7482,2018-07-12,49,NWSL,3,2018,female,766,North Carolina Courage,759,Washington Spirit,2,0,available,scheduled,False,False
7494,2018-08-06,49,NWSL,3,2018,female,762,Houston Dash,767,Utah Royals,1,2,available,scheduled,False,False
7486,2018-07-16,49,NWSL,3,2018,female,765,Portland Thorns,762,Houston Dash,3,1,available,scheduled,False,False
7497,2018-08-11,49,NWSL,3,2018,female,761,Chicago Red Stars,766,North Carolina Courage,1,1,available,scheduled,False,False
7430,2018-04-15,49,NWSL,3,2018,female,759,Washington Spirit,766,North Carolina Courage,2,4,available,scheduled,False,False
7444,2018-05-06,49,NWSL,3,2018,female,766,North Carolina Courage,761,Chicago Red Stars,1,1,available,scheduled,False,False
7443,2018-05-05,49,NWSL,3,2018,female,765,Portland Thorns,760,Seattle Reign,2,3,available,scheduled,False,False
7521,2018-06-03,49,NWSL,3,2018,female,763,NJ/NY Gotham FC,767,Utah Royals,1,2,available,scheduled,False,False
7492,2018-08-06,49,NWSL,3,2018,female,764,Orlando Pride,763,NJ/NY Gotham FC,2,2,available,scheduled,False,False
7524,2018-07-12,49,NWSL,3,2018,female,762,Houston Dash,764,Orlando Pride,3,1,available,scheduled,False,False
7496,2018-08-09,49,NWSL,3,2018,female,767,Utah Royals,759,Washington Spirit,1,0,available,scheduled,False,False
7523,2018-06-04,49,NWSL,3,2018,female,760,Seattle Reign,764,Orlando Pride,0,0,available,scheduled,False,False
7520,2018-06-03,49,NWSL,3,2018,female,759,Washington Spirit,761,Chicago Red Stars,0,2,available,scheduled,False,False
7493,2018-08-06,49,NWSL,3,2018,female,760,Seattle Reign,759,Washington Spirit,2,0,available,scheduled,False,False
7500,2018-08-12,49,NWSL,3,2018,female,764,Orlando Pride,765,Portland Thorns,0,2,available,scheduled,False,False
7519,2018-05-31,49,NWSL,3,2018,female,765,Portland Thorns,766,North Carolina Courage,1,4,available,scheduled,False,False
7473,2018-07-01,49,NWSL,3,2018,female,767,Utah Royals,763,NJ/NY Gotham FC,3,1,available,scheduled,False,False
7522,2018-06-04,49,NWSL,3,2018,female,762,Houston Dash,766,North Carolina Courage,1,1,available,scheduled,False,False
7484,2018-07-15,49,NWSL,3,2018,female,763,NJ/NY Gotham FC,766,North Carolina Courage,0,4,available,scheduled,False,False
7475,2018-07-05,49,NWSL,3,2018,female,766,North Carolina Courage,761,Chicago Red Stars,4,1,available,scheduled,False,False
7457,2018-05-24,49,NWSL,3,2018,female,764,Orlando Pride,766,North Carolina Courage,3,4,available,scheduled,False,False
7445,2018-05-06,49,NWSL,3,2018,female,767,Utah Royals,759,Washington Spirit,2,0,available,scheduled,False,False
7490,2018-07-22,49,NWSL,3,2018,female,763,NJ/NY Gotham FC,765,Portland Thorns,1,2,available,scheduled,False,False
7479,2018-07-08,49,NWSL,3,2018,female,764,Orlando Pride,759,Washington Spirit,2,1,available,scheduled,False,False
7478,2018-07-08,49,NWSL,3,2018,female,760,Seattle Reign,762,Houston Dash,3,1,available,scheduled,False,False
7456,2018-05-20,49,NWSL,3,2018,female,763,NJ/NY Gotham FC,766,North Carolina Courage,1,2,available,scheduled,False,False
7471,2018-06-30,49,NWSL,3,2018,female,764,Orlando Pride,766,North Carolina Courage,0,3,available,scheduled,False,False
7477,2018-07-07,49,NWSL,3,2018,female,765,Portland Thorns,767,Utah Royals,4,0,available,scheduled,False,False
7472,2018-07-01,49,NWSL,3,2018,female,760,Seattle Reign,765,Portland Thorns,1,0,available,scheduled,False,False
7474,2018-07-02,49,NWSL,3,2018,female,761,Chicago Red Stars,759,Washington Spirit,2,0,available,scheduled,False,False
7487,2018-07-21,49,NWSL,3,2018,female,767,Utah Royals,766,North Carolina Courage,0,0,available,scheduled,False,False
7485,2018-07-15,49,NWSL,3,2018,female,761,Chicago Red Stars,760,Seattle Reign,1,0,available,scheduled,False,False
7483,2018-07-15,49,NWSL,3,2018,female,767,Utah Royals,764,Orlando Pride,1,2,available,scheduled,False,False
7451,2018-05-13,49,NWSL,3,2018,female,766,North Carolina Courage,759,Washington Spirit,1,0,available,scheduled,False,False
7480,2018-07-12,49,NWSL,3,2018,female,760,Seattle Reign,767,Utah Royals,1,0,available,scheduled,False,False
3754217,2015-09-19,2,Premier League,27,2015/2016,male,33,Chelsea,1,Arsenal,2,0,available,scheduled,False,False
3754117,2015-12-13,2,Premier League,27,2015/2016,male,59,Aston Villa,1,Arsenal,0,2,available,scheduled,False,False
3754296,2015-12-21,2,Premier League,27,2015/2016,male,1,Arsenal,36,Manchester City,2,1,available,scheduled,False,False
3753983,2015-10-31,2,Premier League,27,2015/2016,male,26,Swansea City,1,Arsenal,0,3,available,scheduled,False,False
3754160,2015-12-05,2,Premier League,27,2015/2016,male,1,Arsenal,41,Sunderland,3,1,available,scheduled,False,False
3754129,2015-08-24,2,Premier League,27,2015/2016,male,1,Arsenal,24,Liverpool,0,0,available,scheduled,False,False
3754309,2015-12-26,2,Premier League,27,2015/2016,male,25,Southampton,1,Arsenal,4,0,available,scheduled,False,False
3754047,2015-11-29,2,Premier League,27,2015/2016,male,24,Liverpool,26,Swansea City,1,0,available,scheduled,False,False
3754058,2016-01-02,2,Premier League,27,2015/2016,male,22,Leicester City,28,AFC Bournemouth,0,0,available,processing,False,False
3754245,2015-10-17,2,Premier League,27,2015/2016,male,27,West Bromwich Albion,41,Sunderland,1,0,available,scheduled,False,False
3754136,2015-12-19,2,Premier League,27,2015/2016,male,37,Newcastle United,59,Aston Villa,1,1,available,scheduled,False,False
3754037,2016-04-30,2,Premier League,27,2015/2016,male,29,Everton,28,AFC Bournemouth,2,1,available,processing,False,False
3754039,2016-02-13,2,Premier League,27,2015/2016,male,31,Crystal Palace,23,Watford,1,2,available,processing,False,False
3754041,2016-05-15,2,Premier League,27,2015/2016,male,1,Arsenal,59,Aston Villa,4,0,available,processing,False,False
3754042,2016-05-15,2,Premier League,27,2015/2016,male,27,West Bromwich Albion,24,Liverpool,1,1,available,processing,False,False
3754043,2016-03-20,2,Premier League,27,2015/2016,male,38,Tottenham Hotspur,28,AFC Bournemouth,3,0,available,processing,False,False
3754045,2015-12-29,2,Premier League,27,2015/2016,male,22,Leicester City,36,Manchester City,0,0,available,processing,False,False
3754048,2016-04-13,2,Premier League,27,2015/2016,male,31,Crystal Palace,29,Everton,0,0,available,processing,False,False
3754049,2016-02-27,2,Premier League,27,2015/2016,male,22,Leicester City,56,Norwich City,1,0,available,processing,False,False
3754050,2016-03-01,2,Premier League,27,2015/2016,male,41,Sunderland,31,Crystal Palace,2,2,available,processing,False,False
3754052,2016-03-19,2,Premier League,27,2015/2016,male,27,West Bromwich Albion,56,Norwich City,0,1,available,processing,False,False
3754053,2016-03-13,2,Premier League,27,2015/2016,male,59,Aston Villa,38,Tottenham Hotspur,0,2,available,processing,False,False
3754055,2016-05-11,2,Premier League,27,2015/2016,male,24,Liverpool,33,Chelsea,1,1,available,processing,False,False
3754226,2015-12-30,2,Premier League,27,2015/2016,male,41,Sunderland,24,Liverpool,0,1,available,processing,False,False
3754014,2015-12-26,2,Premier League,27,2015/2016,male,30,Stoke City,39,Manchester United,2,0,available,scheduled,False,False
3754091,2015-10-24,2,Premier League,27,2015/2016,male,30,Stoke City,23,Watford,0,2,available,scheduled,False,False
3754135,2015-12-05,2,Premier League,27,2015/2016,male,30,Stoke City,36,Manchester City,2,0,available,scheduled,False,False
3754293,2015-11-07,2,Premier League,27,2015/2016,male,30,Stoke City,33,Chelsea,1,0,available,scheduled,False,False
3754339,2015-09-26,2,Premier League,27,2015/2016,male,30,Stoke City,28,AFC Bournemouth,2,1,available,scheduled,False,False
3754146,2015-09-19,2,Premier League,27,2015/2016,male,30,Stoke City,22,Leicester City,2,2,available,scheduled,False,False
3754347,2015-12-05,2,Premier League,27,2015/2016,male,39,Manchester United,40,West Ham United,0,0,available,scheduled,False,False
3754255,2015-12-13,2,Premier League,27,2015/2016,male,24,Liverpool,27,West Bromwich Albion,2,2,available,scheduled,False,False
3754278,2015-10-03,2,Premier League,27,2015/2016,male,28,AFC Bournemouth,23,Watford,1,1,available,scheduled,False,False
3753979,2015-11-23,2,Premier League,27,2015/2016,male,31,Crystal Palace,41,Sunderland,0,1,available,scheduled,False,False
3753972,2015-11-21,2,Premier League,27,2015/2016,male,26,Swansea City,28,AFC Bournemouth,2,2,available,scheduled,False,False
3753978,2015-09-26,2,Premier League,27,2015/2016,male,25,Southampton,26,Swansea City,3,1,available,scheduled,False,False
3753974,2015-12-26,2,Premier League,27,2015/2016,male,37,Newcastle United,29,Everton,0,1,available,scheduled,False,False
3753993,2015-08-15,2,Premier League,27,2015/2016,male,41,Sunderland,56,Norwich City,1,3,available,scheduled,False,False
3754015,2015-10-25,2,Premier League,27,2015/2016,male,39,Manchester United,36,Manchester City,0,0,available,scheduled,False,False
3754038,2015-11-29,2,Premier League,27,2015/2016,male,56,Norwich City,1,Arsenal,1,1,available,scheduled,False,False
3754001,2015-09-26,2,Premier League,27,2015/2016,male,37,Newcastle United,33,Chelsea,2,2,available,scheduled,False,False
3754007,2015-08-29,2,Premier League,27,2015/2016,male,30,Stoke City,27,West Bromwich Albion,0,1,available,scheduled,False,False
3754008,2015-09-26,2,Premier League,27,2015/2016,male,39,Manchester United,41,Sunderland,3,0,available,scheduled,False,False
3754029,2015-11-02,2,Premier League,27,2015/2016,male,38,Tottenham Hotspur,59,Aston Villa,3,1,available,scheduled,False,False
3753995,2015-10-03,2,Premier League,27,2015/2016,male,33,Chelsea,25,Southampton,1,3,available,scheduled,False,False
3753999,2015-10-17,2,Premier League,27,2015/2016,male,23,Watford,1,Arsenal,0,3,available,scheduled,False,False
3754017,2015-10-24,2,Premier League,27,2015/2016,male,59,Aston Villa,26,Swansea City,1,2,available,scheduled,False,False
3754006,2015-10-31,2,Premier League,27,2015/2016,male,27,West Bromwich Albion,22,Leicester City,2,3,available,scheduled,False,False
3754023,2015-08-29,2,Premier League,27,2015/2016,male,28,AFC Bournemouth,22,Leicester City,1,1,available,scheduled,False,False
3753984,2015-08-29,2,Premier League,27,2015/2016,male,24,Liverpool,40,West Ham United,0,3,available,scheduled,False,False
3754011,2015-09-20,2,Premier League,27,2015/2016,male,25,Southampton,39,Manchester United,2,3,available,scheduled,False,False
3754010,2015-09-19,2,Premier League,27,2015/2016,male,37,Newcastle United,23,Watford,1,2,available,scheduled,False,False
3754028,2015-11-28,2,Premier League,27,2015/2016,male,36,Manchester City,25,Southampton,3,1,available,scheduled,False,False
3753996,2015-11-21,2,Premier League,27,2015/2016,male,33,Chelsea,56,Norwich City,1,0,available,scheduled,False,False
3754025,2015-12-19,2,Premier League,27,2015/2016,male,33,Chelsea,41,Sunderland,3,1,available,scheduled,False,False
3754068,2015-09-19,2,Premier League,27,2015/2016,male,59,Aston Villa,27,West Bromwich Albion,0,1,available,scheduled,False,False
3754056,2015-12-28,2,Premier League,27,2015/2016,male,29,Everton,30,Stoke City,3,4,available,scheduled,False,False
3754040,2015-09-20,2,Premier League,27,2015/2016,male,24,Liverpool,56,Norwich City,1,1,available,scheduled,False,False
3754074,2015-10-04,2,Premier League,27,2015/2016,male,26,Swansea City,38,Tottenham Hotspur,2,2,available,scheduled,False,False
3754076,2015-10-03,2,Premier League,27,2015/2016,male,41,Sunderland,40,West Ham United,2,2,available,scheduled,False,False
3754067,2015-10-17,2,Premier League,27,2015/2016,male,31,Crystal Palace,40,West Ham United,1,3,available,scheduled,False,False
3754079,2015-10-03,2,Premier League,27,2015/2016,male,36,Manchester City,37,Newcastle United,6,1,available,scheduled,False,False
3754090,2015-10-31,2,Premier League,27,2015/2016,male,37,Newcastle United,30,Stoke City,0,0,available,scheduled,False,False
3754083,2015-08-29,2,Premier League,27,2015/2016,male,33,Chelsea,31,Crystal Palace,1,2,available,scheduled,False,False
3754077,2015-09-19,2,Premier League,27,2015/2016,male,36,Manchester City,40,West Ham United,1,2,available,scheduled,False,False
3754060,2015-10-04,2,Premier League,27,2015/2016,male,29,Everton,24,Liverpool,1,1,available,scheduled,False,False
3754073,2015-12-05,2,Premier League,27,2015/2016,male,33,Chelsea,28,AFC Bournemouth,0,1,available,scheduled,False,False
3754085,2015-12-05,2,Premier League,27,2015/2016,male,26,Swansea City,22,Leicester City,0,3,available,scheduled,False,False
3754051,2015-12-20,2,Premier League,27,2015/2016,male,23,Watford,24,Liverpool,3,0,available,scheduled,False,False
3754093,2015-11-29,2,Premier League,27,2015/2016,male,38,Tottenham Hotspur,33,Chelsea,0,0,available,scheduled,False,False
3754046,2015-12-07,2,Premier League,27,2015/2016,male,29,Everton,31,Crystal Palace,1,1,available,scheduled,False,False
3754072,2015-12-12,2,Premier League,27,2015/2016,male,41,Sunderland,23,Watford,0,1,available,scheduled,False,False
3754082,2015-11-01,2,Premier League,27,2015/2016,male,29,Everton,41,Sunderland,6,2,available,scheduled,False,False
3754106,2015-09-13,2,Premier League,27,2015/2016,male,22,Leicester City,59,Aston Villa,3,2,available,scheduled,False,False
3754099,2015-10-03,2,Premier League,27,2015/2016,male,31,Crystal Palace,27,West Bromwich Albion,2,0,available,scheduled,False,False
3754098,2015-10-31,2,Premier League,27,2015/2016,male,33,Chelsea,24,Liverpool,1,3,available,scheduled,False,False
3754057,2015-12-26,2,Premier League,27,2015/2016,male,38,Tottenham Hotspur,56,Norwich City,3,0,available,scheduled,False,False
3754112,2015-08-09,2,Premier League,27,2015/2016,male,37,Newcastle United,25,Southampton,2,2,available,scheduled,False,False
3754104,2015-08-22,2,Premier League,27,2015/2016,male,56,Norwich City,30,Stoke City,1,1,available,scheduled,False,False
3754054,2015-12-26,2,Premier League,27,2015/2016,male,36,Manchester City,41,Sunderland,4,1,available,scheduled,False,False
3754113,2015-12-05,2,Premier League,27,2015/2016,male,25,Southampton,59,Aston Villa,1,1,available,scheduled,False,False
3754107,2015-08-14,2,Premier League,27,2015/2016,male,59,Aston Villa,39,Manchester United,0,1,available,scheduled,False,False
3754105,2015-09-28,2,Premier League,27,2015/2016,male,27,West Bromwich Albion,29,Everton,2,3,available,scheduled,False,False
3754097,2015-08-08,2,Premier League,27,2015/2016,male,39,Manchester United,38,Tottenham Hotspur,1,0,available,scheduled,False,False
3754102,2015-10-18,2,Premier League,27,2015/2016,male,37,Newcastle United,56,Norwich City,6,2,available,scheduled,False,False
3754115,2015-10-17,2,Premier League,27,2015/2016,male,33,Chelsea,59,Aston Villa,2,0,available,scheduled,False,False
3754148,2015-09-13,2,Premier League,27,2015/2016,male,41,Sunderland,38,Tottenham Hotspur,0,1,available,scheduled,False,False
3754169,2015-09-19,2,Premier League,27,2015/2016,male,28,AFC Bournemouth,41,Sunderland,2,0,available,scheduled,False,False
3754174,2015-09-26,2,Premier League,27,2015/2016,male,22,Leicester City,1,Arsenal,2,5,available,scheduled,False,False
3754185,2015-11-21,2,Premier League,27,2015/2016,male,23,Watford,39,Manchester United,1,2,available,scheduled,False,False
3754162,2015-12-12,2,Premier League,27,2015/2016,male,28,AFC Bournemouth,39,Manchester United,2,1,available,scheduled,False,False
3754096,2015-12-12,2,Premier League,27,2015/2016,male,40,West Ham United,30,Stoke City,0,0,available,scheduled,False,False
3754171,2015-10-04,2,Premier League,27,2015/2016,male,1,Arsenal,39,Manchester United,3,0,available,scheduled,False,False
3754119,2015-10-25,2,Premier League,27,2015/2016,male,41,Sunderland,37,Newcastle United,3,0,available,scheduled,False,False
3754126,2015-10-24,2,Premier League,27,2015/2016,male,1,Arsenal,29,Everton,2,1,available,scheduled,False,False
3754133,2015-10-24,2,Premier League,27,2015/2016,male,56,Norwich City,27,West Bromwich Albion,0,1,available,scheduled,False,False
3754167,2015-10-31,2,Premier League,27,2015/2016,male,36,Manchester City,56,Norwich City,2,1,available,scheduled,False,False
3754145,2015-08-10,2,Premier League,27,2015/2016,male,27,West Bromwich Albion,36,Manchester City,0,3,available,scheduled,False,False
3754153,2015-12-19,2,Premier League,27,2015/2016,male,30,Stoke City,31,Crystal Palace,1,2,available,scheduled,False,False
3754143,2015-12-06,2,Premier League,27,2015/2016,male,37,Newcastle United,24,Liverpool,2,0,available,scheduled,False,False
3754186,2015-11-28,2,Premier League,27,2015/2016,male,22,Leicester City,39,Manchester United,1,1,available,scheduled,False,False
3754130,2015-12-28,2,Premier League,27,2015/2016,male,56,Norwich City,59,Aston Villa,2,0,available,scheduled,False,False
3754188,2015-12-19,2,Premier League,27,2015/2016,male,25,Southampton,38,Tottenham Hotspur,0,2,available,scheduled,False,False
3754178,2015-11-28,2,Premier League,27,2015/2016,male,59,Aston Villa,23,Watford,2,3,available,scheduled,False,False
3754157,2015-11-28,2,Premier League,27,2015/2016,male,28,AFC Bournemouth,29,Everton,3,3,available,scheduled,False,False
3754166,2015-12-19,2,Premier League,27,2015/2016,male,29,Everton,22,Leicester City,2,3,available,scheduled,False,False
3754211,2015-11-21,2,Premier League,27,2015/2016,male,37,Newcastle United,22,Leicester City,0,3,available,scheduled,False,False
3754150,2015-11-28,2,Premier League,27,2015/2016,male,41,Sunderland,30,Stoke City,2,0,available,scheduled,False,False
3754218,2015-12-12,2,Premier League,27,2015/2016,male,31,Crystal Palace,25,Southampton,1,0,available,scheduled,False,False
3754205,2015-08-29,2,Premier League,27,2015/2016,male,37,Newcastle United,1,Arsenal,0,1,available,scheduled,False,False
3754221,2015-08-30,2,Premier League,27,2015/2016,male,26,Swansea City,39,Manchester United,2,1,available,scheduled,False,False
3754198,2015-10-17,2,Premier League,27,2015/2016,male,38,Tottenham Hotspur,24,Liverpool,0,0,available,scheduled,False,False
3754193,2015-10-17,2,Premier League,27,2015/2016,male,36,Manchester City,28,AFC Bournemouth,5,1,available,scheduled,False,False
3754222,2015-09-20,2,Premier League,27,2015/2016,male,38,Tottenham Hotspur,31,Crystal Palace,1,0,available,scheduled,False,False
3754213,2015-09-12,2,Premier League,27,2015/2016,male,23,Watford,26,Swansea City,1,0,available,scheduled,False,False
3754212,2015-09-26,2,Premier League,27,2015/2016,male,24,Liverpool,59,Aston Villa,3,2,available,scheduled,False,False
3754223,2015-10-31,2,Premier League,27,2015/2016,male,31,Crystal Palace,39,Manchester United,0,0,available,scheduled,False,False
3754197,2015-09-26,2,Premier League,27,2015/2016,male,38,Tottenham Hotspur,36,Manchester City,4,1,available,scheduled,False,False
3754208,2015-11-21,2,Premier League,27,2015/2016,male,36,Manchester City,24,Liverpool,1,4,available,scheduled,False,False
3754204,2015-08-29,2,Premier League,27,2015/2016,male,59,Aston Villa,41,Sunderland,2,2,available,scheduled,False,False
3754194,2015-11-07,2,Premier League,27,2015/2016,male,40,West Ham United,29,Everton,1,1,available,scheduled,False,False
3754219,2015-12-19,2,Premier League,27,2015/2016,male,27,West Bromwich Albion,28,AFC Bournemouth,1,2,available,scheduled,False,False
3754254,2015-08-22,2,Premier League,27,2015/2016,male,39,Manchester United,37,Newcastle United,0,0,available,scheduled,False,False
3754230,2015-10-25,2,Premier League,27,2015/2016,male,24,Liverpool,25,Southampton,1,1,available,scheduled,False,False
3754285,2015-12-26,2,Premier League,27,2015/2016,male,59,Aston Villa,40,West Ham United,1,1,available,scheduled,False,False
3754233,2015-08-23,2,Premier League,27,2015/2016,male,29,Everton,36,Manchester City,0,2,available,scheduled,False,False
3754270,2015-08-15,2,Premier League,27,2015/2016,male,38,Tottenham Hotspur,30,Stoke City,2,2,available,scheduled,False,False
3754237,2015-08-08,2,Premier League,27,2015/2016,male,22,Leicester City,41,Sunderland,4,2,available,scheduled,False,False
3754257,2015-09-12,2,Premier League,27,2015/2016,male,31,Crystal Palace,36,Manchester City,0,1,available,scheduled,False,False
3754266,2015-09-27,2,Premier League,27,2015/2016,male,23,Watford,31,Crystal Palace,0,1,available,scheduled,False,False
3754256,2015-10-17,2,Premier League,27,2015/2016,male,29,Everton,39,Manchester United,0,3,available,scheduled,False,False
3754288,2015-10-24,2,Premier League,27,2015/2016,male,40,West Ham United,33,Chelsea,2,1,available,scheduled,False,False
3754238,2015-11-07,2,Premier League,27,2015/2016,male,28,AFC Bournemouth,37,Newcastle United,0,1,available,scheduled,False,False
3754269,2015-10-19,2,Premier League,27,2015/2016,male,26,Swansea City,30,Stoke City,0,1,available,scheduled,False,False
3754234,2015-10-25,2,Premier League,27,2015/2016,male,28,AFC Bournemouth,38,Tottenham Hotspur,1,5,available,scheduled,False,False
3754246,2015-08-29,2,Premier League,27,2015/2016,male,36,Manchester City,23,Watford,2,0,available,scheduled,False,False
3754273,2015-10-31,2,Premier League,27,2015/2016,male,23,Watford,40,West Ham United,2,0,available,scheduled,False,False
3754263,2015-10-24,2,Premier League,27,2015/2016,male,22,Leicester City,31,Crystal Palace,1,0,available,scheduled,False,False
3754268,2015-08-29,2,Premier League,27,2015/2016,male,38,Tottenham Hotspur,29,Everton,0,0,available,scheduled,False,False
3754286,2015-12-05,2,Premier League,27,2015/2016,male,23,Watford,56,Norwich City,2,0,available,scheduled,False,False
3754291,2015-12-28,2,Premier League,27,2015/2016,male,23,Watford,38,Tottenham Hotspur,1,2,available,scheduled,False,False
3754283,2015-11-21,2,Premier League,27,2015/2016,male,29,Everton,59,Aston Villa,4,0,available,scheduled,False,False
3754235,2015-11-29,2,Premier League,27,2015/2016,male,40,West Ham United,27,West Bromwich Albion,1,1,available,scheduled,False,False
3754279,2015-12-26,2,Premier League,27,2015/2016,male,26,Swansea City,27,West Bromwich Albion,1,0,available,scheduled,False,False
3754276,2015-12-13,2,Premier League,27,2015/2016,male,38,Tottenham Hotspur,37,Newcastle United,1,2,available,scheduled,False,False
3754287,2015-12-26,2,Premier League,27,2015/2016,male,33,Chelsea,23,Watford,2,2,available,scheduled,False,False
3754259,2015-12-20,2,Premier League,27,2015/2016,male,26,Swansea City,40,West Ham United,0,0,available,scheduled,False,False
3754335,2015-10-03,2,Premier League,27,2015/2016,male,56,Norwich City,22,Leicester City,1,2,available,scheduled,False,False
3754298,2015-09-19,2,Premier League,27,2015/2016,male,26,Swansea City,29,Everton,0,0,available,scheduled,False,False
3754315,2015-09-12,2,Premier League,27,2015/2016,male,56,Norwich City,28,AFC Bournemouth,3,1,available,scheduled,False,False
3754330,2015-10-03,2,Premier League,27,2015/2016,male,59,Aston Villa,30,Stoke City,0,1,available,scheduled,False,False
3754337,2015-08-30,2,Premier League,27,2015/2016,male,25,Southampton,56,Norwich City,3,0,available,scheduled,False,False
3754297,2015-11-07,2,Premier League,27,2015/2016,male,39,Manchester United,27,West Bromwich Albion,2,0,available,scheduled,False,False
3754301,2015-11-21,2,Premier League,27,2015/2016,male,27,West Bromwich Albion,1,Arsenal,2,1,available,scheduled,False,False
3754323,2015-09-26,2,Premier League,27,2015/2016,male,40,West Ham United,56,Norwich City,2,2,available,scheduled,False,False
3754304,2015-11-28,2,Premier League,27,2015/2016,male,31,Crystal Palace,37,Newcastle United,5,1,available,scheduled,False,False
3754311,2015-11-07,2,Premier League,27,2015/2016,male,56,Norwich City,26,Swansea City,1,0,available,scheduled,False,False
3754328,2015-12-12,2,Premier League,27,2015/2016,male,36,Manchester City,26,Swansea City,2,1,available,scheduled,False,False
3754325,2015-09-12,2,Premier League,27,2015/2016,male,27,West Bromwich Albion,25,Southampton,0,0,available,scheduled,False,False
3754329,2015-09-14,2,Premier League,27,2015/2016,male,40,West Ham United,37,Newcastle United,2,0,available,scheduled,False,False
3754302,2015-10-17,2,Premier League,27,2015/2016,male,25,Southampton,22,Leicester City,2,2,available,scheduled,False,False
3754013,2015-12-14,2,Premier League,27,2015/2016,male,22,Leicester City,33,Chelsea,2,1,available,scheduled,False,False
3754044,2015-12-19,2,Premier League,27,2015/2016,male,39,Manchester United,56,Norwich City,1,2,available,scheduled,False,False
3754351,2015-11-08,2,Premier League,27,2015/2016,male,24,Liverpool,31,Crystal Palace,1,2,available,scheduled,False,False
3754343,2015-12-26,2,Premier League,27,2015/2016,male,24,Liverpool,22,Leicester City,1,0,available,scheduled,False,False
3754109,2015-11-22,2,Premier League,27,2015/2016,male,38,Tottenham Hotspur,40,West Ham United,4,1,available,scheduled,False,False
3754182,2015-12-12,2,Premier League,27,2015/2016,male,56,Norwich City,29,Everton,1,1,available,scheduled,False,False
3754240,2015-09-12,2,Premier League,27,2015/2016,male,1,Arsenal,30,Stoke City,2,0,available,scheduled,False,False
3754336,2015-09-12,2,Premier League,27,2015/2016,male,29,Everton,33,Chelsea,3,1,available,scheduled,False,False
3754247,2015-11-21,2,Premier League,27,2015/2016,male,25,Southampton,30,Stoke City,0,1,available,scheduled,False,False
3754156,2015-11-07,2,Premier League,27,2015/2016,male,22,Leicester City,23,Watford,2,1,available,scheduled,False,False
3754265,2015-11-08,2,Premier League,27,2015/2016,male,1,Arsenal,38,Tottenham Hotspur,1,1,available,scheduled,False,False
3754000,2015-11-07,2,Premier League,27,2015/2016,male,41,Sunderland,25,Southampton,0,1,available,scheduled,False,False
3754003,2015-09-12,2,Premier League,27,2015/2016,male,39,Manchester United,24,Liverpool,3,1,available,scheduled,False,False
3754344,2015-08-15,2,Premier League,27,2015/2016,male,26,Swansea City,37,Newcastle United,2,0,available,scheduled,False,False
3754131,2015-08-22,2,Premier League,27,2015/2016,male,40,West Ham United,28,AFC Bournemouth,3,4,available,scheduled,False,False
3754300,2015-08-08,2,Premier League,27,2015/2016,male,29,Everton,23,Watford,2,2,available,scheduled,False,False
3754312,2015-08-16,2,Premier League,27,2015/2016,male,31,Crystal Palace,1,Arsenal,1,2,available,scheduled,False,False
3754138,2015-08-08,2,Premier League,27,2015/2016,male,56,Norwich City,31,Crystal Palace,1,3,available,scheduled,False,False
3754203,2015-08-15,2,Premier League,27,2015/2016,male,40,West Ham United,22,Leicester City,1,2,available,scheduled,False,False
3754190,2015-08-22,2,Premier League,27,2015/2016,male,31,Crystal Palace,59,Aston Villa,2,1,available,scheduled,False,False
3754066,2015-08-16,2,Premier League,27,2015/2016,male,36,Manchester City,33,Chelsea,3,0,available,scheduled,False,False
3754034,2015-08-15,2,Premier League,27,2015/2016,male,25,Southampton,29,Everton,0,3,available,scheduled,False,False
3753985,2015-08-09,2,Premier League,27,2015/2016,male,30,Stoke City,24,Liverpool,0,1,available,scheduled,False,False
3753987,2015-08-22,2,Premier League,27,2015/2016,male,22,Leicester City,38,Tottenham Hotspur,1,1,available,scheduled,False,False
3754189,2015-08-23,2,Premier League,27,2015/2016,male,23,Watford,25,Southampton,0,0,available,scheduled,False,False
3754180,2015-08-22,2,Premier League,27,2015/2016,male,41,Sunderland,26,Swansea City,1,1,available,scheduled,False,False
3754059,2015-08-23,2,Premier League,27,2015/2016,male,27,West Bromwich Albion,33,Chelsea,2,3,available,scheduled,False,False
3754064,2016-03-20,2,Premier League,27,2015/2016,male,25,Southampton,24,Liverpool,3,2,available,processing,False,False
3754065,2016-01-13,2,Premier League,27,2015/2016,male,38,Tottenham Hotspur,22,Leicester City,0,1,available,processing,False,False
3754173,2015-12-28,2,Premier League,27,2015/2016,male,1,Arsenal,28,AFC Bournemouth,2,0,available,processing,False,False
3754175,2016-04-02,2,Premier League,27,2015/2016,male,41,Sunderland,27,West Bromwich Albion,0,0,available,processing,False,False
3753973,2016-03-19,2,Premier League,27,2015/2016,male,33,Chelsea,40,West Ham United,2,2,available,processing,False,False
3753975,2016-01-23,2,Premier League,27,2015/2016,male,41,Sunderland,28,AFC Bournemouth,1,1,available,processing,False,False
3753976,2016-03-02,2,Premier League,27,2015/2016,male,1,Arsenal,26,Swansea City,1,2,available,processing,False,False
3753977,2016-03-19,2,Premier League,27,2015/2016,male,23,Watford,30,Stoke City,1,2,available,processing,False,False
3753980,2016-03-19,2,Premier League,27,2015/2016,male,29,Everton,1,Arsenal,0,2,available,processing,False,False
3753981,2016-01-12,2,Premier League,27,2015/2016,male,59,Aston Villa,31,Crystal Palace,1,0,available,processing,False,False
3753982,2016-04-03,2,Premier League,27,2015/2016,male,22,Leicester City,25,Southampton,1,0,available,processing,False,False
3753986,2016-04-10,2,Premier League,27,2015/2016,male,24,Liverpool,30,Stoke City,4,1,available,processing,False,False
3753988,2016-03-12,2,Premier League,27,2015/2016,male,28,AFC Bournemouth,26,Swansea City,3,2,available,processing,False,False
3753989,2016-05-11,2,Premier League,27,2015/2016,male,41,Sunderland,29,Everton,3,0,available,processing,False,False
3753990,2016-04-24,2,Premier League,27,2015/2016,male,41,Sunderland,1,Arsenal,0,0,available,processing,False,False
3753991,2016-03-02,2,Premier League,27,2015/2016,male,24,Liverpool,36,Manchester City,3,0,available,processing,False,False
3753992,2016-05-08,2,Premier League,27,2015/2016,male,38,Tottenham Hotspur,25,Southampton,1,2,available,processing,False,False
3753994,2016-05-15,2,Premier League,27,2015/2016,male,25,Southampton,31,Crystal Palace,4,1,available,processing,False,False
3753997,2016-02-02,2,Premier League,27,2015/2016,male,40,West Ham United,59,Aston Villa,2,0,available,processing,False,False
3753998,2015-12-28,2,Premier League,27,2015/2016,male,40,West Ham United,25,Southampton,2,1,available,processing,False,False
3754002,2016-03-14,2,Premier League,27,2015/2016,male,22,Leicester City,37,Newcastle United,1,0,available,processing,False,False
3754004,2016-01-16,2,Premier League,27,2015/2016,male,28,AFC Bournemouth,56,Norwich City,3,0,available,processing,False,False
3754005,2016-03-02,2,Premier League,27,2015/2016,male,30,Stoke City,37,Newcastle United,1,0,available,processing,False,False
3754009,2016-04-17,2,Premier League,27,2015/2016,male,1,Arsenal,31,Crystal Palace,1,1,available,processing,False,False
3754012,2016-02-27,2,Premier League,27,2015/2016,male,25,Southampton,33,Chelsea,1,2,available,processing,False,False
3754016,2016-04-09,2,Premier League,27,2015/2016,male,25,Southampton,37,Newcastle United,3,1,available,processing,False,False
3754018,2016-05-01,2,Premier League,27,2015/2016,male,26,Swansea City,24,Liverpool,3,1,available,processing,False,False
3754019,2015-12-28,2,Premier League,27,2015/2016,male,39,Manchester United,33,Chelsea,0,0,available,processing,False,False
3754021,2016-01-12,2,Premier League,27,2015/2016,male,28,AFC Bournemouth,40,West Ham United,1,3,available,processing,False,False
3754022,2016-04-09,2,Premier League,27,2015/2016,male,31,Crystal Palace,56,Norwich City,1,0,available,processing,False,False
3754024,2016-04-16,2,Premier League,27,2015/2016,male,37,Newcastle United,26,Swansea City,3,0,available,processing,False,False
3754026,2016-05-07,2,Premier League,27,2015/2016,male,31,Crystal Palace,30,Stoke City,2,1,available,processing,False,False
3754027,2016-01-16,2,Premier League,27,2015/2016,male,38,Tottenham Hotspur,41,Sunderland,4,1,available,processing,False,False
3754030,2016-04-09,2,Premier League,27,2015/2016,male,23,Watford,29,Everton,1,1,available,processing,False,False
3754031,2016-02-13,2,Premier League,27,2015/2016,male,41,Sunderland,39,Manchester United,2,1,available,processing,False,False
3754032,2016-01-13,2,Premier League,27,2015/2016,male,30,Stoke City,56,Norwich City,3,1,available,processing,False,False
3754033,2016-05-07,2,Premier League,27,2015/2016,male,22,Leicester City,29,Everton,3,1,available,processing,False,False
3754035,2016-04-09,2,Premier League,27,2015/2016,male,36,Manchester City,27,West Bromwich Albion,2,1,available,processing,False,False
3754036,2016-01-02,2,Premier League,27,2015/2016,male,41,Sunderland,59,Aston Villa,3,1,available,processing,False,False
3754061,2016-03-05,2,Premier League,27,2015/2016,male,33,Chelsea,30,Stoke City,1,1,available,processing,False,False
3754062,2016-01-13,2,Premier League,27,2015/2016,male,33,Chelsea,27,West Bromwich Albion,2,2,available,processing,False,False
3754063,2016-04-30,2,Premier League,27,2015/2016,male,23,Watford,59,Aston Villa,3,2,available,processing,False,False
3754069,2016-01-02,2,Premier League,27,2015/2016,male,1,Arsenal,37,Newcastle United,1,0,available,processing,False,False
3754070,2016-05-07,2,Premier League,27,2015/2016,male,59,Aston Villa,37,Newcastle United,0,0,available,processing,False,False
3754071,2016-01-13,2,Premier League,27,2015/2016,male,26,Swansea City,41,Sunderland,2,4,available,processing,False,False
3754075,2016-04-02,2,Premier League,27,2015/2016,male,59,Aston Villa,33,Chelsea,0,4,available,processing,False,False
3754080,2016-02-06,2,Premier League,27,2015/2016,male,38,Tottenham Hotspur,23,Watford,1,0,available,processing,False,False
3754081,2016-03-06,2,Premier League,27,2015/2016,male,27,West Bromwich Albion,39,Manchester United,1,0,available,processing,False,False
3754084,2016-01-23,2,Premier League,27,2015/2016,male,27,West Bromwich Albion,59,Aston Villa,0,0,available,processing,False,False
3754086,2016-04-20,2,Premier League,27,2015/2016,male,40,West Ham United,23,Watford,3,1,available,processing,False,False
3754087,2016-04-02,2,Premier League,27,2015/2016,male,24,Liverpool,38,Tottenham Hotspur,1,1,available,processing,False,False
3754088,2016-01-12,2,Premier League,27,2015/2016,male,37,Newcastle United,39,Manchester United,3,3,available,processing,False,False
3754089,2016-02-02,2,Premier League,27,2015/2016,male,31,Crystal Palace,28,AFC Bournemouth,1,2,available,processing,False,False
3754092,2016-05-02,2,Premier League,27,2015/2016,male,33,Chelsea,38,Tottenham Hotspur,2,2,available,processing,False,False
3754094,2016-02-02,2,Premier League,27,2015/2016,male,39,Manchester United,30,Stoke City,3,0,available,processing,False,False
3754095,2016-02-02,2,Premier League,27,2015/2016,male,41,Sunderland,36,Manchester City,0,1,available,processing,False,False
3754100,2016-03-20,2,Premier League,27,2015/2016,male,37,Newcastle United,41,Sunderland,1,1,available,processing,False,False
3754101,2016-01-02,2,Premier League,27,2015/2016,male,56,Norwich City,25,Southampton,1,0,available,processing,False,False
3754103,2016-02-03,2,Premier League,27,2015/2016,male,23,Watford,33,Chelsea,0,0,available,processing,False,False
3754108,2016-05-07,2,Premier League,27,2015/2016,male,41,Sunderland,33,Chelsea,3,2,available,processing,False,False
3754110,2016-01-23,2,Premier League,27,2015/2016,male,40,West Ham United,36,Manchester City,2,2,available,processing,False,False
3754111,2016-01-24,2,Premier League,27,2015/2016,male,1,Arsenal,33,Chelsea,0,1,available,processing,False,False
3754114,2016-01-03,2,Premier League,27,2015/2016,male,31,Crystal Palace,33,Chelsea,0,3,available,processing,False,False
3754116,2016-04-09,2,Premier League,27,2015/2016,male,26,Swansea City,33,Chelsea,1,0,available,processing,False,False
3754118,2016-04-02,2,Premier League,27,2015/2016,male,1,Arsenal,23,Watford,4,0,available,processing,False,False
3754120,2016-02-06,2,Premier League,27,2015/2016,male,25,Southampton,40,West Ham United,1,0,available,processing,False,False
3754121,2016-02-27,2,Premier League,27,2015/2016,male,23,Watford,28,AFC Bournemouth,0,0,available,processing,False,False
3754122,2016-01-02,2,Premier League,27,2015/2016,male,27,West Bromwich Albion,30,Stoke City,2,1,available,processing,False,False
3754123,2016-05-15,2,Premier League,27,2015/2016,male,29,Everton,56,Norwich City,3,0,available,processing,False,False
3754124,2016-03-20,2,Premier League,27,2015/2016,male,36,Manchester City,39,Manchester United,0,1,available,processing,False,False
3754125,2016-01-16,2,Premier League,27,2015/2016,male,33,Chelsea,29,Everton,3,3,available,processing,False,False
3754127,2016-02-06,2,Premier League,27,2015/2016,male,30,Stoke City,29,Everton,0,3,available,processing,False,False
3754132,2016-04-30,2,Premier League,27,2015/2016,male,30,Stoke City,41,Sunderland,1,1,available,processing,False,False
3754134,2016-05-10,2,Premier League,27,2015/2016,male,40,West Ham United,39,Manchester United,3,2,available,processing,False,False
3754137,2016-04-16,2,Premier League,27,2015/2016,male,29,Everton,25,Southampton,1,1,available,processing,False,False
3754139,2016-02-13,2,Premier League,27,2015/2016,male,26,Swansea City,25,Southampton,0,1,available,processing,False,False
3754140,2016-01-03,2,Premier League,27,2015/2016,male,29,Everton,38,Tottenham Hotspur,1,1,available,processing,False,False
3754142,2016-01-13,2,Premier League,27,2015/2016,male,36,Manchester City,29,Everton,0,0,available,processing,False,False
3754144,2016-04-02,2,Premier League,27,2015/2016,male,28,AFC Bournemouth,36,Manchester City,0,4,available,processing,False,False
3754147,2016-02-14,2,Premier League,27,2015/2016,male,36,Manchester City,38,Tottenham Hotspur,1,2,available,processing,False,False
3754149,2016-05-15,2,Premier League,27,2015/2016,male,26,Swansea City,36,Manchester City,1,1,available,processing,False,False
3754151,2016-03-05,2,Premier League,27,2015/2016,male,26,Swansea City,56,Norwich City,1,0,available,processing,False,False
3754152,2016-04-10,2,Premier League,27,2015/2016,male,41,Sunderland,22,Leicester City,0,2,available,processing,False,False
3754154,2016-04-23,2,Premier League,27,2015/2016,male,24,Liverpool,37,Newcastle United,2,2,available,processing,False,False
3754155,2016-04-16,2,Premier League,27,2015/2016,male,27,West Bromwich Albion,23,Watford,0,1,available,processing,False,False
3754158,2016-05-07,2,Premier League,27,2015/2016,male,40,West Ham United,26,Swansea City,1,4,available,processing,False,False
3754159,2016-05-17,2,Premier League,27,2015/2016,male,39,Manchester United,28,AFC Bournemouth,3,1,available,processing,False,False
3754161,2016-01-18,2,Premier League,27,2015/2016,male,26,Swansea City,23,Watford,1,0,available,processing,False,False
3754163,2016-01-24,2,Premier League,27,2015/2016,male,29,Everton,26,Swansea City,1,2,available,processing,False,False
3754164,2016-03-05,2,Premier League,27,2015/2016,male,25,Southampton,41,Sunderland,1,1,available,processing,False,False
3754165,2016-05-01,2,Premier League,27,2015/2016,male,39,Manchester United,22,Leicester City,1,1,available,processing,False,False
3754168,2016-01-16,2,Premier League,27,2015/2016,male,25,Southampton,27,West Bromwich Albion,3,0,available,processing,False,False
3754170,2016-04-30,2,Premier League,27,2015/2016,male,37,Newcastle United,31,Crystal Palace,1,0,available,processing,False,False
3754172,2016-04-16,2,Premier League,27,2015/2016,male,56,Norwich City,41,Sunderland,0,3,available,processing,False,False
3754176,2016-04-02,2,Premier League,27,2015/2016,male,40,West Ham United,31,Crystal Palace,2,2,available,processing,False,False
3754177,2016-03-05,2,Premier League,27,2015/2016,male,37,Newcastle United,28,AFC Bournemouth,1,3,available,processing,False,False
3754179,2016-01-23,2,Premier League,27,2015/2016,male,31,Crystal Palace,38,Tottenham Hotspur,1,3,available,processing,False,False
3754181,2016-03-19,2,Premier League,27,2015/2016,male,31,Crystal Palace,22,Leicester City,0,1,available,processing,False,False
3754183,2016-01-13,2,Premier League,27,2015/2016,male,25,Southampton,23,Watford,2,0,available,processing,False,False
3754184,2016-04-30,2,Premier League,27,2015/2016,male,1,Arsenal,56,Norwich City,1,0,available,processing,False,False
3754187,2016-04-18,2,Premier League,27,2015/2016,male,30,Stoke City,38,Tottenham Hotspur,0,4,available,processing,False,False
3754191,2015-11-01,2,Premier League,27,2015/2016,male,25,Southampton,28,AFC Bournemouth,2,0,available,processing,False,False
3754192,2016-04-30,2,Premier League,27,2015/2016,male,27,West Bromwich Albion,40,West Ham United,0,3,available,processing,False,False
3754195,2015-12-28,2,Premier League,27,2015/2016,male,27,West Bromwich Albion,37,Newcastle United,1,0,available,processing,False,False
3754196,2016-03-12,2,Premier League,27,2015/2016,male,30,Stoke City,25,Southampton,1,2,available,processing,False,False
3754199,2016-05-15,2,Premier League,27,2015/2016,male,30,Stoke City,40,West Ham United,2,1,available,processing,False,False
3754200,2016-01-23,2,Premier League,27,2015/2016,male,39,Manchester United,25,Southampton,0,1,available,processing,False,False
3754201,2016-02-02,2,Premier League,27,2015/2016,male,1,Arsenal,25,Southampton,0,0,available,processing,False,False
3754202,2016-01-17,2,Premier League,27,2015/2016,male,30,Stoke City,1,Arsenal,0,0,available,processing,False,False
3754206,2016-04-19,2,Premier League,27,2015/2016,male,37,Newcastle United,36,Manchester City,1,1,available,processing,False,False
3754207,2016-05-11,2,Premier League,27,2015/2016,male,56,Norwich City,23,Watford,4,2,available,processing,False,False
3754209,2016-04-10,2,Premier League,27,2015/2016,male,38,Tottenham Hotspur,39,Manchester United,3,0,available,processing,False,False
3754210,2016-05-07,2,Premier League,27,2015/2016,male,56,Norwich City,39,Manchester United,0,1,available,processing,False,False
3754214,2016-02-14,2,Premier League,27,2015/2016,male,59,Aston Villa,24,Liverpool,0,6,available,processing,False,False
3754215,2015-12-05,2,Premier League,27,2015/2016,male,27,West Bromwich Albion,38,Tottenham Hotspur,1,1,available,processing,False,False
3754216,2016-04-17,2,Premier League,27,2015/2016,male,28,AFC Bournemouth,24,Liverpool,1,2,available,processing,False,False
3754220,2016-03-06,2,Premier League,27,2015/2016,male,31,Crystal Palace,24,Liverpool,1,2,available,processing,False,False
3754224,2016-03-19,2,Premier League,27,2015/2016,male,26,Swansea City,59,Aston Villa,1,0,available,processing,False,False
3754225,2016-05-07,2,Premier League,27,2015/2016,male,28,AFC Bournemouth,27,West Bromwich Albion,1,1,available,processing,False,False
3754227,2016-04-17,2,Premier League,27,2015/2016,male,22,Leicester City,40,West Ham United,2,2,available,processing,False,False
3754228,2016-04-24,2,Premier League,27,2015/2016,male,22,Leicester City,26,Swansea City,4,0,available,processing,False,False
3754229,2016-05-15,2,Premier League,27,2015/2016,male,33,Chelsea,22,Leicester City,1,1,available,processing,False,False
3754231,2016-03-01,2,Premier League,27,2015/2016,male,22,Leicester City,27,West Bromwich Albion,2,2,available,processing,False,False
3754232,2016-03-02,2,Premier League,27,2015/2016,male,39,Manchester United,23,Watford,1,0,available,processing,False,False
3754236,2016-02-27,2,Premier League,27,2015/2016,male,27,West Bromwich Albion,31,Crystal Palace,3,2,available,processing,False,False
3754239,2016-02-28,2,Premier League,27,2015/2016,male,39,Manchester United,1,Arsenal,3,2,available,processing,False,False
3754241,2016-04-09,2,Premier League,27,2015/2016,male,40,West Ham United,1,Arsenal,3,3,available,processing,False,False
3754242,2016-04-23,2,Premier League,27,2015/2016,male,28,AFC Bournemouth,33,Chelsea,1,4,available,processing,False,False
3754243,2016-04-02,2,Premier League,27,2015/2016,male,56,Norwich City,37,Newcastle United,3,2,available,processing,False,False
3754244,2016-02-13,2,Premier League,27,2015/2016,male,56,Norwich City,40,West Ham United,2,2,available,processing,False,False
3754249,2016-03-05,2,Premier League,27,2015/2016,male,36,Manchester City,59,Aston Villa,4,0,available,processing,False,False
3754250,2016-01-16,2,Premier League,27,2015/2016,male,59,Aston Villa,22,Leicester City,1,1,available,processing,False,False
3754251,2016-01-02,2,Premier League,27,2015/2016,male,40,West Ham United,24,Liverpool,2,0,available,processing,False,False
3754252,2016-02-03,2,Premier League,27,2015/2016,male,29,Everton,37,Newcastle United,3,0,available,processing,False,False
3754253,2016-02-07,2,Premier League,27,2015/2016,male,28,AFC Bournemouth,1,Arsenal,0,2,available,processing,False,False
3754260,2016-01-16,2,Premier League,27,2015/2016,male,36,Manchester City,31,Crystal Palace,4,0,available,processing,False,False
3754261,2016-02-14,2,Premier League,27,2015/2016,male,1,Arsenal,22,Leicester City,2,1,available,processing,False,False
3754262,2016-04-09,2,Premier League,27,2015/2016,male,59,Aston Villa,28,AFC Bournemouth,1,2,available,processing,False,False
3754264,2016-02-13,2,Premier League,27,2015/2016,male,33,Chelsea,37,Newcastle United,5,1,available,processing,False,False
3754295,2016-04-16,2,Premier League,27,2015/2016,male,39,Manchester United,59,Aston Villa,1,0,available,processing,False,False
3754271,2016-01-23,2,Premier League,27,2015/2016,male,23,Watford,37,Newcastle United,2,1,available,processing,False,False
3754272,2016-04-02,2,Premier League,27,2015/2016,male,30,Stoke City,26,Swansea City,2,2,available,processing,False,False
3754274,2016-02-13,2,Premier League,27,2015/2016,male,28,AFC Bournemouth,30,Stoke City,1,3,available,processing,False,False
3754275,2016-02-02,2,Premier League,27,2015/2016,male,22,Leicester City,24,Liverpool,2,0,available,processing,False,False
3754277,2016-03-05,2,Premier League,27,2015/2016,male,29,Everton,40,West Ham United,2,3,available,processing,False,False
3754280,2016-03-01,2,Premier League,27,2015/2016,male,56,Norwich City,33,Chelsea,1,2,available,processing,False,False
3754281,2016-02-07,2,Premier League,27,2015/2016,male,33,Chelsea,39,Manchester United,1,1,available,processing,False,False
3754282,2016-04-23,2,Premier League,27,2015/2016,male,59,Aston Villa,25,Southampton,2,4,available,processing,False,False
3754284,2016-04-21,2,Premier League,27,2015/2016,male,1,Arsenal,27,West Bromwich Albion,2,0,available,processing,False,False
3754289,2016-03-05,2,Premier League,27,2015/2016,male,23,Watford,22,Leicester City,0,1,available,processing,False,False
3754290,2016-02-06,2,Premier League,27,2015/2016,male,36,Manchester City,22,Leicester City,1,3,available,processing,False,False
3754292,2016-02-06,2,Premier League,27,2015/2016,male,37,Newcastle United,27,West Bromwich Albion,1,0,available,processing,False,False
3754294,2016-04-20,2,Premier League,27,2015/2016,male,24,Liverpool,29,Everton,4,0,available,processing,False,False
3754248,2015-12-26,2,Premier League,27,2015/2016,male,28,AFC Bournemouth,31,Crystal Palace,0,0,available,processing,False,False
3754299,2016-04-03,2,Premier League,27,2015/2016,male,39,Manchester United,29,Everton,1,0,available,processing,False,False
3754303,2016-02-06,2,Premier League,27,2015/2016,male,26,Swansea City,31,Crystal Palace,1,1,available,processing,False,False
3754305,2016-01-13,2,Premier League,27,2015/2016,male,24,Liverpool,1,Arsenal,3,3,available,processing,False,False
3754306,2016-02-06,2,Premier League,27,2015/2016,male,59,Aston Villa,56,Norwich City,2,0,available,processing,False,False
3754307,2016-04-23,2,Premier League,27,2015/2016,male,36,Manchester City,30,Stoke City,4,0,available,processing,False,False
3754308,2016-05-15,2,Premier League,27,2015/2016,male,23,Watford,41,Sunderland,2,2,available,processing,False,False
3754310,2016-04-20,2,Premier League,27,2015/2016,male,39,Manchester United,31,Crystal Palace,2,0,available,processing,False,False
3754313,2016-03-12,2,Premier League,27,2015/2016,male,56,Norwich City,36,Manchester City,0,0,available,processing,False,False
3754314,2016-05-08,2,Premier League,27,2015/2016,male,36,Manchester City,1,Arsenal,2,2,available,processing,False,False
3754316,2016-02-06,2,Premier League,27,2015/2016,male,24,Liverpool,41,Sunderland,2,2,available,processing,False,False
3754317,2016-02-02,2,Premier League,27,2015/2016,male,56,Norwich City,38,Tottenham Hotspur,0,3,available,processing,False,False
3754318,2016-03-05,2,Premier League,27,2015/2016,male,38,Tottenham Hotspur,1,Arsenal,2,2,available,processing,False,False
3754319,2016-01-02,2,Premier League,27,2015/2016,male,39,Manchester United,26,Swansea City,2,1,available,processing,False,False
3754320,2016-05-01,2,Premier League,27,2015/2016,male,25,Southampton,36,Manchester City,4,2,available,processing,False,False
3754321,2016-02-27,2,Premier League,27,2015/2016,male,30,Stoke City,59,Aston Villa,2,1,available,processing,False,False
3754322,2016-04-16,2,Premier League,27,2015/2016,male,33,Chelsea,36,Manchester City,0,3,available,processing,False,False
3754324,2016-02-28,2,Premier League,27,2015/2016,male,38,Tottenham Hotspur,26,Swansea City,2,1,available,processing,False,False
3754326,2015-12-28,2,Premier League,27,2015/2016,male,31,Crystal Palace,26,Swansea City,0,0,available,processing,False,False
3754327,2016-03-01,2,Premier League,27,2015/2016,male,59,Aston Villa,29,Everton,1,3,available,processing,False,False
3754331,2016-02-27,2,Premier League,27,2015/2016,male,40,West Ham United,41,Sunderland,1,0,available,processing,False,False
3754332,2016-04-25,2,Premier League,27,2015/2016,male,38,Tottenham Hotspur,27,West Bromwich Albion,1,1,available,processing,False,False
3754333,2016-05-15,2,Premier League,27,2015/2016,male,37,Newcastle United,38,Tottenham Hotspur,5,1,available,processing,False,False
3754334,2016-03-01,2,Premier League,27,2015/2016,male,28,AFC Bournemouth,25,Southampton,2,0,available,processing,False,False
3754338,2016-01-16,2,Premier League,27,2015/2016,male,37,Newcastle United,40,West Ham United,2,1,available,processing,False,False
3754340,2016-02-02,2,Premier League,27,2015/2016,male,27,West Bromwich Albion,26,Swansea City,1,1,available,processing,False,False
3754341,2016-01-23,2,Premier League,27,2015/2016,male,22,Leicester City,30,Stoke City,3,0,available,processing,False,False
3754342,2016-05-08,2,Premier League,27,2015/2016,male,24,Liverpool,23,Watford,2,0,available,processing,False,False
3754345,2016-01-17,2,Premier League,27,2015/2016,male,24,Liverpool,39,Manchester United,0,1,available,processing,False,False
3754346,2016-01-02,2,Premier League,27,2015/2016,male,23,Watford,36,Manchester City,1,2,available,processing,False,False
3754348,2016-01-23,2,Premier League,27,2015/2016,male,56,Norwich City,24,Liverpool,4,5,available,processing,False,False
3754349,2016-03-02,2,Premier League,27,2015/2016,male,40,West Ham United,38,Tottenham Hotspur,1,0,available,processing,False,False
3754350,2016-02-13,2,Premier League,27,2015/2016,male,29,Everton,27,West Bromwich Albion,0,1,available,processing,False,False
3754258,2015-11-08,2,Premier League,27,2015/2016,male,59,Aston Villa,36,Manchester City,0,0,available,scheduled,False,False
3754020,2015-08-17,2,Premier League,27,2015/2016,male,24,Liverpool,28,AFC Bournemouth,1,0,available,scheduled,False,False
3754267,2015-08-15,2,Premier League,27,2015/2016,male,23,Watford,27,West Bromwich Albion,0,0,available,scheduled,False,False
3754141,2015-08-09,2,Premier League,27,2015/2016,male,1,Arsenal,40,West Ham United,0,2,available,scheduled,False,False
3754128,2015-08-08,2,Premier League,27,2015/2016,male,28,AFC Bournemouth,59,Aston Villa,0,1,available,scheduled,False,False
3754078,2015-08-08,2,Premier League,27,2015/2016,male,33,Chelsea,26,Swansea City,2,2,available,scheduled,False,False
3749493,2003-08-16,2,Premier League,44,2003/2004,male,1,Arsenal,29,Everton,2,1,available,scheduled,False,False
3749448,2004-04-09,2,Premier League,44,2003/2004,male,1,Arsenal,24,Liverpool,4,2,available,scheduled,False,False
3749196,2003-11-08,2,Premier League,44,2003/2004,male,1,Arsenal,38,Tottenham Hotspur,2,1,available,scheduled,False,False
3749454,2003-08-31,2,Premier League,44,2003/2004,male,36,Manchester City,1,Arsenal,1,2,available,scheduled,False,False
3749603,2004-05-09,2,Premier League,44,2003/2004,male,55,Fulham,1,Arsenal,0,1,available,scheduled,False,False
3749052,2004-02-07,2,Premier League,44,2003/2004,male,46,Wolverhampton Wanderers,1,Arsenal,1,3,available,scheduled,False,False
3749296,2003-09-13,2,Premier League,44,2003/2004,male,1,Arsenal,105,Portsmouth,1,1,available,scheduled,False,False
3749522,2003-12-26,2,Premier League,44,2003/2004,male,1,Arsenal,46,Wolverhampton Wanderers,3,0,available,scheduled,False,False
3749246,2004-03-28,2,Premier League,44,2003/2004,male,1,Arsenal,39,Manchester United,1,1,available,scheduled,False,False
3749257,2004-05-15,2,Premier League,44,2003/2004,male,1,Arsenal,22,Leicester City,2,1,available,scheduled,False,False
3749642,2004-02-28,2,Premier League,44,2003/2004,male,1,Arsenal,75,Charlton Athletic,2,1,available,scheduled,False,False
3749358,2003-08-24,2,Premier League,44,2003/2004,male,47,Middlesbrough,1,Arsenal,0,4,available,scheduled,False,False
3749346,2003-11-01,2,Premier League,44,2003/2004,male,101,Leeds United,1,Arsenal,1,4,available,scheduled,False,False
3749253,2003-10-04,2,Premier League,44,2003/2004,male,24,Liverpool,1,Arsenal,1,2,available,scheduled,False,False
3749079,2003-10-18,2,Premier League,44,2003/2004,male,1,Arsenal,33,Chelsea,2,1,available,scheduled,False,False
3749465,2004-03-13,2,Premier League,44,2003/2004,male,98,Blackburn Rovers,1,Arsenal,0,2,available,scheduled,False,False
3749133,2004-01-18,2,Premier League,44,2003/2004,male,59,Aston Villa,1,Arsenal,0,2,available,scheduled,False,False
3749528,2003-09-26,2,Premier League,44,2003/2004,male,1,Arsenal,37,Newcastle United,3,2,available,scheduled,False,False
3749233,2004-02-01,2,Premier League,44,2003/2004,male,1,Arsenal,36,Manchester City,2,1,available,scheduled,False,False
3749462,2004-05-01,2,Premier League,44,2003/2004,male,1,Arsenal,54,Birmingham City,0,0,available,scheduled,False,False
3749552,2003-09-21,2,Premier League,44,2003/2004,male,39,Manchester United,1,Arsenal,0,0,available,scheduled,False,False
3749276,2004-02-21,2,Premier League,44,2003/2004,male,33,Chelsea,1,Arsenal,1,2,available,scheduled,False,False
3749068,2004-04-25,2,Premier League,44,2003/2004,male,38,Tottenham Hotspur,1,Arsenal,2,2,available,scheduled,False,False
3749310,2003-12-29,2,Premier League,44,2003/2004,male,25,Southampton,1,Arsenal,0,1,available,scheduled,False,False
3749434,2003-11-22,2,Premier League,44,2003/2004,male,54,Birmingham City,1,Arsenal,0,3,available,scheduled,False,False
3749192,2003-11-30,2,Premier League,44,2003/2004,male,1,Arsenal,55,Fulham,0,0,available,scheduled,False,False
3749360,2003-12-14,2,Premier League,44,2003/2004,male,1,Arsenal,98,Blackburn Rovers,1,0,available,scheduled,False,False
3749453,2004-04-16,2,Premier League,44,2003/2004,male,1,Arsenal,101,Leeds United,5,0,available,scheduled,False,False
3749278,2003-12-20,2,Premier League,44,2003/2004,male,328,Bolton Wanderers,1,Arsenal,1,1,available,scheduled,False,False
3749274,2004-05-04,2,Premier League,44,2003/2004,male,105,Portsmouth,1,Arsenal,1,1,available,processing,False,False
3749590,2003-12-06,2,Premier League,44,2003/2004,male,22,Leicester City,1,Arsenal,1,1,available,processing,False,False
3749631,2004-02-10,2,Premier League,44,2003/2004,male,1,Arsenal,25,Southampton,2,0,available,processing,False,False
3749117,2004-01-07,2,Premier League,44,2003/2004,male,29,Everton,1,Arsenal,1,1,available,processing,False,False
3749108,2003-08-27,2,Premier League,44,2003/2004,male,1,Arsenal,59,Aston Villa,2,0,available,processing,False,False
3749153,2004-01-10,2,Premier League,44,2003/2004,male,1,Arsenal,47,Middlesbrough,4,1,available,scheduled,False,False
3749403,2004-03-20,2,Premier League,44,2003/2004,male,1,Arsenal,328,Bolton Wanderers,2,1,available,scheduled,False,False
3749526,2003-10-26,2,Premier League,44,2003/2004,male,75,Charlton Athletic,1,Arsenal,1,1,available,scheduled,False,False
3749431,2004-04-11,2,Premier League,44,2003/2004,male,37,Newcastle United,1,Arsenal,0,0,available,scheduled,False,False
3879608,2015-11-07,12,Serie A,27,2015/2016,male,226,Hellas Verona,240,Bologna,0,2,available,unscheduled,False,False
3879551,2015-09-27,12,Serie A,27,2015/2016,male,226,Hellas Verona,236,Lazio,1,2,available,unscheduled,False,False
3879575,2015-10-18,12,Serie A,27,2015/2016,male,226,Hellas Verona,230,Udinese,1,1,available,unscheduled,False,False
3879542,2015-09-23,12,Serie A,27,2015/2016,male,238,Inter Milan,226,Hellas Verona,1,0,available,unscheduled,False,False
3879600,2015-11-01,12,Serie A,27,2015/2016,male,1683,Carpi,226,Hellas Verona,0,0,available,unscheduled,False,False
3879557,2015-10-03,12,Serie A,27,2015/2016,male,231,Chievo,226,Hellas Verona,1,1,available,unscheduled,False,False
3879819,2016-04-16,12,Serie A,27,2015/2016,male,1683,Carpi,233,Genoa,4,1,available,unscheduled,False,False
3878541,2015-08-22,12,Serie A,27,2015/2016,male,226,Hellas Verona,229,AS Roma,1,1,available,unscheduled,False,False
3879664,2015-12-20,12,Serie A,27,2015/2016,male,234,Sampdoria,2256,Palermo,2,0,available,unscheduled,False,False
3879863,2016-05-08,12,Serie A,27,2015/2016,male,228,Atalanta,230,Udinese,1,1,available,unscheduled,False,False
3879773,2016-03-06,12,Serie A,27,2015/2016,male,291,Frosinone,230,Udinese,2,0,available,unscheduled,False,False
3879847,2016-04-30,12,Serie A,27,2015/2016,male,230,Udinese,241,Torino,1,5,available,unscheduled,False,False
3879862,2016-05-08,12,Serie A,27,2015/2016,male,241,Torino,227,Napoli,1,2,available,unscheduled,False,False
3879817,2016-04-16,12,Serie A,27,2015/2016,male,238,Inter Milan,227,Napoli,2,0,available,unscheduled,False,False
3879825,2016-04-17,12,Serie A,27,2015/2016,male,236,Lazio,290,Empoli,2,0,available,unscheduled,False,False
3879750,2016-02-21,12,Serie A,27,2015/2016,male,228,Atalanta,239,Fiorentina,2,3,available,unscheduled,False,False
3879567,2015-10-17,12,Serie A,27,2015/2016,male,229,AS Roma,290,Empoli,3,1,available,unscheduled,False,False
3879785,2016-03-13,12,Serie A,27,2015/2016,male,236,Lazio,228,Atalanta,2,0,available,unscheduled,False,False
3879705,2016-01-24,12,Serie A,27,2015/2016,male,232,Sassuolo,240,Bologna,0,2,available,unscheduled,False,False
3879628,2015-11-28,12,Serie A,27,2015/2016,male,243,AC Milan,234,Sampdoria,4,1,available,unscheduled,False,False
3879665,2015-12-20,12,Serie A,27,2015/2016,male,291,Frosinone,243,AC Milan,2,4,available,unscheduled,False,False
3879699,2016-01-24,12,Serie A,27,2015/2016,male,234,Sampdoria,227,Napoli,2,4,available,unscheduled,False,False
3879703,2016-01-24,12,Serie A,27,2015/2016,male,236,Lazio,231,Chievo,4,1,available,unscheduled,False,False
3879609,2015-11-08,12,Serie A,27,2015/2016,male,227,Napoli,230,Udinese,1,0,available,unscheduled,False,False
3879653,2015-12-13,12,Serie A,27,2015/2016,male,224,Juventus,239,Fiorentina,3,1,available,unscheduled,False,False
3879632,2015-11-29,12,Serie A,27,2015/2016,male,229,AS Roma,228,Atalanta,0,2,available,unscheduled,False,False
3879663,2015-12-20,12,Serie A,27,2015/2016,male,226,Hellas Verona,232,Sassuolo,1,1,available,unscheduled,False,False
3879645,2015-12-06,12,Serie A,27,2015/2016,male,240,Bologna,227,Napoli,3,2,available,unscheduled,False,False
3879579,2015-10-24,12,Serie A,27,2015/2016,male,2256,Palermo,238,Inter Milan,1,1,available,unscheduled,False,False
3879566,2015-10-04,12,Serie A,27,2015/2016,male,230,Udinese,233,Genoa,1,1,available,unscheduled,False,False
3879587,2015-10-27,12,Serie A,27,2015/2016,male,240,Bologna,238,Inter Milan,0,1,available,unscheduled,False,False
3879556,2015-09-28,12,Serie A,27,2015/2016,male,291,Frosinone,290,Empoli,2,0,available,unscheduled,False,False
3879585,2015-10-25,12,Serie A,27,2015/2016,male,243,AC Milan,232,Sassuolo,2,1,available,unscheduled,False,False
3879582,2015-10-25,12,Serie A,27,2015/2016,male,236,Lazio,241,Torino,3,0,available,unscheduled,False,False
3879564,2015-10-04,12,Serie A,27,2015/2016,male,2256,Palermo,229,AS Roma,2,4,available,unscheduled,False,False
3879562,2015-10-04,12,Serie A,27,2015/2016,male,243,AC Milan,227,Napoli,0,4,available,unscheduled,False,False
3879837,2016-04-23,12,Serie A,27,2015/2016,male,238,Inter Milan,230,Udinese,3,1,available,unscheduled,False,False
3879838,2016-04-24,12,Serie A,27,2015/2016,male,234,Sampdoria,236,Lazio,2,1,available,unscheduled,False,False
3879839,2016-04-24,12,Serie A,27,2015/2016,male,239,Fiorentina,224,Juventus,1,2,available,unscheduled,False,False
3879840,2016-04-24,12,Serie A,27,2015/2016,male,240,Bologna,233,Genoa,2,0,available,unscheduled,False,False
3879836,2016-04-21,12,Serie A,27,2015/2016,male,243,AC Milan,1683,Carpi,0,0,available,unscheduled,False,False
3879833,2016-04-20,12,Serie A,27,2015/2016,male,224,Juventus,236,Lazio,3,0,available,unscheduled,False,False
3879828,2016-04-20,12,Serie A,27,2015/2016,male,229,AS Roma,241,Torino,3,2,available,unscheduled,False,False
3879832,2016-04-20,12,Serie A,27,2015/2016,male,2256,Palermo,228,Atalanta,2,2,available,unscheduled,False,False
3879830,2016-04-20,12,Serie A,27,2015/2016,male,233,Genoa,238,Inter Milan,1,0,available,unscheduled,False,False
3879792,2016-03-20,12,Serie A,27,2015/2016,male,234,Sampdoria,231,Chievo,0,1,available,unscheduled,False,False
3879795,2016-03-20,12,Serie A,27,2015/2016,male,226,Hellas Verona,1683,Carpi,1,2,available,unscheduled,False,False
3879794,2016-03-20,12,Serie A,27,2015/2016,male,228,Atalanta,240,Bologna,2,0,available,unscheduled,False,False
3879788,2016-03-19,12,Serie A,27,2015/2016,male,290,Empoli,2256,Palermo,0,0,available,unscheduled,False,False
3879787,2016-03-19,12,Serie A,27,2015/2016,male,229,AS Roma,238,Inter Milan,1,1,available,unscheduled,False,False
3879786,2016-03-13,12,Serie A,27,2015/2016,male,2256,Palermo,227,Napoli,0,1,available,unscheduled,False,False
3879784,2016-03-13,12,Serie A,27,2015/2016,male,233,Genoa,241,Torino,3,2,available,unscheduled,False,False
3879783,2016-03-13,12,Serie A,27,2015/2016,male,230,Udinese,229,AS Roma,1,2,available,unscheduled,False,False
3879782,2016-03-13,12,Serie A,27,2015/2016,male,1683,Carpi,291,Frosinone,2,1,available,unscheduled,False,False
3879781,2016-03-13,12,Serie A,27,2015/2016,male,231,Chievo,243,AC Milan,0,0,available,unscheduled,False,False
3879780,2016-03-13,12,Serie A,27,2015/2016,male,239,Fiorentina,226,Hellas Verona,1,1,available,unscheduled,False,False
3879779,2016-03-12,12,Serie A,27,2015/2016,male,238,Inter Milan,240,Bologna,2,1,available,unscheduled,False,False
3879778,2016-03-12,12,Serie A,27,2015/2016,male,290,Empoli,234,Sampdoria,1,1,available,unscheduled,False,False
3879777,2016-03-11,12,Serie A,27,2015/2016,male,224,Juventus,232,Sassuolo,1,0,available,unscheduled,False,False
3879774,2016-03-06,12,Serie A,27,2015/2016,male,238,Inter Milan,2256,Palermo,3,1,available,unscheduled,False,False
3879776,2016-03-06,12,Serie A,27,2015/2016,male,240,Bologna,1683,Carpi,0,0,available,unscheduled,False,False
3879771,2016-03-06,12,Serie A,27,2015/2016,male,232,Sassuolo,243,AC Milan,2,0,available,unscheduled,False,False
3879772,2016-03-06,12,Serie A,27,2015/2016,male,241,Torino,236,Lazio,1,1,available,unscheduled,False,False
3879756,2016-02-22,12,Serie A,27,2015/2016,male,227,Napoli,243,AC Milan,1,1,available,unscheduled,False,False
3879754,2016-02-21,12,Serie A,27,2015/2016,male,241,Torino,1683,Carpi,0,0,available,unscheduled,False,False
3879748,2016-02-20,12,Serie A,27,2015/2016,male,226,Hellas Verona,231,Chievo,3,1,available,unscheduled,False,False
3879749,2016-02-20,12,Serie A,27,2015/2016,male,238,Inter Milan,234,Sampdoria,3,1,available,unscheduled,False,False
3879747,2016-02-19,12,Serie A,27,2015/2016,male,240,Bologna,224,Juventus,0,0,available,unscheduled,False,False
3879742,2016-02-14,12,Serie A,27,2015/2016,male,243,AC Milan,233,Genoa,2,1,available,unscheduled,False,False
3879746,2016-02-14,12,Serie A,27,2015/2016,male,239,Fiorentina,238,Inter Milan,2,1,available,unscheduled,False,False
3879744,2016-02-14,12,Serie A,27,2015/2016,male,234,Sampdoria,228,Atalanta,0,0,available,unscheduled,False,False
3879745,2016-02-14,12,Serie A,27,2015/2016,male,2256,Palermo,241,Torino,1,3,available,unscheduled,False,False
3879743,2016-02-14,12,Serie A,27,2015/2016,male,230,Udinese,240,Bologna,0,1,available,unscheduled,False,False
3879739,2016-02-13,12,Serie A,27,2015/2016,male,224,Juventus,227,Napoli,1,0,available,unscheduled,False,False
3879741,2016-02-13,12,Serie A,27,2015/2016,male,231,Chievo,232,Sassuolo,1,1,available,unscheduled,False,False
3879740,2016-02-13,12,Serie A,27,2015/2016,male,290,Empoli,291,Frosinone,1,2,available,unscheduled,False,False
3879738,2016-02-12,12,Serie A,27,2015/2016,male,1683,Carpi,229,AS Roma,1,3,available,unscheduled,False,False
3879737,2016-02-11,12,Serie A,27,2015/2016,male,236,Lazio,226,Hellas Verona,5,2,available,unscheduled,False,False
3879732,2016-02-07,12,Serie A,27,2015/2016,male,241,Torino,231,Chievo,1,2,available,unscheduled,False,False
3879707,2016-01-30,12,Serie A,27,2015/2016,male,229,AS Roma,291,Frosinone,3,1,available,unscheduled,False,False
3879702,2016-01-24,12,Serie A,27,2015/2016,male,226,Hellas Verona,233,Genoa,1,1,available,unscheduled,False,False
3879704,2016-01-24,12,Serie A,27,2015/2016,male,238,Inter Milan,1683,Carpi,1,1,available,unscheduled,False,False
3879701,2016-01-24,12,Serie A,27,2015/2016,male,224,Juventus,229,AS Roma,1,0,available,unscheduled,False,False
3879700,2016-01-24,12,Serie A,27,2015/2016,male,2256,Palermo,230,Udinese,4,1,available,unscheduled,False,False
3879706,2016-01-24,12,Serie A,27,2015/2016,male,239,Fiorentina,241,Torino,2,0,available,unscheduled,False,False
3878559,2015-08-30,12,Serie A,27,2015/2016,male,228,Atalanta,291,Frosinone,2,0,available,unscheduled,False,False
3879636,2015-11-30,12,Serie A,27,2015/2016,male,232,Sassuolo,239,Fiorentina,1,1,available,unscheduled,False,False
3879627,2015-11-28,12,Serie A,27,2015/2016,male,241,Torino,240,Bologna,2,0,available,unscheduled,False,False
3879626,2015-11-22,12,Serie A,27,2015/2016,male,238,Inter Milan,291,Frosinone,4,0,available,unscheduled,False,False
3879625,2015-11-22,12,Serie A,27,2015/2016,male,230,Udinese,234,Sampdoria,1,0,available,unscheduled,False,False
3879624,2015-11-22,12,Serie A,27,2015/2016,male,236,Lazio,2256,Palermo,1,1,available,unscheduled,False,False
3879623,2015-11-22,12,Serie A,27,2015/2016,male,239,Fiorentina,290,Empoli,2,2,available,unscheduled,False,False
3879622,2015-11-22,12,Serie A,27,2015/2016,male,1683,Carpi,231,Chievo,1,2,available,unscheduled,False,False
3879621,2015-11-22,12,Serie A,27,2015/2016,male,228,Atalanta,241,Torino,0,1,available,unscheduled,False,False
3879620,2015-11-22,12,Serie A,27,2015/2016,male,226,Hellas Verona,227,Napoli,0,2,available,unscheduled,False,False
3878611,2015-09-20,12,Serie A,27,2015/2016,male,231,Chievo,238,Inter Milan,0,1,available,unscheduled,False,False
3878610,2015-09-20,12,Serie A,27,2015/2016,male,228,Atalanta,226,Hellas Verona,1,1,available,unscheduled,False,False
3878608,2015-09-20,12,Serie A,27,2015/2016,male,240,Bologna,291,Frosinone,1,0,available,unscheduled,False,False
3878607,2015-09-20,12,Serie A,27,2015/2016,male,229,AS Roma,232,Sassuolo,2,2,available,unscheduled,False,False
3878606,2015-09-20,12,Serie A,27,2015/2016,male,241,Torino,234,Sampdoria,2,0,available,unscheduled,False,False
3878605,2015-09-20,12,Serie A,27,2015/2016,male,1683,Carpi,239,Fiorentina,0,1,available,unscheduled,False,False
3879876,2016-05-15,12,Serie A,27,2015/2016,male,233,Genoa,228,Atalanta,1,2,available,unscheduled,False,False
3879875,2016-05-15,12,Serie A,27,2015/2016,male,2256,Palermo,226,Hellas Verona,3,2,available,unscheduled,False,False
3879874,2016-05-15,12,Serie A,27,2015/2016,male,236,Lazio,239,Fiorentina,2,4,available,unscheduled,False,False
3879873,2016-05-15,12,Serie A,27,2015/2016,male,290,Empoli,241,Torino,2,1,available,unscheduled,False,False
3879872,2016-05-15,12,Serie A,27,2015/2016,male,231,Chievo,240,Bologna,0,0,available,unscheduled,False,False
3879871,2016-05-15,12,Serie A,27,2015/2016,male,230,Udinese,1683,Carpi,1,2,available,unscheduled,False,False
3879870,2016-05-14,12,Serie A,27,2015/2016,male,224,Juventus,234,Sampdoria,5,0,available,unscheduled,False,False
3879869,2016-05-14,12,Serie A,27,2015/2016,male,243,AC Milan,229,AS Roma,1,3,available,unscheduled,False,False
3879868,2016-05-14,12,Serie A,27,2015/2016,male,232,Sassuolo,238,Inter Milan,3,1,available,unscheduled,False,False
3879867,2016-05-14,12,Serie A,27,2015/2016,male,227,Napoli,291,Frosinone,4,0,available,unscheduled,False,False
3879866,2016-05-08,12,Serie A,27,2015/2016,male,229,AS Roma,231,Chievo,3,0,available,unscheduled,False,False
3879865,2016-05-08,12,Serie A,27,2015/2016,male,234,Sampdoria,233,Genoa,0,3,available,unscheduled,False,False
3879864,2016-05-08,12,Serie A,27,2015/2016,male,226,Hellas Verona,224,Juventus,2,1,available,unscheduled,False,False
3879861,2016-05-08,12,Serie A,27,2015/2016,male,291,Frosinone,232,Sassuolo,0,1,available,unscheduled,False,False
3879860,2016-05-08,12,Serie A,27,2015/2016,male,239,Fiorentina,2256,Palermo,0,0,available,unscheduled,False,False
3879859,2016-05-08,12,Serie A,27,2015/2016,male,1683,Carpi,236,Lazio,1,3,available,unscheduled,False,False
3879858,2016-05-07,12,Serie A,27,2015/2016,male,240,Bologna,243,AC Milan,0,1,available,unscheduled,False,False
3879857,2016-05-07,12,Serie A,27,2015/2016,male,238,Inter Milan,290,Empoli,2,1,available,unscheduled,False,False
3879856,2016-05-02,12,Serie A,27,2015/2016,male,233,Genoa,229,AS Roma,2,3,available,unscheduled,False,False
3879855,2016-05-02,12,Serie A,27,2015/2016,male,227,Napoli,228,Atalanta,2,1,available,unscheduled,False,False
3879854,2016-05-01,12,Serie A,27,2015/2016,male,232,Sassuolo,226,Hellas Verona,1,0,available,unscheduled,False,False
3879853,2016-05-01,12,Serie A,27,2015/2016,male,236,Lazio,238,Inter Milan,2,0,available,unscheduled,False,False
3879852,2016-05-01,12,Serie A,27,2015/2016,male,2256,Palermo,234,Sampdoria,2,0,available,unscheduled,False,False
3879851,2016-05-01,12,Serie A,27,2015/2016,male,243,AC Milan,291,Frosinone,3,3,available,unscheduled,False,False
3879850,2016-05-01,12,Serie A,27,2015/2016,male,224,Juventus,1683,Carpi,2,0,available,unscheduled,False,False
3879849,2016-05-01,12,Serie A,27,2015/2016,male,290,Empoli,240,Bologna,0,0,available,unscheduled,False,False
3879848,2016-04-30,12,Serie A,27,2015/2016,male,231,Chievo,239,Fiorentina,0,0,available,unscheduled,False,False
3879846,2016-04-25,12,Serie A,27,2015/2016,male,226,Hellas Verona,243,AC Milan,2,1,available,unscheduled,False,False
3879845,2016-04-25,12,Serie A,27,2015/2016,male,229,AS Roma,227,Napoli,1,0,available,unscheduled,False,False
3879844,2016-04-25,12,Serie A,27,2015/2016,male,1683,Carpi,290,Empoli,1,0,available,unscheduled,False,False
3879843,2016-04-24,12,Serie A,27,2015/2016,male,241,Torino,232,Sassuolo,1,3,available,unscheduled,False,False
3879842,2016-04-24,12,Serie A,27,2015/2016,male,228,Atalanta,231,Chievo,1,0,available,unscheduled,False,False
3879841,2016-04-24,12,Serie A,27,2015/2016,male,291,Frosinone,2256,Palermo,0,2,available,unscheduled,False,False
3879835,2016-04-20,12,Serie A,27,2015/2016,male,231,Chievo,291,Frosinone,5,1,available,unscheduled,False,False
3879834,2016-04-20,12,Serie A,27,2015/2016,male,230,Udinese,239,Fiorentina,2,1,available,unscheduled,False,False
3879831,2016-04-20,12,Serie A,27,2015/2016,male,232,Sassuolo,234,Sampdoria,0,0,available,unscheduled,False,False
3879829,2016-04-20,12,Serie A,27,2015/2016,male,290,Empoli,226,Hellas Verona,1,0,available,unscheduled,False,False
3879827,2016-04-19,12,Serie A,27,2015/2016,male,227,Napoli,240,Bologna,6,0,available,unscheduled,False,False
3879826,2016-04-17,12,Serie A,27,2015/2016,male,226,Hellas Verona,291,Frosinone,1,2,available,unscheduled,False,False
3879824,2016-04-17,12,Serie A,27,2015/2016,male,234,Sampdoria,243,AC Milan,0,1,available,unscheduled,False,False
3879823,2016-04-17,12,Serie A,27,2015/2016,male,228,Atalanta,229,AS Roma,3,3,available,unscheduled,False,False
3879822,2016-04-17,12,Serie A,27,2015/2016,male,230,Udinese,231,Chievo,0,0,available,unscheduled,False,False
3879821,2016-04-17,12,Serie A,27,2015/2016,male,239,Fiorentina,232,Sassuolo,3,1,available,unscheduled,False,False
3879820,2016-04-17,12,Serie A,27,2015/2016,male,224,Juventus,2256,Palermo,4,0,available,unscheduled,False,False
3879818,2016-04-16,12,Serie A,27,2015/2016,male,240,Bologna,241,Torino,0,1,available,unscheduled,False,False
3879816,2016-04-11,12,Serie A,27,2015/2016,male,229,AS Roma,240,Bologna,1,1,available,unscheduled,False,False
3879815,2016-04-10,12,Serie A,27,2015/2016,male,241,Torino,228,Atalanta,2,1,available,unscheduled,False,False
3879814,2016-04-10,12,Serie A,27,2015/2016,male,290,Empoli,239,Fiorentina,2,0,available,unscheduled,False,False
3879813,2016-04-10,12,Serie A,27,2015/2016,male,234,Sampdoria,230,Udinese,2,0,available,unscheduled,False,False
3879812,2016-04-10,12,Serie A,27,2015/2016,male,2256,Palermo,236,Lazio,0,3,available,unscheduled,False,False
3879811,2016-04-10,12,Serie A,27,2015/2016,male,227,Napoli,226,Hellas Verona,3,0,available,unscheduled,False,False
3879810,2016-04-09,12,Serie A,27,2015/2016,male,243,AC Milan,224,Juventus,1,2,available,unscheduled,False,False
3879809,2016-04-09,12,Serie A,27,2015/2016,male,232,Sassuolo,233,Genoa,0,1,available,unscheduled,False,False
3879808,2016-04-09,12,Serie A,27,2015/2016,male,291,Frosinone,238,Inter Milan,0,1,available,unscheduled,False,False
3879807,2016-04-09,12,Serie A,27,2015/2016,male,231,Chievo,1683,Carpi,1,0,available,unscheduled,False,False
3879806,2016-04-04,12,Serie A,27,2015/2016,male,240,Bologna,226,Hellas Verona,0,1,available,unscheduled,False,False
3879805,2016-04-03,12,Serie A,27,2015/2016,male,228,Atalanta,243,AC Milan,2,1,available,unscheduled,False,False
3879804,2016-04-03,12,Serie A,27,2015/2016,male,233,Genoa,291,Frosinone,4,0,available,unscheduled,False,False
3879803,2016-04-03,12,Serie A,27,2015/2016,male,230,Udinese,227,Napoli,3,1,available,unscheduled,False,False
3879802,2016-04-03,12,Serie A,27,2015/2016,male,231,Chievo,2256,Palermo,3,1,available,unscheduled,False,False
3879801,2016-04-03,12,Serie A,27,2015/2016,male,238,Inter Milan,241,Torino,1,2,available,unscheduled,False,False
3879800,2016-04-03,12,Serie A,27,2015/2016,male,239,Fiorentina,234,Sampdoria,1,1,available,unscheduled,False,False
3879799,2016-04-03,12,Serie A,27,2015/2016,male,236,Lazio,229,AS Roma,1,4,available,unscheduled,False,False
3879798,2016-04-02,12,Serie A,27,2015/2016,male,224,Juventus,290,Empoli,1,0,available,unscheduled,False,False
3879797,2016-04-02,12,Serie A,27,2015/2016,male,1683,Carpi,232,Sassuolo,1,3,available,unscheduled,False,False
3879796,2016-03-20,12,Serie A,27,2015/2016,male,227,Napoli,233,Genoa,3,1,available,unscheduled,False,False
3879793,2016-03-20,12,Serie A,27,2015/2016,male,232,Sassuolo,230,Udinese,1,1,available,unscheduled,False,False
3879791,2016-03-20,12,Serie A,27,2015/2016,male,243,AC Milan,236,Lazio,1,1,available,unscheduled,False,False
3879790,2016-03-20,12,Serie A,27,2015/2016,male,241,Torino,224,Juventus,1,4,available,unscheduled,False,False
3879789,2016-03-20,12,Serie A,27,2015/2016,male,291,Frosinone,239,Fiorentina,0,0,available,unscheduled,False,False
3879775,2016-03-06,12,Serie A,27,2015/2016,male,233,Genoa,290,Empoli,1,0,available,unscheduled,False,False
3879770,2016-03-06,12,Serie A,27,2015/2016,male,228,Atalanta,224,Juventus,0,2,available,unscheduled,False,False
3879769,2016-03-05,12,Serie A,27,2015/2016,male,227,Napoli,231,Chievo,3,1,available,unscheduled,False,False
3879768,2016-03-05,12,Serie A,27,2015/2016,male,226,Hellas Verona,234,Sampdoria,0,3,available,unscheduled,False,False
3879767,2016-03-04,12,Serie A,27,2015/2016,male,229,AS Roma,239,Fiorentina,4,1,available,unscheduled,False,False
3879766,2016-02-29,12,Serie A,27,2015/2016,male,236,Lazio,232,Sassuolo,0,2,available,unscheduled,False,False
3879765,2016-02-29,12,Serie A,27,2015/2016,male,239,Fiorentina,227,Napoli,1,1,available,unscheduled,False,False
3879764,2016-02-28,12,Serie A,27,2015/2016,male,231,Chievo,233,Genoa,1,0,available,unscheduled,False,False
3879763,2016-02-28,12,Serie A,27,2015/2016,male,234,Sampdoria,291,Frosinone,2,0,available,unscheduled,False,False
3879762,2016-02-28,12,Serie A,27,2015/2016,male,230,Udinese,226,Hellas Verona,2,0,available,unscheduled,False,False
3879761,2016-02-28,12,Serie A,27,2015/2016,male,1683,Carpi,228,Atalanta,1,1,available,unscheduled,False,False
3879760,2016-02-28,12,Serie A,27,2015/2016,male,2256,Palermo,240,Bologna,0,0,available,unscheduled,False,False
3879759,2016-02-28,12,Serie A,27,2015/2016,male,224,Juventus,238,Inter Milan,2,0,available,unscheduled,False,False
3879758,2016-02-27,12,Serie A,27,2015/2016,male,243,AC Milan,241,Torino,1,0,available,unscheduled,False,False
3879757,2016-02-27,12,Serie A,27,2015/2016,male,290,Empoli,229,AS Roma,1,3,available,unscheduled,False,False
3879755,2016-02-21,12,Serie A,27,2015/2016,male,291,Frosinone,236,Lazio,0,0,available,unscheduled,False,False
3879753,2016-02-21,12,Serie A,27,2015/2016,male,232,Sassuolo,290,Empoli,3,2,available,unscheduled,False,False
3879752,2016-02-21,12,Serie A,27,2015/2016,male,233,Genoa,230,Udinese,2,1,available,unscheduled,False,False
3879751,2016-02-21,12,Serie A,27,2015/2016,male,229,AS Roma,2256,Palermo,5,0,available,unscheduled,False,False
3879736,2016-02-07,12,Serie A,27,2015/2016,male,229,AS Roma,234,Sampdoria,2,1,available,unscheduled,False,False
3879735,2016-02-07,12,Serie A,27,2015/2016,male,228,Atalanta,290,Empoli,0,0,available,unscheduled,False,False
3879734,2016-02-07,12,Serie A,27,2015/2016,male,243,AC Milan,230,Udinese,1,1,available,unscheduled,False,False
3879733,2016-02-07,12,Serie A,27,2015/2016,male,291,Frosinone,224,Juventus,0,2,available,unscheduled,False,False
3879731,2016-02-07,12,Serie A,27,2015/2016,male,227,Napoli,1683,Carpi,1,0,available,unscheduled,False,False
3879730,2016-02-07,12,Serie A,27,2015/2016,male,226,Hellas Verona,238,Inter Milan,3,3,available,unscheduled,False,False
3879729,2016-02-07,12,Serie A,27,2015/2016,male,232,Sassuolo,2256,Palermo,2,2,available,unscheduled,False,False
3879728,2016-02-06,12,Serie A,27,2015/2016,male,240,Bologna,239,Fiorentina,1,1,available,unscheduled,False,False
3879727,2016-02-06,12,Serie A,27,2015/2016,male,233,Genoa,236,Lazio,0,0,available,unscheduled,False,False
3879726,2016-02-03,12,Serie A,27,2015/2016,male,224,Juventus,233,Genoa,1,0,available,unscheduled,False,False
3879725,2016-02-03,12,Serie A,27,2015/2016,male,291,Frosinone,240,Bologna,1,0,available,unscheduled,False,False
3879724,2016-02-03,12,Serie A,27,2015/2016,male,239,Fiorentina,1683,Carpi,2,1,available,unscheduled,False,False
3879723,2016-02-03,12,Serie A,27,2015/2016,male,238,Inter Milan,231,Chievo,1,0,available,unscheduled,False,False
3879722,2016-02-03,12,Serie A,27,2015/2016,male,226,Hellas Verona,228,Atalanta,2,1,available,unscheduled,False,False
3879721,2016-02-03,12,Serie A,27,2015/2016,male,2256,Palermo,243,AC Milan,0,2,available,unscheduled,False,False
3879720,2016-02-03,12,Serie A,27,2015/2016,male,236,Lazio,227,Napoli,0,2,available,unscheduled,False,False
3879719,2016-02-03,12,Serie A,27,2015/2016,male,234,Sampdoria,241,Torino,2,2,available,unscheduled,False,False
3879718,2016-02-03,12,Serie A,27,2015/2016,male,290,Empoli,230,Udinese,1,1,available,unscheduled,False,False
3879717,2016-02-02,12,Serie A,27,2015/2016,male,232,Sassuolo,229,AS Roma,0,2,available,unscheduled,False,False
3879716,2016-01-31,12,Serie A,27,2015/2016,male,233,Genoa,239,Fiorentina,0,0,available,unscheduled,False,False
3879715,2016-01-31,12,Serie A,27,2015/2016,male,241,Torino,226,Hellas Verona,0,0,available,unscheduled,False,False
3879714,2016-01-31,12,Serie A,27,2015/2016,male,227,Napoli,290,Empoli,5,1,available,unscheduled,False,False
3879713,2016-01-31,12,Serie A,27,2015/2016,male,231,Chievo,224,Juventus,0,4,available,unscheduled,False,False
3879712,2016-01-31,12,Serie A,27,2015/2016,male,243,AC Milan,238,Inter Milan,3,0,available,unscheduled,False,False
3879711,2016-01-31,12,Serie A,27,2015/2016,male,230,Udinese,236,Lazio,0,0,available,unscheduled,False,False
3879710,2016-01-31,12,Serie A,27,2015/2016,male,240,Bologna,234,Sampdoria,3,2,available,unscheduled,False,False
3879709,2016-01-30,12,Serie A,27,2015/2016,male,1683,Carpi,2256,Palermo,1,1,available,unscheduled,False,False
3879708,2016-01-30,12,Serie A,27,2015/2016,male,228,Atalanta,232,Sassuolo,1,1,available,unscheduled,False,False
3879698,2016-01-23,12,Serie A,27,2015/2016,male,290,Empoli,243,AC Milan,2,2,available,unscheduled,False,False
3879697,2016-01-23,12,Serie A,27,2015/2016,male,291,Frosinone,228,Atalanta,0,0,available,unscheduled,False,False
3879696,2016-01-20,12,Serie A,27,2015/2016,male,232,Sassuolo,241,Torino,1,1,available,unscheduled,False,False
3879695,2016-01-17,12,Serie A,27,2015/2016,male,233,Genoa,2256,Palermo,4,0,available,unscheduled,False,False
3879694,2016-01-17,12,Serie A,27,2015/2016,male,240,Bologna,236,Lazio,2,2,available,unscheduled,False,False
3879693,2016-01-17,12,Serie A,27,2015/2016,male,230,Udinese,224,Juventus,0,4,available,unscheduled,False,False
3879692,2016-01-17,12,Serie A,27,2015/2016,male,231,Chievo,290,Empoli,1,1,available,unscheduled,False,False
3879691,2016-01-17,12,Serie A,27,2015/2016,male,229,AS Roma,226,Hellas Verona,1,1,available,unscheduled,False,False
3879690,2016-01-17,12,Serie A,27,2015/2016,male,243,AC Milan,239,Fiorentina,2,0,available,unscheduled,False,False
3879689,2016-01-17,12,Serie A,27,2015/2016,male,1683,Carpi,234,Sampdoria,2,1,available,unscheduled,False,False
3879688,2016-01-16,12,Serie A,27,2015/2016,male,228,Atalanta,238,Inter Milan,1,1,available,unscheduled,False,False
3879687,2016-01-16,12,Serie A,27,2015/2016,male,241,Torino,291,Frosinone,4,2,available,unscheduled,False,False
3879686,2016-01-16,12,Serie A,27,2015/2016,male,227,Napoli,232,Sassuolo,3,1,available,unscheduled,False,False
3879685,2016-01-10,12,Serie A,27,2015/2016,male,228,Atalanta,233,Genoa,0,2,available,unscheduled,False,False
3879684,2016-01-10,12,Serie A,27,2015/2016,male,234,Sampdoria,224,Juventus,1,2,available,unscheduled,False,False
3879683,2016-01-10,12,Serie A,27,2015/2016,male,226,Hellas Verona,2256,Palermo,0,1,available,unscheduled,False,False
3879682,2016-01-10,12,Serie A,27,2015/2016,male,241,Torino,290,Empoli,0,1,available,unscheduled,False,False
3879681,2016-01-10,12,Serie A,27,2015/2016,male,238,Inter Milan,232,Sassuolo,0,1,available,unscheduled,False,False
3879680,2016-01-10,12,Serie A,27,2015/2016,male,240,Bologna,231,Chievo,0,1,available,unscheduled,False,False
3879679,2016-01-10,12,Serie A,27,2015/2016,male,291,Frosinone,227,Napoli,1,5,available,unscheduled,False,False
3879678,2016-01-09,12,Serie A,27,2015/2016,male,1683,Carpi,230,Udinese,2,1,available,unscheduled,False,False
3879677,2016-01-09,12,Serie A,27,2015/2016,male,239,Fiorentina,236,Lazio,1,3,available,unscheduled,False,False
3879676,2016-01-09,12,Serie A,27,2015/2016,male,229,AS Roma,243,AC Milan,1,1,available,unscheduled,False,False
3879675,2016-01-06,12,Serie A,27,2015/2016,male,236,Lazio,1683,Carpi,0,0,available,unscheduled,False,False
3879674,2016-01-06,12,Serie A,27,2015/2016,male,243,AC Milan,240,Bologna,0,1,available,unscheduled,False,False
3879673,2016-01-06,12,Serie A,27,2015/2016,male,230,Udinese,228,Atalanta,2,1,available,unscheduled,False,False
3879672,2016-01-06,12,Serie A,27,2015/2016,male,231,Chievo,229,AS Roma,3,3,available,unscheduled,False,False
3879671,2016-01-06,12,Serie A,27,2015/2016,male,2256,Palermo,239,Fiorentina,1,3,available,unscheduled,False,False
3879670,2016-01-06,12,Serie A,27,2015/2016,male,224,Juventus,226,Hellas Verona,3,0,available,unscheduled,False,False
3879669,2016-01-06,12,Serie A,27,2015/2016,male,227,Napoli,241,Torino,2,1,available,unscheduled,False,False
3879668,2016-01-06,12,Serie A,27,2015/2016,male,290,Empoli,238,Inter Milan,0,1,available,unscheduled,False,False
3879667,2016-01-06,12,Serie A,27,2015/2016,male,232,Sassuolo,291,Frosinone,2,2,available,unscheduled,False,False
3879666,2016-01-05,12,Serie A,27,2015/2016,male,233,Genoa,234,Sampdoria,2,3,available,unscheduled,False,False
3879662,2015-12-20,12,Serie A,27,2015/2016,male,239,Fiorentina,231,Chievo,2,0,available,unscheduled,False,False
3879661,2015-12-20,12,Serie A,27,2015/2016,male,228,Atalanta,227,Napoli,1,3,available,unscheduled,False,False
3879660,2015-12-20,12,Serie A,27,2015/2016,male,1683,Carpi,224,Juventus,2,3,available,unscheduled,False,False
3879659,2015-12-20,12,Serie A,27,2015/2016,male,238,Inter Milan,236,Lazio,1,2,available,unscheduled,False,False
3879658,2015-12-20,12,Serie A,27,2015/2016,male,241,Torino,230,Udinese,0,1,available,unscheduled,False,False
3879657,2015-12-20,12,Serie A,27,2015/2016,male,229,AS Roma,233,Genoa,2,0,available,unscheduled,False,False
3879656,2015-12-19,12,Serie A,27,2015/2016,male,240,Bologna,290,Empoli,2,3,available,unscheduled,False,False
3879655,2015-12-14,12,Serie A,27,2015/2016,male,236,Lazio,234,Sampdoria,1,1,available,unscheduled,False,False
3879654,2015-12-13,12,Serie A,27,2015/2016,male,231,Chievo,228,Atalanta,1,0,available,unscheduled,False,False
3879652,2015-12-13,12,Serie A,27,2015/2016,male,243,AC Milan,226,Hellas Verona,1,1,available,unscheduled,False,False
3879651,2015-12-13,12,Serie A,27,2015/2016,male,227,Napoli,229,AS Roma,0,0,available,unscheduled,False,False
3879650,2015-12-13,12,Serie A,27,2015/2016,male,290,Empoli,1683,Carpi,3,0,available,unscheduled,False,False
3879649,2015-12-12,12,Serie A,27,2015/2016,male,2256,Palermo,291,Frosinone,4,1,available,unscheduled,False,False
3879648,2015-12-12,12,Serie A,27,2015/2016,male,230,Udinese,238,Inter Milan,0,4,available,unscheduled,False,False
3879647,2015-12-12,12,Serie A,27,2015/2016,male,233,Genoa,240,Bologna,0,1,available,unscheduled,False,False
3879646,2015-12-06,12,Serie A,27,2015/2016,male,239,Fiorentina,230,Udinese,3,0,available,unscheduled,False,False
3879644,2015-12-06,12,Serie A,27,2015/2016,male,228,Atalanta,2256,Palermo,3,0,available,unscheduled,False,False
3879643,2015-12-06,12,Serie A,27,2015/2016,male,234,Sampdoria,232,Sassuolo,1,3,available,unscheduled,False,False
3879642,2015-12-06,12,Serie A,27,2015/2016,male,1683,Carpi,243,AC Milan,0,0,available,unscheduled,False,False
3879641,2015-12-06,12,Serie A,27,2015/2016,male,226,Hellas Verona,290,Empoli,0,1,available,unscheduled,False,False
3879640,2015-12-06,12,Serie A,27,2015/2016,male,291,Frosinone,231,Chievo,0,2,available,unscheduled,False,False
3879639,2015-12-05,12,Serie A,27,2015/2016,male,241,Torino,229,AS Roma,1,1,available,unscheduled,False,False
3879638,2015-12-05,12,Serie A,27,2015/2016,male,238,Inter Milan,233,Genoa,1,0,available,unscheduled,False,False
3879637,2015-12-04,12,Serie A,27,2015/2016,male,236,Lazio,224,Juventus,0,2,available,unscheduled,False,False
3879635,2015-11-30,12,Serie A,27,2015/2016,male,227,Napoli,238,Inter Milan,2,1,available,unscheduled,False,False
3879634,2015-11-29,12,Serie A,27,2015/2016,male,233,Genoa,1683,Carpi,1,2,available,unscheduled,False,False
3879633,2015-11-29,12,Serie A,27,2015/2016,male,290,Empoli,236,Lazio,1,0,available,unscheduled,False,False
3879631,2015-11-29,12,Serie A,27,2015/2016,male,231,Chievo,230,Udinese,2,3,available,unscheduled,False,False
3879630,2015-11-29,12,Serie A,27,2015/2016,male,2256,Palermo,224,Juventus,0,3,available,unscheduled,False,False
3879629,2015-11-29,12,Serie A,27,2015/2016,male,291,Frosinone,226,Hellas Verona,3,2,available,unscheduled,False,False
3879619,2015-11-22,12,Serie A,27,2015/2016,male,233,Genoa,232,Sassuolo,2,1,available,unscheduled,False,False
3879618,2015-11-21,12,Serie A,27,2015/2016,male,224,Juventus,243,AC Milan,1,0,available,unscheduled,False,False
3879617,2015-11-21,12,Serie A,27,2015/2016,male,240,Bologna,229,AS Roma,2,2,available,unscheduled,False,False
3879616,2015-11-08,12,Serie A,27,2015/2016,male,234,Sampdoria,239,Fiorentina,0,2,available,unscheduled,False,False
3879615,2015-11-08,12,Serie A,27,2015/2016,male,232,Sassuolo,1683,Carpi,1,0,available,unscheduled,False,False
3879614,2015-11-08,12,Serie A,27,2015/2016,male,241,Torino,238,Inter Milan,0,1,available,unscheduled,False,False
3879613,2015-11-08,12,Serie A,27,2015/2016,male,290,Empoli,224,Juventus,1,3,available,unscheduled,False,False
3879612,2015-11-08,12,Serie A,27,2015/2016,male,291,Frosinone,233,Genoa,2,2,available,unscheduled,False,False
3879611,2015-11-08,12,Serie A,27,2015/2016,male,2256,Palermo,231,Chievo,1,0,available,unscheduled,False,False
3879610,2015-11-08,12,Serie A,27,2015/2016,male,229,AS Roma,236,Lazio,2,0,available,unscheduled,False,False
3879607,2015-11-07,12,Serie A,27,2015/2016,male,243,AC Milan,228,Atalanta,0,0,available,unscheduled,False,False
3879606,2015-11-02,12,Serie A,27,2015/2016,male,231,Chievo,234,Sampdoria,1,1,available,unscheduled,False,False
3879605,2015-11-02,12,Serie A,27,2015/2016,male,2256,Palermo,290,Empoli,0,1,available,unscheduled,False,False
3879604,2015-11-01,12,Serie A,27,2015/2016,male,233,Genoa,227,Napoli,0,0,available,unscheduled,False,False
3879603,2015-11-01,12,Serie A,27,2015/2016,male,230,Udinese,232,Sassuolo,0,0,available,unscheduled,False,False
3879602,2015-11-01,12,Serie A,27,2015/2016,male,239,Fiorentina,291,Frosinone,4,1,available,unscheduled,False,False
3879601,2015-11-01,12,Serie A,27,2015/2016,male,240,Bologna,228,Atalanta,3,0,available,unscheduled,False,False
3879599,2015-11-01,12,Serie A,27,2015/2016,male,236,Lazio,243,AC Milan,1,3,available,unscheduled,False,False
3879598,2015-10-31,12,Serie A,27,2015/2016,male,238,Inter Milan,229,AS Roma,1,0,available,unscheduled,False,False
3879597,2015-10-31,12,Serie A,27,2015/2016,male,224,Juventus,241,Torino,2,1,available,unscheduled,False,False
3879596,2015-10-29,12,Serie A,27,2015/2016,male,234,Sampdoria,290,Empoli,1,1,available,unscheduled,False,False
3879595,2015-10-28,12,Serie A,27,2015/2016,male,226,Hellas Verona,239,Fiorentina,0,2,available,unscheduled,False,False
3879594,2015-10-28,12,Serie A,27,2015/2016,male,243,AC Milan,231,Chievo,1,0,available,unscheduled,False,False
3879593,2015-10-28,12,Serie A,27,2015/2016,male,227,Napoli,2256,Palermo,2,0,available,unscheduled,False,False
3879592,2015-10-28,12,Serie A,27,2015/2016,male,229,AS Roma,230,Udinese,3,1,available,unscheduled,False,False
3879591,2015-10-28,12,Serie A,27,2015/2016,male,232,Sassuolo,224,Juventus,1,0,available,unscheduled,False,False
3879590,2015-10-28,12,Serie A,27,2015/2016,male,241,Torino,233,Genoa,3,3,available,unscheduled,False,False
3879589,2015-10-28,12,Serie A,27,2015/2016,male,291,Frosinone,1683,Carpi,2,1,available,unscheduled,False,False
3879588,2015-10-28,12,Serie A,27,2015/2016,male,228,Atalanta,236,Lazio,2,1,available,unscheduled,False,False
3879586,2015-10-25,12,Serie A,27,2015/2016,male,234,Sampdoria,226,Hellas Verona,4,1,available,unscheduled,False,False
3879584,2015-10-25,12,Serie A,27,2015/2016,male,230,Udinese,291,Frosinone,1,0,available,unscheduled,False,False
3879583,2015-10-25,12,Serie A,27,2015/2016,male,239,Fiorentina,229,AS Roma,1,2,available,unscheduled,False,False
3879581,2015-10-25,12,Serie A,27,2015/2016,male,231,Chievo,227,Napoli,0,1,available,unscheduled,False,False
3879580,2015-10-25,12,Serie A,27,2015/2016,male,224,Juventus,228,Atalanta,2,0,available,unscheduled,False,False
3879578,2015-10-24,12,Serie A,27,2015/2016,male,1683,Carpi,240,Bologna,1,2,available,unscheduled,False,False
3879577,2015-10-24,12,Serie A,27,2015/2016,male,290,Empoli,233,Genoa,2,0,available,unscheduled,False,False
3879576,2015-10-18,12,Serie A,27,2015/2016,male,291,Frosinone,234,Sampdoria,2,0,available,unscheduled,False,False
3879574,2015-10-18,12,Serie A,27,2015/2016,male,238,Inter Milan,224,Juventus,0,0,available,unscheduled,False,False
3879573,2015-10-18,12,Serie A,27,2015/2016,male,232,Sassuolo,236,Lazio,2,1,available,unscheduled,False,False
3879572,2015-10-18,12,Serie A,27,2015/2016,male,227,Napoli,239,Fiorentina,2,1,available,unscheduled,False,False
3879571,2015-10-18,12,Serie A,27,2015/2016,male,228,Atalanta,1683,Carpi,3,0,available,unscheduled,False,False
3879570,2015-10-18,12,Serie A,27,2015/2016,male,233,Genoa,231,Chievo,3,2,available,unscheduled,False,False
3879569,2015-10-18,12,Serie A,27,2015/2016,male,240,Bologna,2256,Palermo,0,1,available,unscheduled,False,False
3879568,2015-10-17,12,Serie A,27,2015/2016,male,241,Torino,243,AC Milan,1,1,available,unscheduled,False,False
3879565,2015-10-04,12,Serie A,27,2015/2016,male,234,Sampdoria,238,Inter Milan,1,1,available,unscheduled,False,False
3879563,2015-10-04,12,Serie A,27,2015/2016,male,290,Empoli,232,Sassuolo,1,0,available,unscheduled,False,False
3879561,2015-10-04,12,Serie A,27,2015/2016,male,239,Fiorentina,228,Atalanta,3,0,available,unscheduled,False,False
3879560,2015-10-04,12,Serie A,27,2015/2016,male,236,Lazio,291,Frosinone,2,0,available,unscheduled,False,False
3879559,2015-10-04,12,Serie A,27,2015/2016,male,224,Juventus,240,Bologna,3,1,available,unscheduled,False,False
3879558,2015-10-03,12,Serie A,27,2015/2016,male,1683,Carpi,241,Torino,2,1,available,unscheduled,False,False
3879555,2015-09-28,12,Serie A,27,2015/2016,male,228,Atalanta,234,Sampdoria,2,1,available,unscheduled,False,False
3879554,2015-09-27,12,Serie A,27,2015/2016,male,241,Torino,2256,Palermo,2,1,available,unscheduled,False,False
3879553,2015-09-27,12,Serie A,27,2015/2016,male,232,Sassuolo,231,Chievo,1,1,available,unscheduled,False,False
3879552,2015-09-27,12,Serie A,27,2015/2016,male,240,Bologna,230,Udinese,1,2,available,unscheduled,False,False
3879550,2015-09-27,12,Serie A,27,2015/2016,male,238,Inter Milan,239,Fiorentina,1,4,available,unscheduled,False,False
3879549,2015-09-27,12,Serie A,27,2015/2016,male,233,Genoa,243,AC Milan,1,0,available,unscheduled,False,False
3879548,2015-09-26,12,Serie A,27,2015/2016,male,227,Napoli,224,Juventus,2,1,available,unscheduled,False,False
3879547,2015-09-26,12,Serie A,27,2015/2016,male,229,AS Roma,1683,Carpi,5,1,available,unscheduled,False,False
3879546,2015-09-24,12,Serie A,27,2015/2016,male,290,Empoli,228,Atalanta,0,1,available,unscheduled,False,False
3879545,2015-09-23,12,Serie A,27,2015/2016,male,234,Sampdoria,229,AS Roma,2,1,available,unscheduled,False,False
3879544,2015-09-23,12,Serie A,27,2015/2016,male,2256,Palermo,232,Sassuolo,0,1,available,unscheduled,False,False
3879543,2015-09-23,12,Serie A,27,2015/2016,male,224,Juventus,291,Frosinone,1,1,available,unscheduled,False,False
3879541,2015-09-23,12,Serie A,27,2015/2016,male,239,Fiorentina,240,Bologna,2,0,available,unscheduled,False,False
3879540,2015-09-23,12,Serie A,27,2015/2016,male,231,Chievo,241,Torino,1,0,available,unscheduled,False,False
3879539,2015-09-23,12,Serie A,27,2015/2016,male,1683,Carpi,227,Napoli,0,0,available,unscheduled,False,False
3879538,2015-09-23,12,Serie A,27,2015/2016,male,236,Lazio,233,Genoa,2,0,available,unscheduled,False,False
3879537,2015-09-22,12,Serie A,27,2015/2016,male,230,Udinese,243,AC Milan,2,3,available,unscheduled,False,False
3878609,2015-09-20,12,Serie A,27,2015/2016,male,233,Genoa,224,Juventus,0,2,available,unscheduled,False,False
3878604,2015-09-20,12,Serie A,27,2015/2016,male,227,Napoli,236,Lazio,5,0,available,unscheduled,False,False
3878603,2015-09-19,12,Serie A,27,2015/2016,male,230,Udinese,290,Empoli,1,2,available,unscheduled,False,False
3878602,2015-09-19,12,Serie A,27,2015/2016,male,243,AC Milan,2256,Palermo,3,2,available,unscheduled,False,False
3878601,2015-09-14,12,Serie A,27,2015/2016,male,234,Sampdoria,240,Bologna,2,0,available,unscheduled,False,False
3878600,2015-09-13,12,Serie A,27,2015/2016,male,238,Inter Milan,243,AC Milan,1,0,available,unscheduled,False,False
3878599,2015-09-13,12,Serie A,27,2015/2016,male,232,Sassuolo,228,Atalanta,2,2,available,unscheduled,False,False
3878598,2015-09-13,12,Serie A,27,2015/2016,male,2256,Palermo,1683,Carpi,2,2,available,unscheduled,False,False
3878597,2015-09-13,12,Serie A,27,2015/2016,male,290,Empoli,227,Napoli,2,2,available,unscheduled,False,False
3878596,2015-09-13,12,Serie A,27,2015/2016,male,226,Hellas Verona,241,Torino,2,2,available,unscheduled,False,False
3878595,2015-09-13,12,Serie A,27,2015/2016,male,236,Lazio,230,Udinese,2,0,available,unscheduled,False,False
3878594,2015-09-12,12,Serie A,27,2015/2016,male,224,Juventus,231,Chievo,1,1,available,unscheduled,False,False
3878593,2015-09-12,12,Serie A,27,2015/2016,male,291,Frosinone,229,AS Roma,0,2,available,unscheduled,False,False
3878592,2015-09-12,12,Serie A,27,2015/2016,male,239,Fiorentina,233,Genoa,1,0,available,unscheduled,False,False
3878558,2015-08-30,12,Serie A,27,2015/2016,male,227,Napoli,234,Sampdoria,2,2,available,unscheduled,False,False
3878557,2015-08-30,12,Serie A,27,2015/2016,male,230,Udinese,2256,Palermo,0,1,available,unscheduled,False,False
3878556,2015-08-30,12,Serie A,27,2015/2016,male,241,Torino,239,Fiorentina,3,1,available,unscheduled,False,False
3878555,2015-08-30,12,Serie A,27,2015/2016,male,229,AS Roma,224,Juventus,2,1,available,unscheduled,False,False
3878554,2015-08-30,12,Serie A,27,2015/2016,male,233,Genoa,226,Hellas Verona,2,0,available,unscheduled,False,False
3878553,2015-08-30,12,Serie A,27,2015/2016,male,231,Chievo,236,Lazio,4,0,available,unscheduled,False,False
3878552,2015-08-30,12,Serie A,27,2015/2016,male,1683,Carpi,238,Inter Milan,1,2,available,unscheduled,False,False
3878551,2015-08-29,12,Serie A,27,2015/2016,male,243,AC Milan,290,Empoli,2,1,available,unscheduled,False,False
3878550,2015-08-29,12,Serie A,27,2015/2016,male,240,Bologna,232,Sassuolo,0,1,available,unscheduled,False,False
3878549,2015-08-23,12,Serie A,27,2015/2016,male,290,Empoli,231,Chievo,1,3,available,unscheduled,False,False
3878548,2015-08-23,12,Serie A,27,2015/2016,male,224,Juventus,230,Udinese,0,1,available,unscheduled,False,False
3878547,2015-08-23,12,Serie A,27,2015/2016,male,291,Frosinone,241,Torino,1,2,available,unscheduled,False,False
3878546,2015-08-23,12,Serie A,27,2015/2016,male,232,Sassuolo,227,Napoli,2,1,available,unscheduled,False,False
3878545,2015-08-23,12,Serie A,27,2015/2016,male,234,Sampdoria,1683,Carpi,5,2,available,unscheduled,False,False
3878544,2015-08-23,12,Serie A,27,2015/2016,male,2256,Palermo,233,Genoa,1,0,available,unscheduled,False,False
3878543,2015-08-23,12,Serie A,27,2015/2016,male,238,Inter Milan,228,Atalanta,1,0,available,unscheduled,False,False
3878542,2015-08-23,12,Serie A,27,2015/2016,male,239,Fiorentina,243,AC Milan,2,0,available,unscheduled,False,False
3878540,2015-08-22,12,Serie A,27,2015/2016,male,236,Lazio,240,Bologna,2,1,available,unscheduled,False,False
3889182,1986-11-09,12,Serie A,86,1986/1987,male,224,Juventus,227,Napoli,1,3,available,unscheduled,False,False
3910623,2023-09-16,131,Serie A Women,281,2023/2024,female,6755,Pomigliano,1076,Juventus W,2,3,available,unscheduled,False,False
3929005,2024-04-27,131,Serie A Women,281,2023/2024,female,1086,Fiorentina W,3154,Sassuolo W,4,4,available,unscheduled,False,False
3929003,2024-04-20,131,Serie A Women,281,2023/2024,female,1076,Juventus W,3154,Sassuolo W,2,1,available,unscheduled,False,False
3928994,2024-03-30,131,Serie A Women,281,2023/2024,female,1076,Juventus W,1086,Fiorentina W,4,0,available,unscheduled,False,False
3929023,2024-05-18,131,Serie A Women,281,2023/2024,female,3154,Sassuolo W,1076,Juventus W,2,3,available,unscheduled,False,False
3929014,2024-05-05,131,Serie A Women,281,2023/2024,female,6757,Sampdoria W,3155,Napoli W,2,0,available,unscheduled,False,False
3912509,2023-11-26,131,Serie A Women,281,2023/2024,female,6757,Sampdoria W,3154,Sassuolo W,0,4,available,unscheduled,False,False
3912514,2023-12-11,131,Serie A Women,281,2023/2024,female,3154,Sassuolo W,1086,Fiorentina W,1,2,available,unscheduled,False,False
3912511,2023-11-26,131,Serie A Women,281,2023/2024,female,3155,Napoli W,1076,Juventus W,1,3,available,unscheduled,False,False
3912539,2024-02-03,131,Serie A Women,281,2023/2024,female,3150,AC Milan W,1086,Fiorentina W,2,2,available,unscheduled,False,False
3912525,2024-01-13,131,Serie A Women,281,2023/2024,female,3152,AS Roma W,6755,Pomigliano,3,0,available,unscheduled,False,False
3912502,2023-11-19,131,Serie A Women,281,2023/2024,female,3154,Sassuolo W,3152,AS Roma W,0,2,available,unscheduled,False,False
3912483,2023-10-14,131,Serie A Women,281,2023/2024,female,11558,Como W,3150,AC Milan W,0,0,available,unscheduled,False,False
3912492,2023-11-04,131,Serie A Women,281,2023/2024,female,1086,Fiorentina W,3150,AC Milan W,1,0,available,unscheduled,False,False
3911870,2023-10-01,131,Serie A Women,281,2023/2024,female,3155,Napoli W,3150,AC Milan W,0,1,available,unscheduled,False,False
3912551,2024-02-17,131,Serie A Women,281,2023/2024,female,1086,Fiorentina W,3152,AS Roma W,0,1,available,unscheduled,False,False
3912488,2023-10-22,131,Serie A Women,281,2023/2024,female,3150,AC Milan W,6755,Pomigliano,4,1,available,unscheduled,False,False
3912479,2023-10-07,131,Serie A Women,281,2023/2024,female,3150,AC Milan W,1076,Juventus W,0,1,available,unscheduled,False,False
3912493,2023-11-05,131,Serie A Women,281,2023/2024,female,1076,Juventus W,3152,AS Roma W,1,3,available,unscheduled,False,False
3912487,2023-10-22,131,Serie A Women,281,2023/2024,female,6757,Sampdoria W,3152,AS Roma W,0,5,available,unscheduled,False,False
3912524,2024-01-13,131,Serie A Women,281,2023/2024,female,1076,Juventus W,3150,AC Milan W,2,1,available,unscheduled,False,False
3912518,2023-12-17,131,Serie A Women,281,2023/2024,female,11558,Como W,3152,AS Roma W,2,3,available,unscheduled,False,False
3912543,2024-02-10,131,Serie A Women,281,2023/2024,female,3155,Napoli W,3152,AS Roma W,0,1,available,unscheduled,False,False
3912482,2023-10-15,131,Serie A Women,281,2023/2024,female,3152,AS Roma W,3144,FC Internazionale Milano W,2,0,available,unscheduled,False,False
3912507,2023-11-26,131,Serie A Women,281,2023/2024,female,3152,AS Roma W,1086,Fiorentina W,2,1,available,unscheduled,False,False
3928989,2024-03-23,131,Serie A Women,281,2023/2024,female,3152,AS Roma W,3154,Sassuolo W,3,0,available,unscheduled,False,False
3912528,2024-01-22,131,Serie A Women,281,2023/2024,female,3150,AC Milan W,11558,Como W,3,2,available,unscheduled,False,False
3912515,2023-12-10,131,Serie A Women,281,2023/2024,female,3152,AS Roma W,3150,AC Milan W,2,1,available,unscheduled,False,False
3911869,2023-09-30,131,Serie A Women,281,2023/2024,female,3152,AS Roma W,11558,Como W,4,1,available,unscheduled,False,False
3910622,2023-09-17,131,Serie A Women,281,2023/2024,female,3150,AC Milan W,3152,AS Roma W,2,4,available,unscheduled,False,False
3929001,2024-04-21,131,Serie A Women,281,2023/2024,female,6757,Sampdoria W,3150,AC Milan W,1,3,available,unscheduled,False,False
3929008,2024-05-01,131,Serie A Women,281,2023/2024,female,3154,Sassuolo W,3152,AS Roma W,5,6,available,unscheduled,False,False
3929000,2024-04-20,131,Serie A Women,281,2023/2024,female,1086,Fiorentina W,3152,AS Roma W,0,0,available,unscheduled,False,False
3929015,2024-05-05,131,Serie A Women,281,2023/2024,female,3152,AS Roma W,3144,FC Internazionale Milano W,4,3,available,unscheduled,False,False
3912549,2024-02-13,131,Serie A Women,281,2023/2024,female,3152,AS Roma W,3154,Sassuolo W,3,0,available,unscheduled,False,False
3929017,2024-05-13,131,Serie A Women,281,2023/2024,female,1076,Juventus W,3152,AS Roma W,3,1,available,unscheduled,False,False
3912554,2024-02-18,131,Serie A Women,281,2023/2024,female,3150,AC Milan W,3144,FC Internazionale Milano W,2,1,available,unscheduled,False,False
3928993,2024-03-30,131,Serie A Women,281,2023/2024,female,11558,Como W,3150,AC Milan W,1,4,available,unscheduled,False,False
3929013,2024-05-05,131,Serie A Women,281,2023/2024,female,3150,AC Milan W,11558,Como W,1,0,available,unscheduled,False,False
3912504,2023-11-18,131,Serie A Women,281,2023/2024,female,3150,AC Milan W,6757,Sampdoria W,1,1,available,unscheduled,False,False
3928996,2024-04-14,131,Serie A Women,281,2023/2024,female,3150,AC Milan W,3155,Napoli W,3,2,available,unscheduled,False,False
3929020,2024-05-19,131,Serie A Women,281,2023/2024,female,3152,AS Roma W,1086,Fiorentina W,5,0,available,unscheduled,False,False
3929009,2024-05-01,131,Serie A Women,281,2023/2024,female,6755,Pomigliano,3150,AC Milan W,2,2,available,unscheduled,False,False
3929016,2024-05-12,131,Serie A Women,281,2023/2024,female,3155,Napoli W,3150,AC Milan W,1,1,available,unscheduled,False,False
3928991,2024-03-24,131,Serie A Women,281,2023/2024,female,3150,AC Milan W,6755,Pomigliano,4,0,available,unscheduled,False,False
3928997,2024-04-15,131,Serie A Women,281,2023/2024,female,3152,AS Roma W,1076,Juventus W,2,1,available,unscheduled,False,False
3912529,2024-01-21,131,Serie A Women,281,2023/2024,female,3154,Sassuolo W,1076,Juventus W,0,1,available,unscheduled,False,False
3912550,2024-02-18,131,Serie A Women,281,2023/2024,female,6755,Pomigliano,11558,Como W,3,4,available,unscheduled,False,False
3912542,2024-02-11,131,Serie A Women,281,2023/2024,female,6755,Pomigliano,3144,FC Internazionale Milano W,2,6,available,unscheduled,False,False
3912556,2024-02-04,131,Serie A Women,281,2023/2024,female,6757,Sampdoria W,6755,Pomigliano,1,0,available,unscheduled,False,False
3912530,2024-01-20,131,Serie A Women,281,2023/2024,female,6757,Sampdoria W,3155,Napoli W,0,0,available,unscheduled,False,False
3912547,2024-02-14,131,Serie A Women,281,2023/2024,female,6757,Sampdoria W,3150,AC Milan W,1,3,available,unscheduled,False,False
3928986,2024-03-17,131,Serie A Women,281,2023/2024,female,3144,FC Internazionale Milano W,1076,Juventus W,3,3,available,unscheduled,False,False
3912527,2024-01-20,131,Serie A Women,281,2023/2024,female,3144,FC Internazionale Milano W,3152,AS Roma W,2,0,available,unscheduled,False,False
3929021,2024-05-19,131,Serie A Women,281,2023/2024,female,6755,Pomigliano,3155,Napoli W,3,1,available,unscheduled,False,False
3928984,2024-03-16,131,Serie A Women,281,2023/2024,female,6755,Pomigliano,6757,Sampdoria W,0,5,available,unscheduled,False,False
3929022,2024-05-18,131,Serie A Women,281,2023/2024,female,3150,AC Milan W,6757,Sampdoria W,3,1,available,unscheduled,False,False
3929018,2024-05-12,131,Serie A Women,281,2023/2024,female,11558,Como W,6755,Pomigliano,2,0,available,unscheduled,False,False
3912495,2023-11-04,131,Serie A Women,281,2023/2024,female,6755,Pomigliano,6757,Sampdoria W,0,1,available,unscheduled,False,False
3929019,2024-05-12,131,Serie A Women,281,2023/2024,female,3144,FC Internazionale Milano W,3154,Sassuolo W,2,4,available,unscheduled,False,False
3929012,2024-05-06,131,Serie A Women,281,2023/2024,female,1086,Fiorentina W,1076,Juventus W,0,2,available,unscheduled,False,False
3929011,2024-05-01,131,Serie A Women,281,2023/2024,female,3144,FC Internazionale Milano W,1086,Fiorentina W,2,2,available,unscheduled,False,False
3929010,2024-05-01,131,Serie A Women,281,2023/2024,female,11558,Como W,6757,Sampdoria W,3,1,available,unscheduled,False,False
3929007,2024-04-27,131,Serie A Women,281,2023/2024,female,3155,Napoli W,11558,Como W,1,1,available,unscheduled,False,False
3929006,2024-04-27,131,Serie A Women,281,2023/2024,female,6757,Sampdoria W,6755,Pomigliano,2,2,available,unscheduled,False,False
3929004,2024-04-26,131,Serie A Women,281,2023/2024,female,1076,Juventus W,3144,FC Internazionale Milano W,0,2,available,unscheduled,False,False
3929002,2024-04-21,131,Serie A Women,281,2023/2024,female,3155,Napoli W,6755,Pomigliano,1,1,available,unscheduled,False,False
3928999,2024-04-14,131,Serie A Women,281,2023/2024,female,6755,Pomigliano,11558,Como W,1,2,available,unscheduled,False,False
3928998,2024-04-13,131,Serie A Women,281,2023/2024,female,3154,Sassuolo W,3144,FC Internazionale Milano W,2,1,available,unscheduled,False,False
3928995,2024-03-30,131,Serie A Women,281,2023/2024,female,3155,Napoli W,6757,Sampdoria W,2,0,available,unscheduled,False,False
3928992,2024-03-29,131,Serie A Women,281,2023/2024,female,3144,FC Internazionale Milano W,3152,AS Roma W,1,2,available,unscheduled,False,False
3928990,2024-03-24,131,Serie A Women,281,2023/2024,female,1086,Fiorentina W,3144,FC Internazionale Milano W,0,3,available,unscheduled,False,False
3928988,2024-03-23,131,Serie A Women,281,2023/2024,female,6757,Sampdoria W,11558,Como W,1,0,available,unscheduled,False,False
3928987,2024-03-17,131,Serie A Women,281,2023/2024,female,11558,Como W,3155,Napoli W,1,1,available,unscheduled,False,False
3928985,2024-03-16,131,Serie A Women,281,2023/2024,female,3154,Sassuolo W,1086,Fiorentina W,1,0,available,unscheduled,False,False
3912553,2024-02-18,131,Serie A Women,281,2023/2024,female,1076,Juventus W,3155,Napoli W,4,1,available,unscheduled,False,False
3912540,2024-02-11,131,Serie A Women,281,2023/2024,female,1076,Juventus W,11558,Como W,5,0,available,unscheduled,False,False
3912545,2024-02-14,131,Serie A Women,281,2023/2024,female,11558,Como W,1086,Fiorentina W,0,1,available,unscheduled,False,False
3912555,2024-02-03,131,Serie A Women,281,2023/2024,female,3144,FC Internazionale Milano W,11558,Como W,2,3,available,unscheduled,False,False
3912484,2023-10-15,131,Serie A Women,281,2023/2024,female,1076,Juventus W,3154,Sassuolo W,4,0,available,unscheduled,False,False
3912537,2024-02-03,131,Serie A Women,281,2023/2024,female,3154,Sassuolo W,3155,Napoli W,2,0,available,unscheduled,False,False
3912510,2023-11-25,131,Serie A Women,281,2023/2024,female,3144,FC Internazionale Milano W,3150,AC Milan W,1,0,available,unscheduled,False,False
3912512,2023-12-09,131,Serie A Women,281,2023/2024,female,3144,FC Internazionale Milano W,6757,Sampdoria W,1,1,available,unscheduled,False,False
3912505,2023-11-19,131,Serie A Women,281,2023/2024,female,1076,Juventus W,3144,FC Internazionale Milano W,5,0,available,unscheduled,False,False
3912536,2024-01-27,131,Serie A Women,281,2023/2024,female,3152,AS Roma W,6757,Sampdoria W,2,0,available,unscheduled,False,False
3912538,2024-02-04,131,Serie A Women,281,2023/2024,female,3152,AS Roma W,1076,Juventus W,3,1,available,unscheduled,False,False
3912535,2024-01-28,131,Serie A Women,281,2023/2024,female,6755,Pomigliano,3150,AC Milan W,0,0,available,unscheduled,False,False
3912519,2023-12-16,131,Serie A Women,281,2023/2024,female,3150,AC Milan W,3155,Napoli W,1,1,available,unscheduled,False,False
3912521,2023-12-18,131,Serie A Women,281,2023/2024,female,1086,Fiorentina W,3144,FC Internazionale Milano W,4,2,available,unscheduled,False,False
3912500,2023-11-11,131,Serie A Women,281,2023/2024,female,3150,AC Milan W,3154,Sassuolo W,1,1,available,unscheduled,False,False
3912513,2023-12-10,131,Serie A Women,281,2023/2024,female,3155,Napoli W,11558,Como W,0,0,available,unscheduled,False,False
3912503,2023-11-19,131,Serie A Women,281,2023/2024,female,6755,Pomigliano,3155,Napoli W,2,1,available,unscheduled,False,False
3912480,2023-10-08,131,Serie A Women,281,2023/2024,female,3154,Sassuolo W,3144,FC Internazionale Milano W,1,2,available,unscheduled,False,False
3912490,2023-10-22,131,Serie A Women,281,2023/2024,female,1086,Fiorentina W,1076,Juventus W,1,2,available,unscheduled,False,False
3912496,2023-11-05,131,Serie A Women,281,2023/2024,female,11558,Como W,3144,FC Internazionale Milano W,2,1,available,unscheduled,False,False
3912494,2023-11-05,131,Serie A Women,281,2023/2024,female,3155,Napoli W,3154,Sassuolo W,0,1,available,unscheduled,False,False
3912486,2023-10-15,131,Serie A Women,281,2023/2024,female,6755,Pomigliano,1086,Fiorentina W,1,4,available,unscheduled,False,False
3912477,2023-10-07,131,Serie A Women,281,2023/2024,female,6755,Pomigliano,3152,AS Roma W,0,5,available,unscheduled,False,False
3912478,2023-10-07,131,Serie A Women,281,2023/2024,female,6757,Sampdoria W,11558,Como W,1,2,available,unscheduled,False,False
3912485,2023-10-14,131,Serie A Women,281,2023/2024,female,3155,Napoli W,6757,Sampdoria W,0,2,available,unscheduled,False,False
3911873,2023-10-02,131,Serie A Women,281,2023/2024,female,3144,FC Internazionale Milano W,1086,Fiorentina W,1,1,available,unscheduled,False,False
3911871,2023-10-01,131,Serie A Women,281,2023/2024,female,3154,Sassuolo W,6755,Pomigliano,1,1,available,unscheduled,False,False
3912552,2024-02-17,131,Serie A Women,281,2023/2024,female,3154,Sassuolo W,6757,Sampdoria W,2,0,available,unscheduled,False,False
3912548,2024-02-15,131,Serie A Women,281,2023/2024,female,3155,Napoli W,6755,Pomigliano,2,0,available,unscheduled,False,False
3912546,2024-02-14,131,Serie A Women,281,2023/2024,female,3144,FC Internazionale Milano W,1076,Juventus W,0,2,available,unscheduled,False,False
3912544,2024-02-11,131,Serie A Women,281,2023/2024,female,1086,Fiorentina W,6757,Sampdoria W,2,1,available,unscheduled,False,False
3912541,2024-02-10,131,Serie A Women,281,2023/2024,female,3154,Sassuolo W,3150,AC Milan W,1,0,available,unscheduled,False,False
3912534,2024-01-27,131,Serie A Women,281,2023/2024,female,3155,Napoli W,3144,FC Internazionale Milano W,2,3,available,unscheduled,False,False
3912533,2024-01-29,131,Serie A Women,281,2023/2024,female,1076,Juventus W,1086,Fiorentina W,2,2,available,unscheduled,False,False
3912532,2024-01-28,131,Serie A Women,281,2023/2024,female,11558,Como W,3154,Sassuolo W,0,1,available,unscheduled,False,False
3912531,2024-01-21,131,Serie A Women,281,2023/2024,female,1086,Fiorentina W,6755,Pomigliano,3,1,available,unscheduled,False,False
3912526,2024-01-14,131,Serie A Women,281,2023/2024,female,11558,Como W,6757,Sampdoria W,0,1,available,unscheduled,False,False
3912523,2024-01-13,131,Serie A Women,281,2023/2024,female,3155,Napoli W,1086,Fiorentina W,2,4,available,unscheduled,False,False
3912522,2024-01-14,131,Serie A Women,281,2023/2024,female,3144,FC Internazionale Milano W,3154,Sassuolo W,0,1,available,unscheduled,False,False
3912520,2023-12-16,131,Serie A Women,281,2023/2024,female,6757,Sampdoria W,1076,Juventus W,1,0,available,unscheduled,False,False
3912517,2023-12-17,131,Serie A Women,281,2023/2024,female,6755,Pomigliano,3154,Sassuolo W,0,2,available,unscheduled,False,False
3912516,2023-12-09,131,Serie A Women,281,2023/2024,female,1076,Juventus W,6755,Pomigliano,4,0,available,unscheduled,False,False
3912508,2023-11-25,131,Serie A Women,281,2023/2024,female,11558,Como W,6755,Pomigliano,0,0,available,unscheduled,False,False
3912506,2023-11-18,131,Serie A Women,281,2023/2024,female,1086,Fiorentina W,11558,Como W,3,0,available,unscheduled,False,False
3912501,2023-11-12,131,Serie A Women,281,2023/2024,female,6757,Sampdoria W,1086,Fiorentina W,0,1,available,unscheduled,False,False
3912499,2023-11-12,131,Serie A Women,281,2023/2024,female,3144,FC Internazionale Milano W,6755,Pomigliano,2,1,available,unscheduled,False,False
3912498,2023-11-12,131,Serie A Women,281,2023/2024,female,11558,Como W,1076,Juventus W,0,3,available,unscheduled,False,False
3912497,2023-11-11,131,Serie A Women,281,2023/2024,female,3152,AS Roma W,3155,Napoli W,6,0,available,unscheduled,False,False
3912491,2023-10-21,131,Serie A Women,281,2023/2024,female,3154,Sassuolo W,11558,Como W,1,2,available,unscheduled,False,False
3912489,2023-10-21,131,Serie A Women,281,2023/2024,female,3144,FC Internazionale Milano W,3155,Napoli W,2,0,available,unscheduled,False,False
3912481,2023-10-08,131,Serie A Women,281,2023/2024,female,1086,Fiorentina W,3155,Napoli W,2,0,available,unscheduled,False,False
3911872,2023-10-01,131,Serie A Women,281,2023/2024,female,1076,Juventus W,6757,Sampdoria W,4,1,available,unscheduled,False,False
3910624,2023-09-17,131,Serie A Women,281,2023/2024,female,6757,Sampdoria W,3144,FC Internazionale Milano W,0,2,available,unscheduled,False,False
3910621,2023-09-16,131,Serie A Women,281,2023/2024,female,1086,Fiorentina W,3154,Sassuolo W,2,1,available,unscheduled,False,False
3910620,2023-09-17,131,Serie A Women,281,2023/2024,female,11558,Como W,3155,Napoli W,2,1,available,unscheduled,False,False
3930166,2024-06-18,55,UEFA Euro,282,2024,male,780,Portugal,912,Czech Republic,2,1,available,available,True,True
3930159,2024-06-15,55,UEFA Euro,282,2024,male,916,Hungary,773,Switzerland,1,3,available,available,True,True
3930163,2024-06-16,55,UEFA Euro,282,2024,male,786,Serbia,768,England,0,1,available,available,True,True
3930181,2024-06-25,55,UEFA Euro,282,2024,male,768,England,944,Slovenia,0,0,available,available,True,True
3930178,2024-06-24,55,UEFA Euro,282,2024,male,785,Croatia,914,Italy,1,1,available,available,True,True
3930160,2024-06-15,55,UEFA Euro,282,2024,male,772,Spain,785,Croatia,3,0,available,available,True,True
3930170,2024-06-20,55,UEFA Euro,282,2024,male,944,Slovenia,786,Serbia,1,1,available,available,True,True
3938643,2024-06-25,55,UEFA Euro,282,2024,male,771,France,789,Poland,1,1,available,available,True,True
3938641,2024-06-21,55,UEFA Euro,282,2024,male,789,Poland,915,Austria,1,3,available,available,True,True
3938642,2024-06-22,55,UEFA Euro,282,2024,male,2138,Georgia,912,Czech Republic,1,1,available,available,True,True
3938639,2024-06-18,55,UEFA Euro,282,2024,male,909,Turkey,2138,Georgia,3,1,available,available,True,True
3938638,2024-06-17,55,UEFA Euro,282,2024,male,905,Romania,911,Ukraine,3,0,available,available,True,True
3938640,2024-06-21,55,UEFA Euro,282,2024,male,908,Slovakia,911,Ukraine,1,2,available,available,True,True
3938637,2024-06-16,55,UEFA Euro,282,2024,male,789,Poland,941,Netherlands,1,2,available,available,True,True
3938644,2024-06-26,55,UEFA Euro,282,2024,male,2138,Georgia,780,Portugal,2,0,available,available,True,True
3941019,2024-07-01,55,UEFA Euro,282,2024,male,771,France,782,Belgium,1,0,available,available,True,True
3942227,2024-07-06,55,UEFA Euro,282,2024,male,768,England,773,Switzerland,1,1,available,available,True,True
3930174,2024-06-22,55,UEFA Euro,282,2024,male,909,Turkey,780,Portugal,0,3,available,available,True,True
3930162,2024-06-16,55,UEFA Euro,282,2024,male,944,Slovenia,776,Denmark,1,1,available,available,True,True
3930176,2024-06-23,55,UEFA Euro,282,2024,male,773,Switzerland,770,Germany,1,1,available,available,True,True
3930169,2024-06-19,55,UEFA Euro,282,2024,male,942,Scotland,773,Switzerland,1,1,available,available,True,True
3942819,2024-07-10,55,UEFA Euro,282,2024,male,941,Netherlands,768,England,1,2,available,available,True,True
3943043,2024-07-14,55,UEFA Euro,282,2024,male,772,Spain,768,England,2,1,available,available,True,True
3942752,2024-07-09,55,UEFA Euro,282,2024,male,772,Spain,771,France,2,1,available,available,True,True
3942382,2024-07-06,55,UEFA Euro,282,2024,male,941,Netherlands,909,Turkey,2,1,available,available,True,True
3942349,2024-07-05,55,UEFA Euro,282,2024,male,780,Portugal,771,France,0,0,available,available,True,True
3930180,2024-06-25,55,UEFA Euro,282,2024,male,941,Netherlands,915,Austria,2,3,available,available,True,True
3930171,2024-06-20,55,UEFA Euro,282,2024,male,776,Denmark,768,England,1,1,available,available,True,True
3942226,2024-07-05,55,UEFA Euro,282,2024,male,772,Spain,770,Germany,2,1,available,available,True,True
3938645,2024-06-26,55,UEFA Euro,282,2024,male,911,Ukraine,782,Belgium,0,0,available,available,True,True
3930184,2024-06-26,55,UEFA Euro,282,2024,male,912,Czech Republic,909,Turkey,1,2,available,available,True,True
3941022,2024-07-02,55,UEFA Euro,282,2024,male,915,Austria,909,Turkey,1,2,available,available,True,True
3941021,2024-07-02,55,UEFA Euro,282,2024,male,905,Romania,941,Netherlands,0,3,available,available,True,True
3941020,2024-07-01,55,UEFA Euro,282,2024,male,780,Portugal,944,Slovenia,0,0,available,available,True,True
3941018,2024-06-30,55,UEFA Euro,282,2024,male,772,Spain,2138,Georgia,4,1,available,available,True,True
3941017,2024-06-30,55,UEFA Euro,282,2024,male,768,England,908,Slovakia,2,1,available,available,True,True
3930182,2024-06-25,55,UEFA Euro,282,2024,male,776,Denmark,786,Serbia,0,0,available,available,True,True
3930179,2024-06-24,55,UEFA Euro,282,2024,male,906,Albania,772,Spain,0,1,available,available,True,True
3940983,2024-06-29,55,UEFA Euro,282,2024,male,770,Germany,776,Denmark,2,0,available,available,True,True
3940878,2024-06-29,55,UEFA Euro,282,2024,male,773,Switzerland,914,Italy,2,0,available,available,True,True
3930177,2024-06-23,55,UEFA Euro,282,2024,male,942,Scotland,916,Hungary,0,1,available,available,True,True
3930173,2024-06-21,55,UEFA Euro,282,2024,male,941,Netherlands,771,France,0,0,available,available,True,True
3930172,2024-06-20,55,UEFA Euro,282,2024,male,772,Spain,914,Italy,1,0,available,available,True,True
3930167,2024-06-19,55,UEFA Euro,282,2024,male,785,Croatia,906,Albania,2,2,available,available,True,True
3930168,2024-06-19,55,UEFA Euro,282,2024,male,770,Germany,916,Hungary,2,0,available,available,True,True
3930165,2024-06-17,55,UEFA Euro,282,2024,male,915,Austria,771,France,0,1,available,available,True,True
3930164,2024-06-17,55,UEFA Euro,282,2024,male,782,Belgium,908,Slovakia,0,1,available,available,True,True
3930161,2024-06-15,55,UEFA Euro,282,2024,male,914,Italy,906,Albania,2,1,available,available,True,True
3930183,2024-06-26,55,UEFA Euro,282,2024,male,908,Slovakia,905,Romania,1,1,available,available,True,True
3930175,2024-06-22,55,UEFA Euro,282,2024,male,782,Belgium,905,Romania,2,0,available,available,True,True
3930158,2024-06-14,55,UEFA Euro,282,2024,male,770,Germany,942,Scotland,5,1,available,available,True,True
3788758,2021-06-17,55,UEFA Euro,43,2020,male,911,Ukraine,2358,North Macedonia,2,1,available,available,True,True
3788773,2021-06-23,55,UEFA Euro,43,2020,male,780,Portugal,771,France,2,2,available,available,True,True
3788765,2021-06-20,55,UEFA Euro,43,2020,male,773,Switzerland,909,Turkey,3,1,available,available,True,True
3788761,2021-06-18,55,UEFA Euro,43,2020,male,790,Sweden,908,Slovakia,1,0,available,available,True,True
3788760,2021-06-18,55,UEFA Euro,43,2020,male,785,Croatia,912,Czech Republic,1,1,available,available,True,True
3795108,2021-07-02,55,UEFA Euro,43,2020,male,773,Switzerland,772,Spain,1,1,available,available,True,True
3794687,2021-06-27,55,UEFA Euro,43,2020,male,782,Belgium,780,Portugal,1,0,available,available,True,True
3794690,2021-06-27,55,UEFA Euro,43,2020,male,941,Netherlands,912,Czech Republic,0,2,available,available,True,True
3794685,2021-06-26,55,UEFA Euro,43,2020,male,914,Italy,915,Austria,2,1,available,available,True,True
3794692,2021-06-29,55,UEFA Euro,43,2020,male,790,Sweden,911,Ukraine,1,2,available,available,True,True
3794689,2021-06-26,55,UEFA Euro,43,2020,male,907,Wales,776,Denmark,0,4,available,available,True,True
3795107,2021-07-02,55,UEFA Euro,43,2020,male,782,Belgium,914,Italy,1,2,available,available,True,True
3795187,2021-07-03,55,UEFA Euro,43,2020,male,911,Ukraine,768,England,0,4,available,available,True,True
3795220,2021-07-06,55,UEFA Euro,43,2020,male,914,Italy,772,Spain,1,1,available,available,True,True
3794686,2021-06-28,55,UEFA Euro,43,2020,male,785,Croatia,772,Spain,3,5,available,available,True,True
3788763,2021-06-19,55,UEFA Euro,43,2020,male,916,Hungary,771,France,1,1,available,available,True,True
3795506,2021-07-11,55,UEFA Euro,43,2020,male,914,Italy,768,England,1,1,available,available,True,True
3788769,2021-06-21,55,UEFA Euro,43,2020,male,796,Russia,776,Denmark,1,4,available,available,True,True
3788766,2021-06-20,55,UEFA Euro,43,2020,male,914,Italy,907,Wales,1,0,available,available,True,True
3788764,2021-06-19,55,UEFA Euro,43,2020,male,780,Portugal,770,Germany,2,4,available,available,True,True
3788755,2021-06-16,55,UEFA Euro,43,2020,male,909,Turkey,907,Wales,0,2,available,available,True,True
3788754,2021-06-16,55,UEFA Euro,43,2020,male,914,Italy,773,Switzerland,3,0,available,available,True,True
3788762,2021-06-19,55,UEFA Euro,43,2020,male,772,Spain,789,Poland,1,1,available,available,True,True
3788747,2021-06-13,55,UEFA Euro,43,2020,male,915,Austria,2358,North Macedonia,3,1,available,available,True,True
3788741,2021-06-11,55,UEFA Euro,43,2020,male,909,Turkey,914,Italy,0,3,available,available,True,True
3795109,2021-07-03,55,UEFA Euro,43,2020,male,912,Czech Republic,776,Denmark,1,2,available,available,True,True
3788770,2021-06-21,55,UEFA Euro,43,2020,male,2358,North Macedonia,941,Netherlands,0,3,available,available,True,True
3794688,2021-06-29,55,UEFA Euro,43,2020,male,768,England,770,Germany,2,0,available,available,True,True
3788774,2021-06-23,55,UEFA Euro,43,2020,male,770,Germany,916,Hungary,2,2,available,available,True,True
3788771,2021-06-22,55,UEFA Euro,43,2020,male,785,Croatia,942,Scotland,3,1,available,available,True,True
3788772,2021-06-22,55,UEFA Euro,43,2020,male,912,Czech Republic,768,England,0,1,available,available,True,True
3788768,2021-06-21,55,UEFA Euro,43,2020,male,1835,Finland,782,Belgium,0,2,available,available,True,True
3788767,2021-06-21,55,UEFA Euro,43,2020,male,911,Ukraine,915,Austria,0,1,available,available,True,True
3788753,2021-06-16,55,UEFA Euro,43,2020,male,1835,Finland,796,Russia,0,1,available,available,True,True
3788759,2021-06-18,55,UEFA Euro,43,2020,male,768,England,942,Scotland,0,0,available,available,True,True
3788757,2021-06-17,55,UEFA Euro,43,2020,male,776,Denmark,782,Belgium,1,2,available,available,True,True
3788745,2021-06-13,55,UEFA Euro,43,2020,male,768,England,785,Croatia,1,0,available,available,True,True
3795221,2021-07-07,55,UEFA Euro,43,2020,male,768,England,776,Denmark,2,1,available,available,True,True
3788746,2021-06-13,55,UEFA Euro,43,2020,male,941,Netherlands,911,Ukraine,3,2,available,available,True,True
3794691,2021-06-28,55,UEFA Euro,43,2020,male,771,France,773,Switzerland,3,3,available,available,True,True
3788756,2021-06-17,55,UEFA Euro,43,2020,male,941,Netherlands,915,Austria,2,0,available,available,True,True
3788749,2021-06-14,55,UEFA Euro,43,2020,male,789,Poland,908,Slovakia,1,2,available,available,True,True
3788750,2021-06-14,55,UEFA Euro,43,2020,male,772,Spain,790,Sweden,0,0,available,available,True,True
3788748,2021-06-14,55,UEFA Euro,43,2020,male,942,Scotland,912,Czech Republic,0,2,available,available,True,True
3788751,2021-06-15,55,UEFA Euro,43,2020,male,771,France,770,Germany,1,0,available,available,True,True
3788752,2021-06-15,55,UEFA Euro,43,2020,male,916,Hungary,780,Portugal,0,3,available,available,True,True
3788742,2021-06-12,55,UEFA Euro,43,2020,male,776,Denmark,1835,Finland,0,1,available,available,True,True
3788775,2021-06-23,55,UEFA Euro,43,2020,male,908,Slovakia,772,Spain,0,5,available,available,True,True
3788776,2021-06-23,55,UEFA Euro,43,2020,male,790,Sweden,789,Poland,3,2,available,available,True,True
3788743,2021-06-12,55,UEFA Euro,43,2020,male,782,Belgium,796,Russia,3,0,available,available,True,True
3788744,2021-06-12,55,UEFA Euro,43,2020,male,907,Wales,773,Switzerland,1,1,available,available,True,True
3887188,1989-05-03,35,UEFA Europa League,75,1988/1989,male,227,Napoli,174,VfB Stuttgart,2,1,available,unscheduled,False,False
3750244,1989-04-05,35,UEFA Europa League,75,1988/1989,male,227,Napoli,169,Bayern Munich,2,0,available,scheduled,False,False
3750245,1989-03-15,35,UEFA Europa League,75,1988/1989,male,227,Napoli,1076,Juventus W,3,0,available,scheduled,False,False
3998853,2025-07-10,53,UEFA Women's Euro,315,2025,female,852,Norway Women's,862,Iceland Women's,4,3,available,available,True,True
3998838,2025-07-03,53,UEFA Women's Euro,315,2025,female,854,Belgium Women's,855,Italy Women's,0,1,available,available,True,True
3998841,2025-07-04,53,UEFA Women's Euro,315,2025,female,853,Denmark Women's,858,Sweden Women's,0,1,available,available,True,True
3998837,2025-07-02,53,UEFA Women's Euro,315,2025,female,860,Switzerland Women's,852,Norway Women's,1,2,available,available,True,True
4020846,2025-07-27,53,UEFA Women's Euro,315,2025,female,865,England Women's,863,Spain Women's,1,1,available,available,True,True
4020077,2025-07-23,53,UEFA Women's Euro,315,2025,female,857,Germany Women's,863,Spain Women's,0,1,available,available,True,True
4020005,2025-07-22,53,UEFA Women's Euro,315,2025,female,865,England Women's,855,Italy Women's,2,1,available,available,True,True
4018357,2025-07-19,53,UEFA Women's Euro,315,2025,female,861,France Women's,857,Germany Women's,1,1,available,available,True,True
4018356,2025-07-18,53,UEFA Women's Euro,315,2025,female,863,Spain Women's,860,Switzerland Women's,2,0,available,available,True,True
4018355,2025-07-17,53,UEFA Women's Euro,315,2025,female,858,Sweden Women's,865,England Women's,2,2,available,available,True,True
4018354,2025-07-16,53,UEFA Women's Euro,315,2025,female,852,Norway Women's,855,Italy Women's,1,2,available,available,True,True
3998858,2025-07-13,53,UEFA Women's Euro,315,2025,female,865,England Women's,2456,Wales W,6,1,available,available,True,True
3998859,2025-07-13,53,UEFA Women's Euro,315,2025,female,851,Netherlands Women's,861,France Women's,2,5,available,available,True,True
3998857,2025-07-12,53,UEFA Women's Euro,315,2025,female,29167,Poland Women's,853,Denmark Women's,3,2,available,available,True,True
3998856,2025-07-12,53,UEFA Women's Euro,315,2025,female,858,Sweden Women's,857,Germany Women's,4,1,available,available,True,True
3998855,2025-07-11,53,UEFA Women's Euro,315,2025,female,855,Italy Women's,863,Spain Women's,1,3,available,available,True,True
3998854,2025-07-11,53,UEFA Women's Euro,315,2025,female,864,Portugal Women's,854,Belgium Women's,1,2,available,available,True,True
3998852,2025-07-10,53,UEFA Women's Euro,315,2025,female,920,WNT Finland,860,Switzerland Women's,1,1,available,available,True,True
3998851,2025-07-09,53,UEFA Women's Euro,315,2025,female,865,England Women's,851,Netherlands Women's,4,0,available,available,True,True
3998850,2025-07-09,53,UEFA Women's Euro,315,2025,female,861,France Women's,2456,Wales W,4,1,available,available,True,True
3998848,2025-07-08,53,UEFA Women's Euro,315,2025,female,29167,Poland Women's,858,Sweden Women's,0,3,available,available,True,True
3998849,2025-07-08,53,UEFA Women's Euro,315,2025,female,857,Germany Women's,853,Denmark Women's,2,1,available,available,True,True
3998846,2025-07-07,53,UEFA Women's Euro,315,2025,female,864,Portugal Women's,855,Italy Women's,1,1,available,available,True,True
3998847,2025-07-07,53,UEFA Women's Euro,315,2025,female,863,Spain Women's,854,Belgium Women's,6,2,available,available,True,True
3998844,2025-07-06,53,UEFA Women's Euro,315,2025,female,860,Switzerland Women's,862,Iceland Women's,2,0,available,available,True,True
3998845,2025-07-06,53,UEFA Women's Euro,315,2025,female,852,Norway Women's,920,WNT Finland,2,1,available,available,True,True
3998842,2025-07-05,53,UEFA Women's Euro,315,2025,female,2456,Wales W,851,Netherlands Women's,0,3,available,available,True,True
3998843,2025-07-05,53,UEFA Women's Euro,315,2025,female,861,France Women's,865,England Women's,2,1,available,available,True,True
3998840,2025-07-04,53,UEFA Women's Euro,315,2025,female,857,Germany Women's,29167,Poland Women's,2,0,available,available,True,True
3998839,2025-07-03,53,UEFA Women's Euro,315,2025,female,863,Spain Women's,864,Portugal Women's,5,0,available,available,True,True
3998836,2025-07-02,53,UEFA Women's Euro,315,2025,female,862,Iceland Women's,920,WNT Finland,0,1,available,available,True,True
3835320,2022-07-07,53,UEFA Women's Euro,106,2022,female,852,Norway Women's,2457,Northern Ireland W,4,1,available,available,True,True
3835326,2022-07-10,53,UEFA Women's Euro,106,2022,female,854,Belgium Women's,862,Iceland Women's,1,1,available,available,True,True
3835324,2022-07-09,53,UEFA Women's Euro,106,2022,female,851,Netherlands Women's,858,Sweden Women's,1,1,available,available,True,True
3835336,2022-07-15,53,UEFA Women's Euro,106,2022,female,859,Austria Women's,852,Norway Women's,1,0,available,available,True,True
3835334,2022-07-14,53,UEFA Women's Euro,106,2022,female,855,Italy Women's,862,Iceland Women's,1,1,available,available,True,True
3844386,2022-07-22,53,UEFA Women's Euro,106,2022,female,858,Sweden Women's,854,Belgium Women's,1,0,available,available,True,True
3835327,2022-07-11,53,UEFA Women's Euro,106,2022,female,865,England Women's,852,Norway Women's,8,0,available,available,True,True
3835330,2022-07-12,53,UEFA Women's Euro,106,2022,female,857,Germany Women's,863,Spain Women's,2,0,available,available,True,True
3844385,2022-07-21,53,UEFA Women's Euro,106,2022,female,857,Germany Women's,859,Austria Women's,2,0,available,available,True,True
3835339,2022-07-17,53,UEFA Women's Euro,106,2022,female,860,Switzerland Women's,851,Netherlands Women's,1,4,available,available,True,True
3835331,2022-07-13,53,UEFA Women's Euro,106,2022,female,858,Sweden Women's,860,Switzerland Women's,2,1,available,available,True,True
3845507,2022-07-27,53,UEFA Women's Euro,106,2022,female,857,Germany Women's,861,France Women's,2,1,available,available,True,True
3835321,2022-07-08,53,UEFA Women's Euro,106,2022,female,863,Spain Women's,920,WNT Finland,4,1,available,available,True,True
3844384,2022-07-20,53,UEFA Women's Euro,106,2022,female,865,England Women's,863,Spain Women's,2,1,available,available,True,True
3847567,2022-07-31,53,UEFA Women's Euro,106,2022,female,865,England Women's,857,Germany Women's,2,1,available,available,True,True
3845506,2022-07-26,53,UEFA Women's Euro,106,2022,female,865,England Women's,858,Sweden Women's,4,0,available,available,True,True
3835335,2022-07-15,53,UEFA Women's Euro,106,2022,female,2457,Northern Ireland W,865,England Women's,0,5,available,available,True,True
3835323,2022-07-09,53,UEFA Women's Euro,106,2022,female,864,Portugal Women's,860,Switzerland Women's,2,2,available,available,True,True
3835325,2022-07-10,53,UEFA Women's Euro,106,2022,female,861,France Women's,855,Italy Women's,5,1,available,available,True,True
3844387,2022-07-23,53,UEFA Women's Euro,106,2022,female,861,France Women's,851,Netherlands Women's,1,0,available,available,True,True
3835342,2022-07-18,53,UEFA Women's Euro,106,2022,female,862,Iceland Women's,861,France Women's,1,1,available,available,True,True
3835337,2022-07-16,53,UEFA Women's Euro,106,2022,female,853,Denmark Women's,863,Spain Women's,0,1,available,available,True,True
3835338,2022-07-16,53,UEFA Women's Euro,106,2022,female,920,WNT Finland,857,Germany Women's,0,3,available,available,True,True
3835329,2022-07-12,53,UEFA Women's Euro,106,2022,female,853,Denmark Women's,920,WNT Finland,1,0,available,available,True,True
3835322,2022-07-08,53,UEFA Women's Euro,106,2022,female,857,Germany Women's,853,Denmark Women's,4,0,available,available,True,True
3835332,2022-07-13,53,UEFA Women's Euro,106,2022,female,851,Netherlands Women's,864,Portugal Women's,3,2,available,available,True,True
3835341,2022-07-18,53,UEFA Women's Euro,106,2022,female,855,Italy Women's,854,Belgium Women's,0,1,available,available,True,True
3835340,2022-07-17,53,UEFA Women's Euro,106,2022,female,858,Sweden Women's,864,Portugal Women's,5,0,available,available,True,True
3835328,2022-07-11,53,UEFA Women's Euro,106,2022,female,859,Austria Women's,2457,Northern Ireland W,2,0,available,available,True,True
3835333,2022-07-14,53,UEFA Women's Euro,106,2022,female,861,France Women's,854,Belgium Women's,2,1,available,available,True,True
3835319,2022-07-06,53,UEFA Women's Euro,106,2022,female,865,England Women's,859,Austria Women's,1,0,available,available,True,True
3893834,2023-08-03,72,Women's World Cup,107,2023,female,2391,Morocco Women's,16802,Colombia Women's,1,0,available,available,True,True
3893808,2023-07-27,72,Women's World Cup,107,2023,female,1214,United States Women's,851,Netherlands Women's,1,1,available,available,True,True
3893818,2023-07-30,72,Women's World Cup,107,2023,female,857,Germany Women's,16802,Colombia Women's,1,2,available,available,True,True
3893795,2023-07-22,72,Women's World Cup,107,2023,female,853,Denmark Women's,1207,China PR Women's,1,0,available,available,True,True
3893825,2023-08-01,72,Women's World Cup,107,2023,female,2355,Haiti Women's,853,Denmark Women's,0,2,available,available,True,True
3893798,2023-07-23,72,Women's World Cup,107,2023,female,861,France Women's,1212,Jamaica Women's,0,0,available,available,True,True
3893832,2023-08-02,72,Women's World Cup,107,2023,female,1212,Jamaica Women's,1203,Brazil Women's,0,0,available,available,True,True
3893829,2023-08-02,72,Women's World Cup,107,2023,female,16803,Panama Women's,861,France Women's,3,6,available,available,True,True
3893805,2023-07-26,72,Women's World Cup,107,2023,female,1210,Japan Women's,1832,Costa Rica Women's,2,0,available,available,True,True
3901734,2023-08-05,72,Women's World Cup,107,2023,female,1210,Japan Women's,852,Norway Women's,3,1,available,available,True,True
3893802,2023-07-25,72,Women's World Cup,107,2023,female,16802,Colombia Women's,1211,Korea Republic Women's,2,0,available,available,True,True
3893799,2023-07-24,72,Women's World Cup,107,2023,female,857,Germany Women's,2391,Morocco Women's,6,0,available,available,True,True
3893824,2023-07-31,72,Women's World Cup,107,2023,female,16768,Republic of Ireland Women's,1213,Nigeria Women's,0,0,available,available,True,True
3893827,2023-08-01,72,Women's World Cup,107,2023,female,16769,Vietnam Women's,851,Netherlands Women's,0,7,available,available,True,True
3893819,2023-07-30,72,Women's World Cup,107,2023,female,1211,Korea Republic Women's,2391,Morocco Women's,0,1,available,available,True,True
3893815,2023-07-29,72,Women's World Cup,107,2023,female,861,France Women's,1203,Brazil Women's,2,1,available,available,True,True
3893800,2023-07-24,72,Women's World Cup,107,2023,female,855,Italy Women's,1204,Argentina Women's,1,0,available,available,True,True
3893816,2023-07-29,72,Women's World Cup,107,2023,female,16803,Panama Women's,1212,Jamaica Women's,0,1,available,available,True,True
3893830,2023-08-02,72,Women's World Cup,107,2023,female,1204,Argentina Women's,858,Sweden Women's,0,2,available,available,True,True
3893833,2023-08-03,72,Women's World Cup,107,2023,female,1211,Korea Republic Women's,857,Germany Women's,1,1,available,available,True,True
3901833,2023-08-08,72,Women's World Cup,107,2023,female,861,France Women's,2391,Morocco Women's,4,0,available,available,True,True
3901736,2023-08-07,72,Women's World Cup,107,2023,female,1205,Australia Women's,853,Denmark Women's,2,0,available,available,True,True
3902968,2023-08-12,72,Women's World Cup,107,2023,female,1205,Australia Women's,861,France Women's,0,0,available,available,True,True
3893793,2023-07-22,72,Women's World Cup,107,2023,female,6045,Zambia W,1210,Japan Women's,0,5,available,available,True,True
3893826,2023-08-01,72,Women's World Cup,107,2023,female,864,Portugal Women's,1214,United States Women's,0,0,available,available,True,True
3893823,2023-07-31,72,Women's World Cup,107,2023,female,1832,Costa Rica Women's,6045,Zambia W,1,3,available,available,True,True
3893813,2023-07-28,72,Women's World Cup,107,2023,female,1207,China PR Women's,2355,Haiti Women's,1,0,available,available,True,True
3893790,2023-07-21,72,Women's World Cup,107,2023,female,1213,Nigeria Women's,1206,Canada Women's,0,0,available,available,True,True
3893796,2023-07-23,72,Women's World Cup,107,2023,female,858,Sweden Women's,1216,South Africa Women's,2,1,available,available,True,True
3893831,2023-08-02,72,Women's World Cup,107,2023,female,1216,South Africa Women's,855,Italy Women's,3,2,available,available,True,True
3906390,2023-08-20,72,Women's World Cup,107,2023,female,863,Spain Women's,865,England Women's,1,0,available,available,True,True
3893804,2023-07-25,72,Women's World Cup,107,2023,female,860,Switzerland Women's,852,Norway Women's,0,0,available,available,True,True
3893791,2023-07-21,72,Women's World Cup,107,2023,female,863,Spain Women's,1832,Costa Rica Women's,3,0,available,available,True,True
3901733,2023-08-05,72,Women's World Cup,107,2023,female,860,Switzerland Women's,863,Spain Women's,1,5,available,available,True,True
3893810,2023-07-27,72,Women's World Cup,107,2023,female,864,Portugal Women's,16769,Vietnam Women's,2,0,available,available,True,True
3893787,2023-07-20,72,Women's World Cup,107,2023,female,1215,New Zealand Women's,852,Norway Women's,1,0,available,available,True,True
3893820,2023-07-30,72,Women's World Cup,107,2023,female,852,Norway Women's,1106,Philippines Women's,6,0,available,available,True,True
3893817,2023-07-30,72,Women's World Cup,107,2023,female,860,Switzerland Women's,1215,New Zealand Women's,0,0,available,available,True,True
3904629,2023-08-16,72,Women's World Cup,107,2023,female,1205,Australia Women's,865,England Women's,1,3,available,available,True,True
3906389,2023-08-19,72,Women's World Cup,107,2023,female,858,Sweden Women's,1205,Australia Women's,2,0,available,available,True,True
3893821,2023-07-31,72,Women's World Cup,107,2023,female,1206,Canada Women's,1205,Australia Women's,0,4,available,available,True,True
3904628,2023-08-15,72,Women's World Cup,107,2023,female,863,Spain Women's,858,Sweden Women's,2,1,available,available,True,True
3893806,2023-07-26,72,Women's World Cup,107,2023,female,863,Spain Women's,6045,Zambia W,5,0,available,available,True,True
3893801,2023-07-24,72,Women's World Cup,107,2023,female,1203,Brazil Women's,16803,Panama Women's,4,0,available,available,True,True
3893797,2023-07-23,72,Women's World Cup,107,2023,female,851,Netherlands Women's,864,Portugal Women's,1,0,available,available,True,True
3893822,2023-07-31,72,Women's World Cup,107,2023,female,1210,Japan Women's,863,Spain Women's,4,0,available,available,True,True
3893814,2023-07-29,72,Women's World Cup,107,2023,female,858,Sweden Women's,855,Italy Women's,5,0,available,available,True,True
3901832,2023-08-08,72,Women's World Cup,107,2023,female,16802,Colombia Women's,1212,Jamaica Women's,1,0,available,available,True,True
3902967,2023-08-12,72,Women's World Cup,107,2023,female,865,England Women's,16802,Colombia Women's,2,1,available,available,True,True
3901797,2023-08-06,72,Women's World Cup,107,2023,female,858,Sweden Women's,1214,United States Women's,0,0,available,available,True,True
3901796,2023-08-06,72,Women's World Cup,107,2023,female,851,Netherlands Women's,1216,South Africa Women's,2,0,available,available,True,True
3902240,2023-08-11,72,Women's World Cup,107,2023,female,863,Spain Women's,851,Netherlands Women's,2,1,available,available,True,True
3902239,2023-08-11,72,Women's World Cup,107,2023,female,1210,Japan Women's,858,Sweden Women's,1,2,available,available,True,True
3901735,2023-08-07,72,Women's World Cup,107,2023,female,865,England Women's,1213,Nigeria Women's,0,0,available,available,True,True
3893811,2023-07-28,72,Women's World Cup,107,2023,female,865,England Women's,853,Denmark Women's,1,0,available,available,True,True
3893812,2023-07-28,72,Women's World Cup,107,2023,female,1204,Argentina Women's,1216,South Africa Women's,2,2,available,available,True,True
3893809,2023-07-27,72,Women's World Cup,107,2023,female,1205,Australia Women's,1213,Nigeria Women's,2,3,available,available,True,True
3893807,2023-07-26,72,Women's World Cup,107,2023,female,1206,Canada Women's,16768,Republic of Ireland Women's,2,1,available,available,True,True
3893788,2023-07-20,72,Women's World Cup,107,2023,female,1205,Australia Women's,16768,Republic of Ireland Women's,1,0,available,available,True,True
3893789,2023-07-21,72,Women's World Cup,107,2023,female,1106,Philippines Women's,860,Switzerland Women's,0,2,available,available,True,True
3893794,2023-07-22,72,Women's World Cup,107,2023,female,865,England Women's,2355,Haiti Women's,1,0,available,available,True,True
3893792,2023-07-22,72,Women's World Cup,107,2023,female,1214,United States Women's,16769,Vietnam Women's,3,0,available,available,True,True
3893828,2023-08-01,72,Women's World Cup,107,2023,female,1207,China PR Women's,865,England Women's,1,6,available,available,True,True
3893803,2023-07-25,72,Women's World Cup,107,2023,female,1215,New Zealand Women's,1106,Philippines Women's,0,1,available,available,True,True
69284,2019-07-03,72,Women's World Cup,30,2019,female,851,Netherlands Women's,858,Sweden Women's,1,0,available,scheduled,False,False
68312,2019-06-18,72,Women's World Cup,30,2019,female,855,Italy Women's,1203,Brazil Women's,0,1,available,scheduled,False,False
69163,2019-06-24,72,Women's World Cup,30,2019,female,858,Sweden Women's,1206,Canada Women's,1,0,available,scheduled,False,False
22964,2019-06-15,72,Women's World Cup,30,2019,female,851,Netherlands Women's,1208,Cameroon W,3,1,available,scheduled,False,False
69301,2019-07-06,72,Women's World Cup,30,2019,female,865,England Women's,858,Sweden Women's,1,2,available,scheduled,False,False
22963,2019-06-14,72,Women's World Cup,30,2019,female,1212,Jamaica Women's,855,Italy Women's,0,5,available,scheduled,False,False
69137,2019-06-23,72,Women's World Cup,30,2019,female,861,France Women's,1203,Brazil Women's,2,1,available,scheduled,False,False
68355,2019-06-22,72,Women's World Cup,30,2019,female,857,Germany Women's,1213,Nigeria Women's,3,0,available,scheduled,False,False
68357,2019-06-22,72,Women's World Cup,30,2019,female,852,Norway Women's,1205,Australia Women's,1,1,available,scheduled,False,False
22973,2019-06-16,72,Women's World Cup,30,2019,female,858,Sweden Women's,1107,Thailand W,5,1,available,scheduled,False,False
68346,2019-06-20,72,Women's World Cup,30,2019,female,1208,Cameroon W,1215,New Zealand Women's,2,1,available,scheduled,False,False
22983,2019-06-17,72,Women's World Cup,30,2019,female,1207,China PR Women's,863,Spain Women's,0,0,available,scheduled,False,False
69208,2019-06-29,72,Women's World Cup,30,2019,female,857,Germany Women's,858,Sweden Women's,1,2,available,scheduled,False,False
22949,2019-06-12,72,Women's World Cup,30,2019,female,857,Germany Women's,863,Spain Women's,1,0,available,scheduled,False,False
69321,2019-07-07,72,Women's World Cup,30,2019,female,1214,United States Women's,851,Netherlands Women's,2,0,available,scheduled,False,False
22943,2019-06-11,72,Women's World Cup,30,2019,female,1214,United States Women's,1107,Thailand W,13,0,available,scheduled,False,False
68362,2019-06-23,72,Women's World Cup,30,2019,female,865,England Women's,1208,Cameroon W,3,0,available,scheduled,False,False
68343,2019-06-20,72,Women's World Cup,30,2019,female,1107,Thailand W,1209,Chile Women's,0,2,available,scheduled,False,False
68311,2019-06-18,72,Women's World Cup,30,2019,female,1212,Jamaica Women's,1205,Australia Women's,1,4,available,scheduled,False,False
22980,2019-06-17,72,Women's World Cup,30,2019,female,1213,Nigeria Women's,861,France Women's,0,1,available,scheduled,False,False
69202,2019-06-28,72,Women's World Cup,30,2019,female,861,France Women's,1214,United States Women's,1,2,available,scheduled,False,False
69258,2019-07-02,72,Women's World Cup,30,2019,female,865,England Women's,1214,United States Women's,1,2,available,scheduled,False,False
22948,2019-06-12,72,Women's World Cup,30,2019,female,861,France Women's,852,Norway Women's,2,1,available,scheduled,False,False
22966,2019-06-15,72,Women's World Cup,30,2019,female,1206,Canada Women's,1215,New Zealand Women's,2,0,available,scheduled,False,False
22961,2019-06-14,72,Women's World Cup,30,2019,female,1210,Japan Women's,866,Scotland W,2,1,available,scheduled,False,False
22955,2019-06-13,72,Women's World Cup,30,2019,female,1205,Australia Women's,1203,Brazil Women's,3,2,available,scheduled,False,False
69188,2019-06-25,72,Women's World Cup,30,2019,female,851,Netherlands Women's,1210,Japan Women's,2,1,available,scheduled,False,False
69191,2019-06-25,72,Women's World Cup,30,2019,female,855,Italy Women's,1207,China PR Women's,2,0,available,scheduled,False,False
68344,2019-06-20,72,Women's World Cup,30,2019,female,851,Netherlands Women's,1206,Canada Women's,2,1,available,scheduled,False,False
22962,2019-06-14,72,Women's World Cup,30,2019,female,865,England Women's,1204,Argentina Women's,1,0,available,scheduled,False,False
68338,2019-06-19,72,Women's World Cup,30,2019,female,866,Scotland W,1204,Argentina Women's,3,3,available,scheduled,False,False
22936,2019-06-09,72,Women's World Cup,30,2019,female,865,England Women's,866,Scotland W,2,1,available,scheduled,False,False
22926,2019-06-08,72,Women's World Cup,30,2019,female,857,Germany Women's,1207,China PR Women's,1,0,available,scheduled,False,False
22944,2019-06-11,72,Women's World Cup,30,2019,female,1209,Chile Women's,858,Sweden Women's,0,2,available,scheduled,False,False
22933,2019-06-09,72,Women's World Cup,30,2019,female,1205,Australia Women's,855,Italy Women's,1,2,available,scheduled,False,False
22940,2019-06-10,72,Women's World Cup,30,2019,female,1204,Argentina Women's,1210,Japan Women's,0,0,available,scheduled,False,False
22945,2019-06-12,72,Women's World Cup,30,2019,female,1213,Nigeria Women's,1211,Korea Republic Women's,2,0,available,scheduled,False,False
22956,2019-06-13,72,Women's World Cup,30,2019,female,1216,South Africa Women's,1207,China PR Women's,0,1,available,scheduled,False,False
68345,2019-06-20,72,Women's World Cup,30,2019,female,858,Sweden Women's,1214,United States Women's,0,2,available,scheduled,False,False
68337,2019-06-19,72,Women's World Cup,30,2019,female,1210,Japan Women's,865,England Women's,0,2,available,scheduled,False,False
22981,2019-06-17,72,Women's World Cup,30,2019,female,1211,Korea Republic Women's,852,Norway Women's,1,2,available,scheduled,False,False
22974,2019-06-16,72,Women's World Cup,30,2019,female,1214,United States Women's,1209,Chile Women's,3,0,available,scheduled,False,False
22924,2019-06-08,72,Women's World Cup,30,2019,female,852,Norway Women's,1213,Nigeria Women's,3,0,available,scheduled,False,False
22921,2019-06-07,72,Women's World Cup,30,2019,female,861,France Women's,1211,Korea Republic Women's,4,0,available,scheduled,False,False
22930,2019-06-08,72,Women's World Cup,30,2019,female,863,Spain Women's,1216,South Africa Women's,3,1,available,scheduled,False,False
22934,2019-06-09,72,Women's World Cup,30,2019,female,1203,Brazil Women's,1212,Jamaica Women's,3,0,available,scheduled,False,False
22939,2019-06-10,72,Women's World Cup,30,2019,female,1206,Canada Women's,1208,Cameroon W,1,0,available,scheduled,False,False
22942,2019-06-11,72,Women's World Cup,30,2019,female,1215,New Zealand Women's,851,Netherlands Women's,0,1,available,scheduled,False,False
22984,2019-06-17,72,Women's World Cup,30,2019,female,1216,South Africa Women's,857,Germany Women's,0,4,available,scheduled,False,False
69199,2019-06-27,72,Women's World Cup,30,2019,female,852,Norway Women's,865,England Women's,0,3,available,scheduled,False,False
69205,2019-06-29,72,Women's World Cup,30,2019,female,855,Italy Women's,851,Netherlands Women's,0,2,available,scheduled,False,False
69161,2019-06-24,72,Women's World Cup,30,2019,female,863,Spain Women's,1214,United States Women's,1,2,available,scheduled,False,False
